timestamp,input_id,cpu_raw_before,cpu_ema_before,mem_raw_before,mem_ema_before,temp_before,cpu_raw_after,cpu_ema_after,mem_raw_after,mem_ema_after,temp_after,chosen_action,model_used,predicted_class,label,confidence,latency_ms,ground_truth,reward
1783698962.604211,0,4.1,4.1,49.1,49.1,53.85,1.0,3.1699999999999995,49.1,49.099999999999994,53.85,0,fp32,0,tench,0.762,11.18,tench,0.8882
1783698965.865326,1,10.2,5.278999999999999,49.1,49.099999999999994,53.85,7.1,5.825299999999999,49.1,49.099999999999994,53.85,0,fp32,0,tench,0.8943,7.38,tench,0.9262
1783698969.1370955,2,3.0,4.977709999999998,49.1,49.099999999999994,53.85,2.5,4.234396999999999,49.1,49.099999999999994,53.85,0,fp32,0,tench,0.9366,10.31,tench,0.8969
1783698972.4083188,3,3.5,4.014077899999999,48.9,49.03999999999999,53.85,3.0,3.7098545299999994,48.9,48.99799999999999,53.85,0,fp32,0,tench,0.9557,7.56,tench,0.9244
1783698975.681364,4,5.1,4.126898170999999,48.7,48.90859999999999,53.85,3.5,3.938828719699999,48.7,48.84601999999999,53.85,0,fp32,0,tench,0.8085,8.02,tench,0.9198
1783698978.9547658,5,4.6,4.13718010379,48.7,48.80221399999999,53.85,2.5,3.6460260726529996,48.7,48.77154979999999,53.85,0,fp32,217,English springer,0.2901,10.38,English springer,0.8962
1783698982.2218504,6,3.0,3.4522182508570993,31.3,43.53008485999999,53.85,5.1,3.946552775599969,25.9,38.24105940199999,53.85,0,fp32,217,English springer,0.3843,7.32,English springer,0.9268
1783698985.4735093,7,8.6,5.3425869429199775,31.2,36.12874158139999,54.85,7.7,6.0498108600439835,31.5,34.74011910697999,54.85,0,fp32,217,English springer,0.0751,7.16,English springer,0.9284
1783698988.7510817,8,4.1,5.464867602030788,30.7,33.52808337488599,54.85,3.5,4.875407321421552,30.7,32.67965836242019,54.85,0,fp32,215,Brittany spaniel,0.1431,11.64,English springer,-0.1164
1783698992.0318825,9,4.1,4.642785124995085,31.1,32.20576085369413,54.85,2.5,3.9999495874965594,31.1,31.874032597585888,54.85,0,fp32,217,English springer,0.5382,8.96,English springer,0.9104
1783698995.2964025,10,9.1,5.529964711247592,32.3,32.00182281831012,54.85,10.1,6.900975297873314,32.4,32.12127597281708,54.85,0,fp32,482,cassette player,0.5997,9.08,cassette player,0.9092
1783698998.5782862,11,2.5,5.580682708511319,32.8,32.324893180971955,54.85,2.0,4.506477895957923,32.8,32.46742522668036,54.85,0,fp32,848,tape player,0.7176,9.2,cassette player,-0.092
1783699001.8486302,12,9.6,6.034534527170546,33.8,32.867197658676254,54.85,6.1,6.054174169019382,33.9,33.17703836107338,54.85,0,fp32,482,cassette player,0.5429,8.56,cassette player,0.9144
1783699005.1123636,13,4.0,5.437921918313568,33.7,33.33392685275137,54.85,5.6,5.486545342819497,33.6,33.41374879692596,54.85,0,fp32,482,cassette player,0.1619,7.72,cassette player,0.9228
1783699008.389921,14,1.0,4.140581739973648,33.5,33.439624157848165,54.85,0.0,2.8984072179815534,33.5,33.457736910493715,54.85,0,fp32,818,spotlight,0.4148,9.24,cassette player,-0.09240000000000001
1783699011.6506464,15,5.1,3.558885052587087,33.3,33.410415837345596,54.85,4.6,3.871219536810961,33.4,33.40729108614191,54.85,0,fp32,795,ski,0.2617,7.84,chain saw,-0.0784
1783699014.8862836,16,2.5,3.4598536757676723,33.3,33.37510376029934,54.85,6.1,4.25189757303737,33.3,33.35257263220953,54.85,0,fp32,491,chain saw,0.7581,7.26,chain saw,0.9274
1783699018.1645038,17,1.0,3.2763283011261586,33.0,33.24680084254667,54.85,1.0,2.5934298107883107,33.0,33.17276058978267,54.85,0,fp32,802,snowmobile,0.0861,7.4,chain saw,-0.07400000000000001
1783699021.438922,18,6.1,3.6454008675518175,33.0,33.120932412847864,54.85,2.5,3.301780607286272,33.0,33.0846526889935,54.85,0,fp32,491,chain saw,0.6289,9.22,chain saw,0.9077999999999999
1783699024.7217128,19,1.0,2.61124642510039,32.7,32.96925688229545,54.85,1.0,2.127872497570273,32.7,32.888479817606814,54.85,0,fp32,491,chain saw,0.3559,8.4,chain saw,0.916
1783699027.9888253,20,4.5,2.839510748299191,32.6,32.80193587232477,54.85,4.1,3.217657523809433,32.7,32.77135511062734,54.85,0,fp32,554,fireboat,0.1381,9.55,church,-0.09550000000000002
1783699031.2739255,21,1.5,2.702360266666603,32.8,32.779948577439136,54.85,1.0,2.191652186666622,32.8,32.78596400420739,54.85,0,fp32,663,monastery,0.3477,12.93,church,-0.1293
1783699034.551632,22,1.0,1.8341565306666354,26.0,30.750174802945175,54.85,1.0,1.5839095714666447,26.0,29.32512236206162,54.85,0,fp32,497,church,0.518,7.92,church,0.9208
1783699037.8346367,23,0.0,1.1087367000266513,25.9,28.297585653443132,54.85,0.5,0.9261156900186559,25.9,27.57830995741019,54.85,0,fp32,406,altar,0.7162,7.95,church,-0.0795
1783699041.1137135,24,1.0,0.9482809830130592,25.8,27.044816970187135,54.85,0.0,0.6637966881091414,25.8,26.671371879130994,54.85,0,fp32,884,vault,0.1841,9.62,church,-0.0962
1783699044.395542,25,0.0,0.4646576816763989,25.6,26.349960315391694,54.85,0.5,0.47526037717347924,25.7,26.154972220774184,54.85,0,fp32,729,plate rack,0.1872,8.87,French horn,-0.08869999999999999
1783699047.6743782,26,0.0,0.33268226402143547,25.6,25.988480554541926,54.85,0.5,0.3828775848150048,25.6,25.871936388179346,54.85,0,fp32,691,oxygen mask,0.1954,11.6,French horn,-0.11599999999999999
1783699050.9511702,27,0.5,0.4180143093705033,25.6,25.79035547172554,54.85,0.5,0.4426100165593523,25.6,25.733248830207877,54.85,0,fp32,566,French horn,0.9461,8.77,French horn,0.9123
1783699054.2298155,28,0.5,0.4598270115915466,25.6,25.69327418114551,54.85,0.0,0.3218789081140826,25.6,25.665291926801856,54.85,0,fp32,875,trombone,0.2696,7.97,French horn,-0.0797
1783699057.5053353,29,0.0,0.2253152356798578,25.6,25.6457043487613,54.85,0.5,0.30772066497590045,25.6,25.63199304413291,54.85,0,fp32,513,cornet,0.2775,9.01,French horn,-0.0901
1783699060.7848358,30,0.0,0.2154044654831303,25.6,25.622395130893036,54.85,0.5,0.3007831258381912,25.6,25.615676591625125,54.85,0,fp32,867,trailer truck,0.5809,9.88,garbage truck,-0.09880000000000001
1783699064.0600035,31,1.0,0.5105481880867339,25.6,25.610973614137585,54.85,0.0,0.3573837316607137,25.6,25.607681529896308,54.85,0,fp32,569,garbage truck,0.72,7.7,garbage truck,0.923
1783699067.3379273,32,3.5,1.3001686121624996,25.6,25.605377070927414,54.85,0.5,1.0601180285137497,25.6,25.60376394964919,54.85,0,fp32,675,moving van,0.513,7.7,garbage truck,-0.077
1783699070.6129022,33,0.0,0.7420826199596248,25.6,25.60263476475443,54.85,0.0,0.5194578339717373,25.6,25.6018443353281,54.85,0,fp32,569,garbage truck,0.7944,8.68,garbage truck,0.9132
1783699073.8892848,34,0.5,0.5136204837802161,25.6,25.60129103472967,54.85,0.5,0.5095343386461513,25.6,25.60090372431077,54.85,0,fp32,867,trailer truck,0.3995,8.34,garbage truck,-0.0834
1783699077.1655698,35,0.5,0.5066740370523058,25.6,25.600632607017538,54.85,2.5,1.104671825936614,25.6,25.600442824912275,54.85,0,fp32,571,gas pump,0.4306,8.14,gas pump,0.9186
1783699080.4437382,36,0.5,0.9232702781556298,25.6,25.60030997743859,54.85,0.5,0.7962891947089409,25.6,25.600216984207012,54.85,0,fp32,856,thresher,0.188,8.36,gas pump,-0.0836
1783699083.72055,37,0.5,0.7074024362962587,25.6,25.600151888944907,54.85,0.0,0.49518170540738105,25.6,25.600106322261432,54.85,0,fp32,706,patio,0.2122,8.51,gas pump,-0.0851
1783699086.9986234,38,1.0,0.6466271937851666,25.6,25.600074425583,54.85,0.0,0.4526390356496166,25.6,25.600052097908097,54.85,0,fp32,571,gas pump,0.2132,8.49,gas pump,0.9151
1783699090.2782786,39,1.0,0.6168473249547316,25.6,25.600036468535667,54.85,0.5,0.5817931274683121,25.6,25.600025527974964,54.85,0,fp32,453,bookcase,0.2548,9.97,gas pump,-0.09970000000000001
1783699093.5542283,40,0.0,0.40725518922781845,25.6,25.600017869582473,54.85,0.0,0.2850786324594729,25.6,25.600012508707728,54.85,0,fp32,772,safety pin,0.2579,9.38,golf ball,-0.09380000000000001
1783699096.8306787,41,0.5,0.349555042721631,25.6,25.60000875609541,54.85,0.0,0.2446885299051417,25.6,25.600006129266784,54.85,0,fp32,574,golf ball,0.3281,8.03,golf ball,0.9197
1783699100.1111765,42,0.0,0.17128197093359918,25.6,25.600004290486748,54.85,0.0,0.11989737965351942,25.6,25.60000300334072,54.85,0,fp32,574,golf ball,0.9775,7.94,golf ball,0.9206
1783699103.388254,43,1.0,0.3839281657574636,25.6,25.600002102338504,54.85,0.5,0.4187497160302245,25.6,25.60000147163695,54.85,0,fp32,574,golf ball,0.604,8.48,golf ball,0.9152
1783699106.6649997,44,1.0,0.5931248012211572,25.6,25.600001030145865,54.85,1.0,0.71518736085481,25.6,25.600000721102106,54.85,0,fp32,574,golf ball,0.8822,8.27,golf ball,0.9173
1783699109.943087,45,1.0,0.8006311525983669,25.6,25.600000504771472,54.85,0.5,0.7104418068188568,25.6,25.60000035334003,54.85,0,fp32,701,parachute,0.8955,7.74,parachute,0.9226
1783699113.2231324,46,0.5,0.6473092647731997,25.6,25.60000024733802,54.85,1.5,0.9031164853412397,25.6,25.600000173136614,54.85,0,fp32,403,aircraft carrier,0.1905,7.87,parachute,-0.0787
1783699116.4978013,47,0.5,0.7821815397388677,25.6,25.600000121195627,54.85,0.0,0.5475270778172073,25.6,25.60000008483694,54.85,0,fp32,701,parachute,0.9528,8.02,parachute,0.9198
1783699119.77708,48,0.0,0.3832689544720451,25.6,25.600000059385856,54.85,1.0,0.5682882681304315,25.6,25.600000041570098,54.85,0,fp32,701,parachute,0.8659,7.84,parachute,0.9216
1783699123.0536702,49,1.0,0.6978017876913021,25.6,25.600000029099068,54.85,0.0,0.48846125138391144,25.6,25.600000020369347,54.85,0,fp32,701,parachute,0.4111,7.14,parachute,0.9286
1783699126.3284042,50,1.0,0.641922875968738,25.6,25.60000001425854,54.85,0.0,0.44934601317811657,25.6,25.600000009980977,54.85,0,fp32,0,tench,0.762,7.84,tench,0.9216
1783699129.607072,51,1.0,0.6145422092246815,25.6,25.600000006986683,54.85,0.5,0.580179546457277,25.6,25.600000004890678,54.85,0,fp32,0,tench,0.8943,7.92,tench,0.9208
1783699132.8863504,52,0.5,0.5561256825200939,25.6,25.600000003423474,54.85,0.5,0.5392879777640657,25.6,25.60000000239643,54.85,0,fp32,0,tench,0.9366,9.0,tench,0.91
1783699136.167677,53,1.0,0.677501584434846,25.6,25.6000000016775,54.85,0.5,0.6242511091043922,25.6,25.600000001174248,54.85,0,fp32,0,tench,0.9557,8.15,tench,0.9185
1783699139.449345,54,0.5,0.5869757763730745,25.6,25.60000000082197,54.85,0.0,0.4108830434611521,25.6,25.600000000575378,54.85,0,fp32,0,tench,0.8085,8.06,tench,0.9194
1783699142.729095,55,0.5,0.4376181304228065,25.6,25.600000000402762,54.85,0.0,0.3063326912959645,25.6,25.60000000028193,54.85,0,fp32,217,English springer,0.2901,7.63,English springer,0.9237
1783699146.0091014,56,1.0,0.5144328839071751,25.4,25.540000000197352,54.85,0.0,0.36010301873502254,25.4,25.49800000013814,54.85,0,fp32,217,English springer,0.3843,7.51,English springer,0.9249
1783699149.2870204,57,1.0,0.5520721131145158,25.4,25.4686000000967,53.85,0.0,0.386450479180161,25.4,25.448020000067686,53.85,0,fp32,217,English springer,0.0751,7.3,English springer,0.927
1783699152.5665843,58,0.5,0.42051533542611264,25.4,25.433614000047378,53.85,0.5,0.44436073479827887,25.4,25.423529800033165,53.85,0,fp32,215,Brittany spaniel,0.1431,7.17,English springer,-0.0717
1783699155.8434052,59,1.0,0.6110525143587952,25.4,25.41647086002321,53.85,0.5,0.5777367600511566,25.4,25.411529602016245,53.85,0,fp32,217,English springer,0.5382,6.89,English springer,0.9311
1783699159.1202676,60,1.0,0.7044157320358095,25.4,25.40807072141137,53.85,0.0,0.49309101242506664,25.4,25.405649504987956,53.85,0,fp32,482,cassette player,0.5997,8.62,cassette player,0.9138
1783699162.349369,61,17.8,5.685163708697546,29.2,26.543954653491568,53.85,22.1,10.609614596088282,29.7,27.490768257444095,53.85,0,fp32,848,tape player,0.7176,8.1,cassette player,-0.081
1783699165.59579,62,8.1,9.856730217261795,30.8,28.483537780210867,53.85,5.1,8.429711152083255,30.8,29.178476446147606,53.85,0,fp32,482,cassette player,0.5429,9.62,cassette player,0.9038
1783699168.8461552,63,8.6,8.480797806458279,31.2,29.784933512303322,53.85,10.1,8.966558464520794,31.4,30.269453458612325,53.85,0,fp32,482,cassette player,0.1619,7.09,cassette player,0.9291
1783699172.1166437,64,5.1,7.806590925164555,31.9,30.758617421028625,53.85,2.0,6.064613647615188,31.9,31.101032194720034,53.85,0,fp32,818,spotlight,0.4148,9.6,cassette player,-0.096
1783699175.3940723,65,3.6,5.325229553330631,31.5,31.22072253630402,53.85,4.0,4.927660687331442,31.5,31.304505775412814,53.85,0,fp32,795,ski,0.2617,8.53,chain saw,-0.0853
1783699178.665372,66,2.0,4.049362481132009,31.3,31.303154042788968,53.85,2.0,3.4345537367924064,31.3,31.302207829952277,53.85,0,fp32,491,chain saw,0.7581,8.2,chain saw,0.918
1783699181.9436207,67,2.5,3.1541876157546844,31.1,31.241545480966593,53.85,2.0,2.807931331028279,31.1,31.199081836676612,53.85,0,fp32,802,snowmobile,0.0861,9.47,chain saw,-0.0947
1783699185.2200825,68,1.5,2.4155519317197953,31.0,31.139357285673626,53.85,2.0,2.2908863522038567,31.0,31.097550099971535,53.85,0,fp32,491,chain saw,0.6289,8.95,chain saw,0.9105
1783699188.465292,69,9.1,4.3336204465426995,31.0,31.06828506998007,53.85,7.1,5.163534312579889,31.1,31.07779954898605,53.85,0,fp32,491,chain saw,0.3559,7.4,chain saw,0.9259999999999999
1783699191.7458632,70,2.0,4.214474018805922,31.0,31.05445968429023,53.85,2.0,3.5501318131641453,31.0,31.038121779003156,53.85,0,fp32,554,fireboat,0.1381,7.7,church,-0.077
1783699195.0328453,71,2.5,3.2350922692149013,31.1,31.056685245302205,53.85,1.5,2.714564588450431,31.0,31.03967967171154,53.85,0,fp32,663,monastery,0.3477,9.62,church,-0.0962
1783699198.29756,72,7.2,4.0601952119153015,31.0,31.027775770198076,53.85,4.6,4.222136648340711,31.0,31.01944303913865,53.85,0,fp32,497,church,0.518,7.96,church,0.9204
1783699201.576731,73,2.0,3.5554956538384976,30.9,30.983610127397053,53.85,1.5,2.9388469576869483,30.9,30.958527089177934,53.85,0,fp32,406,altar,0.7162,8.84,church,-0.0884
1783699204.8597176,74,5.1,3.5871928703808633,31.5,31.120968962424552,53.85,3.6,3.591035009266604,31.6,31.264678273697186,53.85,0,fp32,884,vault,0.1841,10.18,church,-0.1018
1783699208.1450872,75,0.5,2.6637245064866226,31.8,31.425274791588027,53.85,0.5,2.0146071545406357,31.8,31.537692354111616,53.85,0,fp32,729,plate rack,0.1872,9.39,French horn,-0.09390000000000001
1783699211.4092536,76,3.0,2.3102250081784446,31.9,31.64638464787813,53.85,0.5,1.767157505724911,32.0,31.75246925351469,53.85,0,fp32,691,oxygen mask,0.1954,6.6,French horn,-0.066
1783699214.6931002,77,1.5,1.6870102540074374,31.8,31.76672847746028,53.85,0.5,1.330907177805206,31.8,31.776709934222193,53.85,0,fp32,566,French horn,0.9461,10.78,French horn,0.8922
1783699217.964804,78,0.0,0.9316350244636441,31.7,31.753696953955533,53.85,0.0,0.6521445171245508,31.7,31.737587867768873,53.85,0,fp32,875,trombone,0.2696,8.72,French horn,-0.08720000000000001
1783699221.2439816,79,0.5,0.6065011619871855,31.7,31.72631150743821,53.85,0.5,0.5745508133910299,31.7,31.718418055206747,53.85,0,fp32,513,cornet,0.2775,8.99,French horn,-0.08990000000000001
1783699224.5114083,80,0.5,0.5521855693737209,31.7,31.712892638644725,53.85,1.0,0.6865298985616046,31.7,31.709024847051303,53.85,0,fp32,867,trailer truck,0.5809,11.56,garbage truck,-0.11560000000000001
1783699227.7846634,81,0.5,0.6305709289931232,31.6,31.67631739293591,53.85,0.5,0.5913996502951862,31.6,31.653422175055137,53.85,0,fp32,569,garbage truck,0.72,7.61,garbage truck,0.9238999999999999
1783699231.0614781,82,0.5,0.5639797552066302,31.6,31.637395522538597,53.85,1.0,0.6947858286446411,31.6,31.626176865777015,53.85,0,fp32,675,moving van,0.513,8.52,garbage truck,-0.0852
1783699234.338948,83,1.0,0.7863500800512487,31.5,31.58832380604391,53.85,1.0,0.8504450560358741,31.5,31.561826664230736,53.85,0,fp32,569,garbage truck,0.7944,8.63,garbage truck,0.9137
1783699237.6166158,84,1.0,0.8953115392251119,31.5,31.543278664961512,53.85,0.5,0.7767180774575783,31.5,31.530295065473055,53.85,0,fp32,867,trailer truck,0.3995,9.4,garbage truck,-0.094
1783699240.8928564,85,0.0,0.5437026542203047,31.5,31.521206545831138,53.85,0.0,0.3805918579542133,31.5,31.514844582081796,53.85,0,fp32,571,gas pump,0.4306,8.58,gas pump,0.9142
1783699244.169609,86,0.5,0.41641430056794926,31.5,31.510391207457257,53.85,0.0,0.29149001039756445,31.5,31.507273845220077,53.85,0,fp32,856,thresher,0.188,8.22,gas pump,-0.08220000000000001
1783699247.4459665,87,1.0,0.5040430072782951,31.4,31.47509169165405,53.85,0.0,0.35283010509480656,31.4,31.452564184157836,53.85,0,fp32,706,patio,0.2122,6.84,gas pump,-0.0684
1783699250.7202187,88,0.0,0.24698107356636456,31.4,31.436794928910487,53.85,0.0,0.1728867514964552,31.4,31.425756450237337,53.85,0,fp32,571,gas pump,0.2132,7.91,gas pump,0.9209
1783699253.9824731,89,1.0,0.4210207260475186,31.4,31.418029515166133,53.85,1.0,0.594714508233263,31.4,31.41262066061629,53.85,0,fp32,453,bookcase,0.2548,7.31,gas pump,-0.0731
1783699257.2636595,90,1.0,0.716300155763284,31.3,31.378834462431403,53.85,1.5,0.9514101090342987,31.3,31.35518412370198,53.85,0,fp32,772,safety pin,0.2579,7.95,golf ball,-0.0795
1783699260.538275,91,2.6,1.445987076324009,31.3,31.338628886591387,53.85,0.5,1.1621909534268062,31.3,31.32704022061397,53.85,0,fp32,574,golf ball,0.3281,7.45,golf ball,0.9255
1783699263.8146055,92,0.0,0.8135336673987643,31.3,31.318928154429777,53.85,0.5,0.719473567179135,31.3,31.313249708100845,53.85,0,fp32,574,golf ball,0.9775,8.79,golf ball,0.9121
1783699267.0948012,93,0.0,0.5036314970253944,31.3,31.30927479567059,53.85,1.0,0.6525420479177761,31.3,31.30649235696941,53.85,0,fp32,574,golf ball,0.604,7.88,golf ball,0.9212
1783699270.3509154,94,2.5,1.2067794335424433,31.3,31.304544649878586,53.85,3.5,1.8947456034797103,31.3,31.30318125491501,53.85,0,fp32,574,golf ball,0.8822,7.17,golf ball,0.9283
1783699273.6250608,95,1.0,1.6263219224357972,31.3,31.302226878440507,53.85,0.5,1.2884253457050578,31.3,31.301558814908354,53.85,0,fp32,701,parachute,0.8955,8.52,parachute,0.9148000000000001
1783699276.9048467,96,1.0,1.2018977419935404,31.4,31.331091170435847,53.85,1.0,1.1413284193954782,31.4,31.35176381930509,53.85,0,fp32,403,aircraft carrier,0.1905,7.94,parachute,-0.07940000000000001
1783699280.1755872,97,5.6,2.4789298935768347,31.6,31.426234673513562,53.85,3.5,2.7852509255037843,31.6,31.478364271459494,53.85,0,fp32,701,parachute,0.9528,8.14,parachute,0.9186
1783699283.453799,98,0.5,2.099675647852649,31.6,31.514854990021647,53.85,1.0,1.769772953496854,31.6,31.54039849301515,53.85,0,fp32,701,parachute,0.8659,8.1,parachute,0.919
1783699286.7330704,99,0.5,1.3888410674477976,31.6,31.558278945110604,53.85,0.5,1.1221887472134582,31.6,31.570795261577423,53.85,0,fp32,701,parachute,0.4111,8.26,parachute,0.9174
1783699290.0046778,100,4.5,2.1355321230494204,31.6,31.579556683104194,53.85,5.1,3.024872486134594,31.6,31.585689678172933,53.85,0,fp32,0,tench,0.762,9.82,tench,0.9017999999999999
1783699293.2884166,101,0.5,2.2674107402942156,31.6,31.58998277472105,53.85,0.5,1.7371875182059509,31.6,31.592987942304735,53.85,0,fp32,0,tench,0.8943,8.31,tench,0.9169
1783699296.566181,102,0.0,1.2160312627441656,31.6,31.595091559613312,53.85,0.0,0.8512218839209159,31.6,31.596564091729316,53.85,0,fp32,0,tench,0.9366,9.13,tench,0.9087
1783699299.8402138,103,0.5,0.7458553187446412,31.6,31.59759486421052,53.85,2.5,1.2720987231212488,31.6,31.598316404947365,53.85,0,fp32,0,tench,0.9557,7.83,tench,0.9217
1783699303.1159353,104,0.0,0.8904691061848741,31.7,31.628821483463156,53.85,0.5,0.7733283743294118,31.7,31.65017503842421,53.85,0,fp32,0,tench,0.8085,7.98,tench,0.9202
1783699306.39085,105,0.0,0.5413298620305882,31.6,31.635122526896946,53.85,0.0,0.3789309034214117,31.6,31.624585768827863,53.85,0,fp32,217,English springer,0.2901,7.9,English springer,0.921
1783699309.65521,106,0.0,0.26525163239498817,31.6,31.617210038179504,53.85,0.0,0.1856761426764917,31.6,31.61204702672565,53.85,0,fp32,217,English springer,0.3843,7.85,English springer,0.9215
1783699312.9179413,107,0.0,0.1299732998735442,31.6,31.608432918707955,53.85,0.0,0.09098130991148093,31.6,31.605903043095566,53.85,0,fp32,217,English springer,0.0751,7.85,English springer,0.9215
1783699316.1991565,108,0.5,0.21368691693803665,31.6,31.604132130166896,53.85,0.0,0.14958084185662565,31.6,31.602892491116826,53.85,0,fp32,215,Brittany spaniel,0.1431,9.73,English springer,-0.09730000000000001
1783699319.4788396,109,0.0,0.10470658929963796,31.4,31.542024743781774,53.85,0.0,0.07329461250974656,31.4,31.49941732064724,53.85,0,fp32,217,English springer,0.5382,7.74,English springer,0.9226
1783699322.758371,110,0.0,0.051306228756822586,31.4,31.469592124453065,53.85,0.0,0.03591436012977581,31.4,31.448714487117144,53.85,0,fp32,482,cassette player,0.5997,8.24,cassette player,0.9176
1783699326.0247898,111,0.5,0.17514005209084305,31.4,31.434100140981997,53.85,0.0,0.12259803646359012,31.4,31.423870098687395,53.85,0,fp32,848,tape player,0.7176,8.07,cassette player,-0.08070000000000001
1783699329.3042703,112,0.5,0.23581862552451308,31.4,31.416709069081172,53.85,0.0,0.16507303786715916,31.4,31.41169634835682,53.85,0,fp32,482,cassette player,0.5429,8.24,cassette player,0.9176
1783699332.5868115,113,0.0,0.1155511265070114,31.4,31.40818744384977,53.85,0.0,0.08088578855490797,31.4,31.40573121069484,53.85,0,fp32,482,cassette player,0.1619,9.93,cassette player,0.9007000000000001
1783699335.864183,114,0.5,0.20662005198843558,31.4,31.404011847486387,53.85,0.0,0.1446340363919049,31.4,31.40280829324047,53.85,0,fp32,818,spotlight,0.4148,10.07,cassette player,-0.10070000000000001
1783699339.1392274,115,1.0,0.4012438254743334,31.3,31.371965805268328,53.85,1.0,0.5808706778320334,31.3,31.35037606368783,53.85,0,fp32,795,ski,0.2617,7.59,chain saw,-0.0759
1783699342.4115005,116,2.0,1.0066094744824232,32.0,31.545263244581477,53.85,2.0,1.3046266321376963,32.1,31.711684271207034,53.85,0,fp32,491,chain saw,0.7581,7.26,chain saw,0.9274
1783699345.6611676,117,8.7,3.5232386424963873,34.3,32.488178989844926,53.85,11.7,5.97626704974747,34.4,33.061725292891445,53.85,0,fp32,802,snowmobile,0.0861,6.82,chain saw,-0.06820000000000001
1783699348.9078655,118,28.1,12.613386934823229,34.6,33.523207705024014,53.85,44.2,22.08937085437626,34.6,33.84624539351681,53.85,0,fp32,491,chain saw,0.6289,7.97,chain saw,0.9203
1783699352.1801467,119,40.3,27.55255959806338,34.5,34.04237177546177,53.85,42.2,31.946791718644363,34.4,34.14966024282323,53.85,0,fp32,491,chain saw,0.3559,20.71,chain saw,0.7928999999999999
1783699355.4513204,120,41.3,34.752754203051055,34.2,34.16476216997626,53.85,42.7,37.136927942135735,34.2,34.17533351898338,53.85,1,int8,562,fountain,0.125,17.04,church,-0.1704
1783699358.726532,121,40.0,37.995849559495014,34.0,34.12273346328836,53.85,40.7,38.80709469164651,34.0,34.08591342430185,53.85,1,int8,663,monastery,0.4258,16.92,church,-0.16920000000000002
1783699362.0023823,122,44.6,40.54496628415256,34.4,34.180139397011295,53.85,49.2,43.14147639890679,34.5,34.276097577907905,53.85,1,int8,497,church,0.5547,17.82,church,0.8218
1783699365.2724965,123,40.5,42.34903347923475,34.7,34.40326830453553,53.85,40.7,41.85432343546432,34.6,34.46228781317487,53.85,1,int8,406,altar,0.6016,17.29,church,-0.1729
1783699368.5423613,124,40.2,41.358026404825026,34.7,34.533601469222404,53.85,40.0,40.95061848337751,34.7,34.58352102845568,53.85,1,int8,687,organ,0.2422,16.68,church,-0.1668
1783699371.8132203,125,40.7,40.875432938364256,34.4,34.52846471991897,53.85,40.5,40.76280305685498,34.4,34.48992530394328,53.85,1,int8,518,crash helmet,0.125,17.94,French horn,-0.1794
1783699375.0832684,126,41.7,41.04396213979848,34.4,34.4629477127603,53.85,42.3,41.42077349785893,34.4,34.44406339893221,53.85,1,int8,691,oxygen mask,0.1523,16.95,French horn,-0.16949999999999998
1783699378.3530068,127,40.8,41.23454144850125,34.4,34.43084437925254,53.85,42.0,41.46417901395087,34.3,34.391591065476774,53.85,1,int8,566,French horn,0.8789,16.74,French horn,0.8326
1783699381.6271684,128,40.3,41.1149253097656,34.3,34.36411374583374,53.85,40.2,40.84044771683592,34.3,34.34487962208362,53.85,1,int8,513,cornet,0.3359,17.21,French horn,-0.1721
1783699384.9037354,129,40.5,40.73831340178514,34.2,34.301415735458534,53.85,40.5,40.666819381249596,34.2,34.27099101482097,53.85,1,int8,513,cornet,0.2969,17.55,French horn,-0.17550000000000002
1783699388.1779816,130,42.2,41.12677356687472,34.3,34.27969371037467,53.85,42.5,41.5387414968123,34.3,34.28578559726227,53.85,1,int8,867,trailer truck,0.707,17.92,garbage truck,-0.17920000000000003
1783699391.4535706,131,42.5,41.827119047768605,34.3,34.29004991808358,53.85,42.5,42.02898333343802,34.3,34.29303494265851,53.85,1,int8,569,garbage truck,0.7227,17.12,garbage truck,0.8288
1783699394.7311332,132,42.7,42.23028833340661,34.2,34.26512445986096,53.85,43.7,42.67120183338463,34.2,34.245587121902666,53.85,1,int8,675,moving van,0.5586,17.5,garbage truck,-0.17500000000000002
1783699398.010452,133,42.3,42.55984128336924,34.3,34.261910985331866,53.85,40.5,41.941888898358464,34.3,34.2733376897323,53.85,1,int8,569,garbage truck,0.625,17.66,garbage truck,0.8234
1783699401.286315,134,40.2,41.41932222885092,34.2,34.25133638281261,53.85,40.7,41.203525560195644,34.2,34.23593546796882,53.85,1,int8,867,trailer truck,0.5859,17.15,garbage truck,-0.17149999999999999
1783699404.5431683,135,47.0,42.942467892136946,34.3,34.255154827578174,53.85,50.0,45.059727524495855,34.3,34.26860837930472,53.85,1,int8,480,cash machine,0.4414,5.62,gas pump,-0.0562
1783699407.821103,136,40.8,43.781809267147096,34.3,34.2780258655133,53.85,40.2,42.70726648700297,34.3,34.28461810585931,53.85,1,int8,856,thresher,0.1953,17.0,gas pump,-0.17
1783699411.0931559,137,40.5,42.045086540902076,34.1,34.22923267410151,53.85,42.7,42.24156057863145,34.1,34.190462871871055,53.85,1,int8,424,barbershop,0.2617,17.81,gas pump,-0.17809999999999998
1783699414.3647337,138,40.5,41.71909240504201,34.2,34.19332401030974,52.85,42.7,42.01336468352941,34.2,34.195326807216816,52.85,1,int8,860,tobacco shop,0.2148,17.62,gas pump,-0.17620000000000002
1783699417.634971,139,46.2,43.269355278470584,34.2,34.196728765051766,52.85,46.7,44.29854869492941,34.3,34.227710135536235,52.85,1,int8,453,bookcase,0.2695,17.63,gas pump,-0.17629999999999998
1783699420.9091532,140,47.2,45.168984086450585,34.9,34.42939709487536,52.85,45.8,45.3582888605154,34.9,34.570577966412756,52.85,1,int8,772,safety pin,0.2422,18.18,golf ball,-0.1818
1783699424.181616,141,40.5,43.90080220236078,34.4,34.519404576488924,52.85,40.4,42.850561541652546,34.4,34.483583203542246,52.85,1,int8,574,golf ball,0.2266,17.84,golf ball,0.8216
1783699427.441671,142,40.2,42.05539307915678,34.1,34.36850824247957,52.85,40.2,41.498775155409746,34.1,34.2879557697357,52.85,1,int8,574,golf ball,0.9648,17.58,golf ball,0.8242
1783699430.6880643,143,40.5,41.19914260878682,33.9,34.171569038814994,52.85,40.7,41.049399826150776,34.0,34.120098327170496,52.85,1,int8,574,golf ball,0.7109,5.55,golf ball,0.9445
1783699433.9589152,144,40.5,40.884579878305544,33.9,34.05406882901934,52.85,40.7,40.82920591481388,33.9,34.00784818031354,52.85,1,int8,574,golf ball,0.8516,17.28,golf ball,0.8271999999999999
1783699437.2339303,145,40.8,40.820444140369716,33.5,33.85549372621947,52.85,42.8,41.4143108982588,33.5,33.748845608353626,52.85,1,int8,701,parachute,0.6211,17.38,parachute,0.8262
1783699440.511596,146,40.2,41.050017628781156,33.5,33.67419192584754,52.85,40.5,40.88501234014681,33.5,33.621934348093276,52.85,1,int8,403,aircraft carrier,0.1797,18.06,parachute,-0.18059999999999998
1783699443.7856438,147,40.0,40.619508638102765,33.5,33.58535404366529,52.85,40.5,40.58365604667193,33.5,33.5597478305657,52.85,1,int8,701,parachute,0.9727,17.69,parachute,0.8230999999999999
1783699447.0650308,148,47.0,42.50855923267035,33.8,33.63182348139598,52.85,48.7,44.365991462869246,33.8,33.68227643697718,52.85,1,int8,701,parachute,0.918,19.84,parachute,0.8016
1783699450.34352,149,40.2,43.11619402400847,33.8,33.717593505884025,52.85,40.2,42.24133581680593,33.8,33.74231545411882,52.85,1,int8,879,umbrella,0.4453,17.84,parachute,-0.1784
1783699453.6152303,150,41.0,41.86893507176415,33.5,33.66962081788317,52.85,40.5,41.458254550234905,33.6,33.648734572518215,52.85,1,int8,0,tench,0.7852,17.78,tench,0.8222
1783699456.8879333,151,40.7,41.23077818516443,33.5,33.60411420076275,52.85,40.3,40.9515447296151,33.5,33.57287994053392,52.85,1,int8,0,tench,0.7617,18.1,tench,0.819
1783699460.1624236,152,46.7,42.67608131073057,33.5,33.551015958373746,52.85,44.9,43.3432569175114,33.5,33.53571117086162,52.85,1,int8,0,tench,0.8984,17.51,tench,0.8249
1783699463.4221492,153,40.7,42.55027984225798,33.8,33.61499781960313,52.85,43.2,42.745195889580586,33.9,33.70049847372219,52.85,1,int8,0,tench,0.9531,17.96,tench,0.8204
1783699466.6940615,154,41.5,42.3716371227064,34.2,33.85034893160553,52.85,42.4,42.38014598589448,34.3,33.98524425212387,52.85,1,int8,0,tench,0.8984,17.83,tench,0.8217
1783699469.967199,155,42.8,42.50610219012613,34.3,34.07967097648671,52.85,42.2,42.41427153308829,34.3,34.14576968354069,52.85,1,int8,217,English springer,0.4062,17.44,English springer,0.8256
1783699473.2407346,156,42.5,42.4399900731618,34.2,34.16203877847848,52.85,43.0,42.607993051213256,34.3,34.203427144934935,52.85,1,int8,217,English springer,0.3164,17.57,English springer,0.8243
1783699476.5150554,157,41.9,42.39559513584928,34.2,34.20239900145445,52.85,44.2,42.936916595094495,34.3,34.23167930101812,52.85,1,int8,217,English springer,0.1484,18.73,English springer,0.8127
1783699479.7880037,158,42.3,42.745841616566146,34.3,34.25217551071268,52.85,41.5,42.3720891315963,34.3,34.26652285749887,52.85,1,int8,210,German short-haired pointer,0.1992,17.9,English springer,-0.179
1783699483.0636492,159,47.0,43.760462392117404,34.5,34.336566000249206,52.85,46.7,44.64232367448218,34.5,34.38559620017444,52.85,1,int8,217,English springer,0.5234,18.76,English springer,0.8124
1783699486.336065,160,40.2,43.309626572137525,34.4,34.3899173401221,52.85,45.5,43.966738600496264,34.4,34.392942138085466,52.85,1,int8,482,cassette player,0.5977,17.79,cassette player,0.8221
1783699489.6108992,161,46.2,44.63671702034738,34.3,34.365059496659825,52.85,44.9,44.71570191424317,34.3,34.345541647661875,52.85,1,int8,848,tape player,0.7188,18.28,cassette player,-0.18280000000000002
1783699492.884272,162,40.7,43.51099133997022,34.3,34.33187915336331,52.85,41.2,42.81769393797915,34.3,34.32231540735431,52.85,1,int8,482,cassette player,0.5195,18.56,cassette player,0.8144
1783699496.1451087,163,42.0,42.572385756585405,34.2,34.28562078514801,52.85,42.0,42.40067002960978,34.2,34.25993454960361,52.85,1,int8,482,cassette player,0.1484,17.72,cassette player,0.8228
1783699499.4184349,164,47.8,44.02046902072684,34.2,34.24195418472252,52.85,43.0,43.71432831450879,34.2,34.229367929305766,52.85,1,int8,818,spotlight,0.3008,18.03,cassette player,-0.18030000000000002
1783699502.6784282,165,42.2,43.26002982015615,34.2,34.22055755051404,52.85,42.3,42.972020874109305,34.2,34.214390285359826,52.85,1,int8,491,chain saw,0.1523,17.85,chain saw,0.8215
1783699505.9514256,166,44.9,43.550414611876505,34.2,34.210073199751875,52.85,42.1,43.115290228313555,34.2,34.20705123982631,52.85,1,int8,491,chain saw,0.7148,18.57,chain saw,0.8143
1783699509.2247093,167,43.7,43.290703159819486,34.4,34.264935867878414,52.85,43.5,43.353492211873636,34.4,34.30545510751489,52.85,1,int8,802,snowmobile,0.0703,18.26,chain saw,-0.1826
1783699512.4967306,168,40.7,42.557444548311544,34.4,34.333818575260416,52.85,41.5,42.240211183818076,34.4,34.353673002682285,52.85,1,int8,491,chain saw,0.5508,18.27,chain saw,0.8173
1783699515.7702286,169,41.0,41.86814782867265,34.0,34.2475711018776,52.85,40.5,41.457703480070855,34.0,34.17329977131432,52.85,1,int8,491,chain saw,0.3203,17.99,chain saw,0.8201
1783699519.0417428,170,41.0,41.320392436049595,33.9,34.09130983992002,52.85,40.2,40.98427470523472,33.9,34.03391688794402,52.85,1,int8,562,fountain,0.125,17.94,church,-0.1794
1783699522.3147802,171,41.8,41.2289922936643,33.7,33.93374182156081,52.85,41.4,41.280294605565004,33.7,33.86361927509257,52.85,1,int8,663,monastery,0.4258,17.86,church,-0.1786
1783699525.5933495,172,41.2,41.256206223895504,33.8,33.84453349256479,52.85,42.5,41.62934435672685,33.9,33.861173444795355,52.85,1,int8,497,church,0.5547,17.74,church,0.8226
1783699528.8737588,173,40.7,41.350541049708795,33.8,33.842821411356745,52.85,41.5,41.395378734796154,33.8,33.82997498794972,52.85,1,int8,406,altar,0.6016,17.99,church,-0.17989999999999998
1783699532.1523907,174,41.9,41.54676511435731,33.8,33.8209824915648,52.85,41.2,41.44273558005011,33.7,33.78468774409536,52.85,1,int8,687,organ,0.2422,17.89,church,-0.1789
1783699535.4282436,175,40.5,41.15991490603508,34.3,33.93928142086675,52.85,42.4,41.53194043422455,34.4,34.07749699460672,52.85,1,int8,518,crash helmet,0.125,18.08,French horn,-0.1808
1783699538.6936893,176,41.0,41.372358303957185,34.2,34.114247896224704,52.85,40.7,41.17065081277003,34.2,34.13997352735729,52.85,1,int8,691,oxygen mask,0.1523,17.76,French horn,-0.1776
1783699541.9666777,177,40.6,40.99945556893901,34.2,34.1579814691501,52.85,40.7,40.90961889825731,34.2,34.170587028405066,52.85,1,int8,566,French horn,0.8789,18.18,French horn,0.8182
1783699545.2265213,178,42.3,41.326733228780114,33.9,34.08941091988355,52.85,41.0,41.22871326014608,33.9,34.03258764391848,52.85,1,int8,513,cornet,0.3359,18.0,French horn,-0.18
1783699548.5026479,179,48.7,43.470099282102254,34.0,34.022811350742934,52.85,46.7,44.43906949747158,34.0,34.01596794552005,52.85,1,int8,513,cornet,0.2969,19.5,French horn,-0.195
1783699551.7765312,180,42.7,43.9173486482301,33.7,33.921177561864035,52.85,41.9,43.31214405376107,33.7,33.85482429330482,52.85,1,int8,867,trailer truck,0.707,18.48,garbage truck,-0.18480000000000002
1783699555.0499697,181,41.0,42.618500837632745,33.9,33.86837700531338,52.85,40.5,41.982950586342916,33.9,33.877863903719366,52.85,1,int8,569,garbage truck,0.7227,18.22,garbage truck,0.8178
1783699558.3234744,182,40.2,41.44806541044004,34.4,34.03450473260355,52.85,40.2,41.073645787308024,34.4,34.14415331282248,52.85,1,int8,675,moving van,0.5586,18.17,garbage truck,-0.18170000000000003
1783699561.585007,183,40.5,40.901552051115615,33.9,34.070907318975735,52.85,40.2,40.69108643578093,33.9,34.01963512328301,52.85,1,int8,569,garbage truck,0.625,18.4,garbage truck,0.8160000000000001
1783699564.8584337,184,40.7,40.693760505046654,34.0,34.0137445862981,52.85,40.7,40.69563235353266,34.0,34.00962121040867,52.85,1,int8,867,trailer truck,0.5859,18.02,garbage truck,-0.1802
1783699568.1311245,185,40.5,40.63694264747286,33.9,33.97673484728607,52.85,40.2,40.505859853231,33.7,33.89371439310025,52.85,1,int8,480,cash machine,0.4414,17.94,gas pump,-0.1794
1783699571.4047608,186,41.0,40.6541018972617,33.7,33.83560007517017,52.85,41.7,40.967871328083184,33.7,33.79492005261912,52.85,1,int8,856,thresher,0.1953,18.02,gas pump,-0.1802
1783699574.6725001,187,40.5,40.82750992965823,34.2,33.91644403683338,52.85,41.5,41.029256950760754,34.2,34.00151082578336,52.85,1,int8,424,barbershop,0.2617,16.86,gas pump,-0.1686
1783699577.944273,188,40.2,40.78047986553253,34.3,34.09105757804835,52.85,41.4,40.96633590587277,34.3,34.15374030463384,52.85,1,int8,860,tobacco shop,0.2148,18.18,gas pump,-0.1818
1783699581.2061312,189,40.5,40.82643513411094,34.3,34.197618213243686,52.85,40.7,40.788504593877654,34.3,34.22833274927058,52.85,1,int8,453,bookcase,0.2695,18.42,gas pump,-0.18420000000000003
1783699584.4851878,190,41.7,41.061953215714354,34.2,34.2198329244894,52.85,41.0,41.04336725100004,34.2,34.21388304714258,52.85,1,int8,772,safety pin,0.2422,18.23,golf ball,-0.18230000000000002
1783699587.7649887,191,41.8,41.270357075700026,34.4,34.269718132999806,52.85,40.8,41.129249952990016,34.4,34.308802693099864,52.85,1,int8,574,golf ball,0.2266,18.14,golf ball,0.8186
1783699591.0330188,192,40.9,41.06047496709301,34.1,34.246161885169904,52.85,40.4,40.8623324769651,34.2,34.23231331961893,52.85,1,int8,574,golf ball,0.9648,18.62,golf ball,0.8138
1783699594.316018,193,40.4,40.72363273387557,34.2,34.22261932373325,52.85,40.2,40.566542913712894,34.2,34.215833526613274,52.85,1,int8,574,golf ball,0.7109,19.65,golf ball,0.8035
1783699597.5905356,194,40.5,40.54658003959902,34.3,34.241083468629284,52.85,40.2,40.442606027719314,34.3,34.258758428040494,52.85,1,int8,574,golf ball,0.8516,19.46,golf ball,0.8054
1783699600.8645804,195,43.0,41.209824219403515,34.3,34.271130899628346,52.85,41.5,41.296876953582455,34.3,34.27979162973984,52.85,1,int8,701,parachute,0.6211,18.44,parachute,0.8156
1783699604.128112,196,43.4,41.927813867507716,34.4,34.31585414081788,52.85,43.2,42.3094697072554,34.4,34.341097898572514,52.85,1,int8,403,aircraft carrier,0.1797,19.36,parachute,-0.1936
1783699607.401924,197,51.0,44.91662879507878,35.2,34.59876852900076,52.85,48.7,46.05164015655514,35.2,34.77913797030053,52.85,1,int8,701,parachute,0.9727,18.62,parachute,0.8138
1783699610.6710346,198,40.4,44.356148109588595,34.5,34.69539657921037,52.85,40.2,43.10930367671202,34.5,34.63677760544726,52.85,1,int8,701,parachute,0.918,18.23,parachute,0.8177
1783699613.946119,199,47.7,44.48651257369841,34.4,34.56574432381308,52.85,48.0,45.54055880158889,34.4,34.51602102666915,52.85,1,int8,879,umbrella,0.4453,18.49,parachute,-0.18489999999999998
1783699617.218743,200,41.0,44.178391161112216,34.2,34.4212147186684,52.85,44.3,44.21487381277855,34.2,34.35485030306788,52.85,1,int8,0,tench,0.7852,18.57,tench,0.8143
1783699620.491773,201,40.7,43.16041166894499,34.2,34.30839521214751,53.85,41.0,42.51228816826149,34.2,34.27587664850326,53.85,1,int8,0,tench,0.7617,18.06,tench,0.8194
1783699623.76635,202,40.5,41.90860171778304,34.2,34.253113653952276,52.85,41.0,41.63602120244813,34.2,34.237179557766595,52.85,1,int8,0,tench,0.8984,19.42,tench,0.8058
1783699627.0403605,203,41.5,41.595214841713684,34.1,34.19602569043661,53.85,40.5,41.266650389199576,34.1,34.16721798330563,53.85,1,int8,0,tench,0.9531,18.57,tench,0.8143
1783699630.3138416,204,46.7,42.8966552724397,34.2,34.17705258831394,53.85,47.5,44.27765869070779,34.1,34.15393681181976,53.85,1,int8,0,tench,0.8984,18.37,tench,0.8163
1783699633.5875947,205,40.3,43.084361083495445,34.0,34.10775576827383,53.85,40.7,42.36905275844681,34.0,34.07542903779168,53.85,1,int8,217,English springer,0.4062,19.74,English springer,0.8026
1783699636.8611794,206,42.4,42.378336930912766,34.0,34.052800326454175,53.85,41.2,42.02483585163893,34.0,34.03696022851792,53.85,1,int8,217,English springer,0.3164,18.56,English springer,0.8144
1783699640.136281,207,48.0,43.81738509614725,33.9,33.995872159962545,53.85,47.2,44.83216956730307,33.9,33.96711051197378,53.85,1,int8,217,English springer,0.1484,18.56,English springer,0.8144
1783699643.3998096,208,51.3,46.77251869711215,34.1,34.00697735838165,53.85,48.5,47.2907630879785,34.1,34.03488415086716,53.85,1,int8,210,German short-haired pointer,0.1992,6.67,English springer,-0.0667
1783699646.674427,209,40.2,45.16353416158495,34.1,34.05441890560701,53.85,40.5,43.76447391310946,34.1,34.068093233924905,53.85,1,int8,217,English springer,0.5234,19.11,English springer,0.8089
1783699649.9484007,210,40.7,42.84513173917662,33.9,34.01766526374743,53.85,40.5,42.141592217423636,33.9,33.982365684623204,53.85,1,int8,482,cassette player,0.5977,18.13,cassette player,0.8187
1783699653.22582,211,45.7,43.20911455219654,34.2,34.04765597923624,53.85,42.0,42.84638018653757,34.2,34.09335918546537,53.85,1,int8,848,tape player,0.7188,20.41,cassette player,-0.2041
1783699656.500244,212,40.2,42.0524661305763,32.1,33.49535142982575,53.85,40.3,41.526726291403406,32.2,33.106746000878026,53.85,1,int8,482,cassette player,0.5195,18.6,cassette player,0.814
1783699659.7759287,213,45.7,42.77870840398238,32.0,32.77472220061462,53.85,44.9,43.41509588278766,32.0,32.542305540430235,53.85,1,int8,482,cassette player,0.1484,18.68,cassette player,0.8132
1783699663.0535152,214,47.7,44.70056711795136,32.3,32.46961387830116,53.85,42.9,44.16039698256595,32.3,32.41872971481081,53.85,1,int8,818,spotlight,0.3008,19.42,cassette player,-0.1942
1783699666.3282917,215,49.5,45.76227788779616,32.6,32.473110800367564,53.85,48.5,46.58359452145731,32.7,32.541177560257296,53.85,1,int8,491,chain saw,0.1523,19.41,chain saw,0.8059000000000001
1783699669.6046302,216,42.9,45.47851616502011,32.5,32.528824292180104,53.85,43.2,44.79496131551407,32.5,32.520177004526076,53.85,1,int8,491,chain saw,0.7148,19.2,chain saw,0.808
1783699672.8808305,217,45.2,44.916472920859846,32.5,32.514123903168255,53.85,40.2,43.50153104460189,32.5,32.50988673221778,53.85,1,int8,802,snowmobile,0.0703,19.42,chain saw,-0.1942
1783699676.1568172,218,40.3,42.54107173122132,32.5,32.50692071255244,53.85,40.5,41.928750211854926,32.5,32.50484449878671,53.85,1,int8,491,chain saw,0.5508,20.57,chain saw,0.7943
1783699679.4371653,219,40.0,41.350125148298446,32.5,32.503391149150694,53.85,40.5,41.09508760380891,32.5,32.50237380440548,53.85,1,int8,491,chain saw,0.3203,18.34,chain saw,0.8166
1783699682.7189226,220,44.9,42.23656132266623,32.4,32.471661663083836,53.85,44.9,43.03559292586636,32.4,32.45016316415868,53.85,1,int8,562,fountain,0.125,21.21,church,-0.2121
1783699685.9924114,221,40.0,42.12491504810645,32.2,32.37511421491108,53.85,40.8,41.72744053367451,32.2,32.322579950437756,53.85,1,int8,663,monastery,0.4258,12.3,church,-0.12300000000000001
1783699689.2735932,222,40.0,41.20920837357215,32.2,32.28580596530642,53.85,40.2,40.90644586150051,32.2,32.26006417571449,53.85,1,int8,497,church,0.5547,19.09,church,0.8090999999999999
1783699692.5581021,223,44.7,42.04451210305035,32.0,32.18204492300014,53.85,45.5,43.08115847213524,32.0,32.1274314461001,53.85,1,int8,406,altar,0.6016,19.59,church,-0.1959
1783699695.8381493,224,40.0,42.15681093049467,32.0,32.089202012270064,53.85,40.8,41.74976765134627,32.0,32.062441408589045,53.85,1,int8,687,organ,0.2422,18.73,church,-0.18730000000000002
1783699699.1149676,225,40.5,41.37483735594238,32.0,32.04370898601233,53.85,40.5,41.11238614915967,32.0,32.03059629020863,53.85,1,int8,518,crash helmet,0.125,18.33,French horn,-0.1833
1783699702.398349,226,47.0,42.87867030441176,32.0,32.02141740314604,53.85,45.2,43.575069213088234,32.0,32.01499218220223,53.85,1,int8,691,oxygen mask,0.1523,20.37,French horn,-0.20370000000000002
1783699705.6744578,227,40.0,42.502548449161765,32.0,32.01049452754156,53.85,40.2,41.81178391441323,32.0,32.00734616927909,53.85,1,int8,566,French horn,0.8789,18.2,French horn,0.8180000000000001
1783699708.956199,228,40.2,41.328248740089265,32.0,32.00514231849536,53.85,40.5,41.07977411806248,32.0,32.00359962294675,53.85,1,int8,513,cornet,0.3359,19.95,French horn,-0.1995
1783699712.2406142,229,40.5,40.905841882643735,31.9,31.972519736062722,53.85,48.5,43.184089317850614,31.9,31.950763815243903,53.85,1,int8,513,cornet,0.2969,18.12,French horn,-0.1812
1783699715.5258539,230,44.0,43.42886252249542,31.9,31.935534670670727,53.85,40.3,42.49020376574679,31.9,31.924874269469505,53.85,1,int8,867,trailer truck,0.707,18.8,garbage truck,-0.188
1783699718.813079,231,40.7,41.953142636022754,31.9,31.91741198862865,53.85,40.8,41.60719984521592,31.9,31.91218839204005,53.85,1,int8,569,garbage truck,0.7227,18.21,garbage truck,0.8179
1783699722.090932,232,40.6,41.30503989165115,31.9,31.908531874428036,53.85,40.5,41.0635279241558,31.9,31.90597231209962,53.85,1,int8,675,moving van,0.5586,18.09,garbage truck,-0.1809
1783699725.36974,233,40.5,40.89446954690906,31.9,31.90418061846973,53.85,45.2,42.18612868283634,32.0,31.93292643292881,53.85,1,int8,569,garbage truck,0.625,18.7,garbage truck,0.813
1783699728.6355646,234,39.7,41.44029007798544,32.1,31.983048503050163,53.85,40.0,41.0082030545898,32.2,32.04813395213512,53.85,1,int8,867,trailer truck,0.5859,18.18,garbage truck,-0.1818
1783699731.9128275,235,40.7,40.91574213821286,32.2,32.09369376649458,53.85,40.2,40.701019496749005,32.2,32.125585636546205,53.85,1,int8,480,cash machine,0.4414,17.99,gas pump,-0.17989999999999998
1783699735.191785,236,40.4,40.6107136477243,32.1,32.11790994558234,53.85,40.5,40.57749955340701,32.1,32.11253696190764,53.85,1,int8,856,thresher,0.1953,18.07,gas pump,-0.1807
1783699738.4705923,237,40.2,40.46424968738491,32.1,32.10877587333535,53.85,40.2,40.38497478116943,32.1,32.106143111334745,53.85,1,int8,424,barbershop,0.2617,18.29,gas pump,-0.1829
1783699741.7458937,238,40.2,40.3294823468186,32.1,32.10430017793432,53.85,40.5,40.38063764277302,32.1,32.103010124554025,53.85,1,int8,860,tobacco shop,0.2148,18.0,gas pump,-0.18
1783699745.0062666,239,40.3,40.35644634994111,32.1,32.10210708718782,53.85,40.8,40.48951244495878,32.1,32.10147496103147,53.85,1,int8,453,bookcase,0.2695,18.33,gas pump,-0.1833
1783699748.280615,240,40.5,40.492658711471144,32.1,32.10103247272203,53.85,40.4,40.4648610980298,32.1,32.100722730905424,53.85,1,int8,772,safety pin,0.2422,19.45,golf ball,-0.1945
1783699751.5550063,241,40.2,40.38540276862086,32.0,32.070505911633795,53.85,40.7,40.4797819380346,32.0,32.049354138143656,53.85,1,int8,574,golf ball,0.2266,19.05,golf ball,0.8095
1783699754.8270485,242,40.2,40.395847356624216,32.1,32.06454789670056,53.85,40.2,40.33709314963695,32.1,32.07518352769039,53.85,1,int8,574,golf ball,0.9648,17.98,golf ball,0.8202
1783699758.102366,243,40.0,40.23596520474587,31.9,32.02262846938327,53.85,40.2,40.2251756433221,31.9,31.98583992856829,53.85,1,int8,574,golf ball,0.7109,19.64,golf ball,0.8036
1783699761.375005,244,40.5,40.307622950325474,31.9,31.9600879499978,53.85,40.7,40.42533606522783,32.0,31.972061564998455,53.85,1,int8,574,golf ball,0.8516,18.28,golf ball,0.8171999999999999
1783699764.6470716,245,40.3,40.38773524565948,32.0,31.98044309549892,53.85,40.5,40.421414671961635,32.0,31.986310166849243,53.85,1,int8,701,parachute,0.6211,18.78,parachute,0.8122
1783699767.919939,246,45.5,41.94499027037314,32.0,31.990417116794468,53.85,40.4,41.481493189261194,32.0,31.993291981756123,53.85,1,int8,403,aircraft carrier,0.1797,18.72,parachute,-0.1872
1783699771.1929538,247,40.2,41.097045232482834,32.0,31.995304387229282,53.85,40.2,40.82793166273798,32.0,31.996713071060498,53.85,1,int8,701,parachute,0.9727,18.08,parachute,0.8192
1783699774.4696844,248,40.0,40.57955216391659,32.0,31.997699149742346,53.85,40.2,40.46568651474161,32.0,31.99838940481964,53.85,1,int8,701,parachute,0.918,18.5,parachute,0.815
1783699777.7434702,249,44.4,41.645980560319124,32.0,31.998872583373746,53.85,44.7,42.56218639222338,32.0,31.999210808361617,53.85,1,int8,879,umbrella,0.4453,18.42,parachute,-0.18420000000000003
1783699781.0155823,250,40.0,41.79353047455636,31.9,31.96944756585313,53.85,40.0,41.25547133218945,31.9,31.948613296097186,53.85,1,int8,0,tench,0.7852,17.91,tench,0.8209
1783699784.2880852,251,40.0,40.87882993253261,31.9,31.934029307268027,53.85,40.2,40.67518095277283,31.9,31.923820515087613,53.85,1,int8,0,tench,0.7617,18.26,tench,0.8174
1783699787.549786,252,44.9,41.942626666940974,31.9,31.916674360561323,53.85,44.7,42.769838666858675,31.9,31.911672052392923,53.85,1,int8,0,tench,0.8984,18.72,tench,0.8128
1783699790.8229616,253,40.2,41.99888706680107,31.9,31.908170436675043,53.85,40.2,41.459220946760745,31.9,31.905719305672527,53.85,1,int8,0,tench,0.9531,18.36,tench,0.8164
1783699794.0957644,254,40.2,41.08145466273252,31.9,31.904003513970764,53.85,40.5,40.90701826391276,31.9,31.90280245977953,53.85,1,int8,0,tench,0.8984,18.03,tench,0.8197
1783699797.3703482,255,44.2,41.89491278473893,31.9,31.901961721845666,53.85,44.4,42.64643894931724,31.9,31.90137320529196,53.85,1,int8,217,English springer,0.4062,18.34,English springer,0.8166
1783699800.644014,256,40.5,42.002507264522066,31.9,31.900961243704373,53.85,40.5,41.551755085165446,31.9,31.900672870593056,53.85,1,int8,217,English springer,0.3164,17.85,English springer,0.8215
1783699803.916895,257,40.2,41.146228559615814,31.9,31.900471009415135,53.85,40.2,40.86235999173107,31.9,31.90032970659059,53.85,1,int8,217,English springer,0.1484,17.64,English springer,0.8236
1783699807.1911044,258,40.5,40.753651994211744,31.9,31.900230794613407,53.85,41.7,41.037556395948215,31.9,31.900161556229385,53.85,1,int8,210,German short-haired pointer,0.1992,19.32,English springer,-0.1932
1783699810.4641192,259,40.6,40.90628947716375,31.9,31.900113089360566,53.85,40.2,40.69440263401462,32.0,31.930079162552396,53.85,1,int8,217,English springer,0.5234,18.49,English springer,0.8151
1783699813.7367218,260,40.8,40.726081843810235,31.9,31.921055413786675,53.85,40.3,40.59825729066716,31.9,31.91473878965067,53.85,1,int8,482,cassette player,0.5977,17.82,cassette player,0.8218
1783699817.0095768,261,40.2,40.47878010346701,31.9,31.910317152755468,53.85,40.5,40.48514607242691,31.9,31.907222006928826,53.85,1,int8,848,tape player,0.7188,18.29,cassette player,-0.1829
1783699820.2831454,262,40.8,40.57960225069883,31.9,31.905055404850174,53.85,40.0,40.40572157548918,31.9,31.90353878339512,53.85,1,int8,482,cassette player,0.5195,18.52,cassette player,0.8148
1783699823.5576735,263,42.0,40.88400510284242,31.9,31.902477148376583,53.85,40.5,40.76880357198969,32.0,31.931734003863603,53.85,1,int8,482,cassette player,0.1484,17.96,cassette player,0.8204
1783699826.831081,264,40.2,40.59816250039278,32.0,31.95221380270452,53.85,40.0,40.41871375027495,32.0,31.96654966189316,53.85,1,int8,818,spotlight,0.3008,19.53,cassette player,-0.19530000000000003
1783699830.1036563,265,40.8,40.53309962519246,31.9,31.946584763325212,53.85,40.5,40.523169737634724,31.9,31.932609334327644,53.85,1,int8,491,chain saw,0.1523,17.75,chain saw,0.8225
1783699833.38052,266,40.4,40.486218816344305,32.0,31.95282653402935,53.85,40.2,40.40035317144101,32.0,31.96697857382054,53.85,1,int8,491,chain saw,0.7148,18.06,chain saw,0.8194
1783699836.656835,267,40.2,40.340247220008706,32.0,31.976885001674376,53.85,40.8,40.47817305400609,32.0,31.983819501172064,53.85,1,int8,802,snowmobile,0.0703,17.84,chain saw,-0.1784
1783699839.9350626,268,40.5,40.484721137804264,32.0,31.988673650820445,53.85,40.7,40.549304796462984,31.9,31.962071555574312,53.85,1,int8,491,chain saw,0.5508,18.79,chain saw,0.8121
1783699843.2120059,269,40.3,40.47451335752408,32.0,31.97345008890202,53.85,40.7,40.54215935026686,32.0,31.981415062231413,53.85,1,int8,491,chain saw,0.3203,17.58,chain saw,0.8242
1783699846.4857643,270,40.5,40.5295115451868,32.0,31.986990543561987,53.85,40.8,40.61065808163076,32.0,31.99089338049339,53.85,1,int8,562,fountain,0.125,18.01,church,-0.1801
1783699849.7605627,271,40.8,40.66746065714153,32.0,31.99362536634537,53.85,40.5,40.61722245999907,32.0,31.995537756441756,53.85,1,int8,663,monastery,0.4258,19.9,church,-0.19899999999999998
1783699853.0370862,272,57.9,45.802055721999345,32.1,32.02687642950923,53.85,55.6,48.74143900539954,32.1,32.04881350065646,53.85,1,int8,497,church,0.5547,19.85,church,0.8015
1783699856.3100033,273,41.1,46.44900730377967,32.1,32.06416945045952,53.85,40.7,44.72430511264577,32.1,32.074918615321664,53.85,1,int8,406,altar,0.6016,18.6,church,-0.18600000000000003
1783699859.57146,274,0.5,31.457013578852038,31.8,31.992443030725163,53.85,0.0,22.019909505196427,31.8,31.93471012150761,53.85,1,int8,687,organ,0.2422,3.7,church,-0.037000000000000005
1783699862.8423064,275,3.5,16.463936653637496,31.8,31.894297085055324,53.85,3.0,12.424755657546248,31.7,31.836007959538726,53.85,0,fp32,729,plate rack,0.1872,7.9,French horn,-0.079
1783699866.1253366,276,1.0,8.997328960282374,32.0,31.885205571677105,53.85,1.0,6.598130272197661,32.0,31.919643900173973,53.85,0,fp32,691,oxygen mask,0.1954,9.07,French horn,-0.0907
1783699869.4038267,277,2.0,5.218691190538362,32.5,32.09375073012178,53.85,0.0,3.653083833376853,32.4,32.18562551108525,53.85,0,fp32,566,French horn,0.9461,9.09,French horn,0.9091
1783699872.6777768,278,3.5,3.6071586833637967,32.3,32.219937857759675,53.85,3.5,3.575011078354658,32.3,32.24395650043177,53.85,0,fp32,875,trombone,0.2696,10.73,French horn,-0.1073
1783699875.9587533,279,0.0,2.5025077548482604,32.1,32.20076955030224,53.85,0.0,1.7517554283937822,32.1,32.17053868521157,53.85,0,fp32,513,cornet,0.2775,6.47,French horn,-0.0647
1783699879.2487702,280,0.5,1.3762287998756473,32.0,32.119377079648096,53.85,2.5,1.7133601599129529,32.0,32.08356395575367,53.85,0,fp32,867,trailer truck,0.5809,11.25,garbage truck,-0.1125
1783699882.512988,281,5.1,2.7293521119390665,32.2,32.11849476902756,53.85,3.6,2.9905464783573468,32.1,32.1129463383193,53.85,0,fp32,569,garbage truck,0.72,7.27,garbage truck,0.9273
1783699885.79592,282,3.5,3.1433825348501427,32.1,32.10906243682351,53.85,4.0,3.4003677743950993,32.1,32.10634370577645,53.85,0,fp32,675,moving van,0.513,8.94,garbage truck,-0.0894
1783699889.070397,283,0.5,2.5302574420765693,32.2,32.13444059404351,53.85,1.0,2.0711802094535985,32.2,32.15410841583046,53.85,0,fp32,569,garbage truck,0.7944,6.36,garbage truck,0.9364
1783699892.3230333,284,4.5,2.7998261466175185,32.0,32.10787589108132,53.85,2.0,2.5598783026322627,32.1,32.10551312375692,53.85,0,fp32,867,trailer truck,0.3995,7.53,garbage truck,-0.0753
1783699895.5878909,285,0.0,1.7919148118425838,32.0,32.073859186629846,53.85,0.5,1.4043403682898086,32.0,32.05170143064089,53.85,0,fp32,571,gas pump,0.4306,11.28,gas pump,0.8872
1783699898.862252,286,0.0,0.9830382578028659,32.1,32.06619100144862,53.85,0.5,0.8381267804620062,32.1,32.076333701014036,53.85,0,fp32,856,thresher,0.188,7.95,gas pump,-0.0795
1783699902.1369216,287,0.5,0.7366887463234043,32.0,32.05343359070982,53.85,0.0,0.515682122426383,32.0,32.037403513496876,53.85,0,fp32,706,patio,0.2122,7.74,gas pump,-0.07740000000000001
1783699905.4066567,288,6.5,2.310977485698468,32.0,32.02618245944781,53.85,3.5,2.667684239988928,32.1,32.04832772161347,53.85,0,fp32,571,gas pump,0.2132,8.48,gas pump,0.9152
1783699908.6826622,289,1.0,2.1673789679922493,32.1,32.063829405129425,53.85,0.0,1.5171652775945743,32.1,32.0746805835906,53.85,0,fp32,453,bookcase,0.2548,8.31,gas pump,-0.08310000000000001
1783699911.956058,290,1.0,1.362015694316202,31.9,32.02227640851341,53.85,0.0,0.9534109860213413,31.9,31.985593485959384,53.85,0,fp32,772,safety pin,0.2579,8.31,golf ball,-0.08310000000000001
1783699915.1988552,291,7.7,2.9773876902149388,33.0,32.28991544017157,53.85,6.1,3.9141713831504568,33.3,32.59294080812009,53.85,0,fp32,574,golf ball,0.3281,6.85,golf ball,0.9315
1783699918.4508324,292,4.6,4.11991996820532,35.1,33.34505856568406,53.85,5.6,4.563943977743723,35.0,33.841540995978846,53.85,0,fp32,574,golf ball,0.9775,9.3,golf ball,0.907
1783699921.708681,293,3.6,4.274760784420606,34.8,34.12907869718519,53.85,4.5,4.342332549094424,34.7,34.30035508802963,53.85,0,fp32,574,golf ball,0.604,6.65,golf ball,0.9335
1783699924.9498806,294,3.6,4.119632784366097,34.6,34.390248561620744,53.85,8.0,5.2837429490562675,34.6,34.45317399313452,53.85,0,fp32,574,golf ball,0.8822,6.47,golf ball,0.9353
1783699928.2359219,295,0.5,3.848620064339387,34.7,34.527221795194166,53.85,1.0,2.9940340450375706,34.8,34.60905525663591,53.85,0,fp32,701,parachute,0.8955,12.22,parachute,0.8778
1783699931.517834,296,1.0,2.395823831526299,34.5,34.57633867964514,53.85,0.5,1.827076682068409,34.6,34.5834370757516,53.85,0,fp32,403,aircraft carrier,0.1905,9.58,parachute,-0.0958
1783699934.7976418,297,0.0,1.2789536774478862,34.3,34.498405953026115,53.85,0.0,0.8952675742135203,34.3,34.438884167118275,53.85,0,fp32,701,parachute,0.9528,9.46,parachute,0.9054
1783699938.0637817,298,11.2,3.986687301949464,34.4,34.42721891698279,53.85,3.0,3.6906811113646247,34.5,34.44905324188795,53.85,0,fp32,701,parachute,0.8659,7.43,parachute,0.9257
1783699941.3513625,299,3.0,3.483476777955237,34.4,34.43433726932157,53.85,3.0,3.3384337445686656,34.4,34.42403608852509,53.85,0,fp32,701,parachute,0.4111,9.31,parachute,0.9069
1783699944.62612,300,0.5,2.4869036211980657,34.6,34.47682526196756,53.85,1.0,2.040832534838646,34.6,34.51377768337729,53.85,0,fp32,0,tench,0.762,7.94,tench,0.9206
1783699947.8952107,301,0.5,1.578582774387052,34.4,34.4796443783641,53.85,5.4,2.7250079420709366,34.4,34.455751064854866,53.85,0,fp32,0,tench,0.8943,8.63,tench,0.9137
1783699951.1556547,302,50.0,16.907505559449657,35.0,34.6190257453984,53.85,46.5,25.785253891614758,35.0,34.733318021778885,53.85,0,fp32,0,tench,0.9366,23.04,tench,0.7696000000000001
1783699954.426054,303,41.7,30.55967772413033,35.2,34.87332261524522,53.85,42.2,34.05177440689123,35.2,34.97132583067165,53.85,1,int8,0,tench,0.9531,18.11,tench,0.8189
1783699957.7022939,304,50.8,39.07624208482386,35.7,35.18992808147016,53.85,55.8,44.0933694593767,36.1,35.46294965702911,53.85,1,int8,0,tench,0.8984,21.41,tench,0.7859
1783699960.9573305,305,49.5,45.71535862156369,36.5,35.77406475992037,53.85,44.2,45.26075103509458,36.5,35.99184533194426,53.85,1,int8,217,English springer,0.4062,7.58,English springer,0.9242
1783699964.2079062,306,51.0,46.9825257245662,35.9,35.96429173236098,53.85,43.9,46.057768007196344,35.8,35.915004212652676,53.85,1,int8,217,English springer,0.3164,8.07,English springer,0.9193
1783699967.4831188,307,41.9,44.81043760503744,35.6,35.82050294885687,53.85,42.7,44.17730632352621,35.6,35.75435206419981,53.85,1,int8,217,English springer,0.1484,18.72,English springer,0.8128
1783699970.7387605,308,43.0,43.82411442646835,35.7,35.73804644493987,53.85,43.0,43.576880098527845,35.7,35.72663251145791,53.85,1,int8,210,German short-haired pointer,0.1992,6.22,English springer,-0.0622
1783699974.000877,309,42.1,43.13381606896949,35.6,35.688642758020535,53.85,43.9,43.36367124827864,35.6,35.66204993061437,53.85,1,int8,217,English springer,0.5234,6.44,English springer,0.9356
1783699977.2628665,310,41.6,42.83456987379505,35.4,35.58343495143006,53.85,43.9,43.15419891165653,35.4,35.528404466001035,53.85,1,int8,482,cassette player,0.5977,6.56,cassette player,0.9344
1783699980.5425127,311,42.4,42.92793923815957,35.2,35.42988312620072,53.85,42.4,42.76955746671169,35.2,35.360918188340506,53.85,1,int8,848,tape player,0.7188,18.17,cassette player,-0.18170000000000003
1783699983.8215232,312,41.4,42.35869022669818,35.2,35.31264273183835,53.85,41.7,42.161083158688726,35.2,35.278849912286844,53.85,1,int8,482,cassette player,0.5195,18.96,cassette player,0.8104
1783699987.081502,313,43.7,42.62275821108211,35.2,35.25519493860079,53.85,41.7,42.34593074775747,35.2,35.23863645702055,53.85,1,int8,482,cassette player,0.1484,6.05,cassette player,0.9395
1783699990.361516,314,42.9,42.51215152343023,35.4,35.28704551991438,53.85,41.9,42.328506066401154,35.4,35.32093186394006,53.85,1,int8,818,spotlight,0.3008,18.9,cassette player,-0.189
1783699993.6384676,315,41.9,42.19995424648081,35.4,35.34465230475804,53.85,41.7,42.049967972536564,35.4,35.361256613330625,53.85,1,int8,491,chain saw,0.1523,20.1,chain saw,0.7989999999999999
1783699996.9145257,316,41.4,41.85497758077559,35.2,35.312879629331434,53.85,41.9,41.86848430654291,35.2,35.279015740532,53.85,1,int8,491,chain saw,0.7148,20.24,chain saw,0.7976
1783700000.1918046,317,41.9,41.877939014580036,35.2,35.2553110183724,53.85,43.0,42.214557310206025,35.2,35.238717712860684,53.85,1,int8,802,snowmobile,0.0703,18.54,chain saw,-0.18539999999999998
1783700003.46888,318,43.4,42.570190117144215,35.2,35.227102399002476,53.85,41.5,42.24913308200095,35.2,35.21897167930173,53.85,1,int8,491,chain saw,0.5508,20.03,chain saw,0.7997
1783700006.7431295,319,42.2,42.23439315740066,35.2,35.21328017551121,53.85,41.4,41.98407521018046,35.2,35.20929612285784,53.85,1,int8,491,chain saw,0.3203,18.47,chain saw,0.8153
1783700010.0165086,320,42.6,42.168852647126315,35.3,35.23650728600049,53.85,44.9,42.988196852988416,35.2,35.22555510020034,53.85,1,int8,562,fountain,0.125,18.35,church,-0.18350000000000002
1783700013.273703,321,42.6,42.87173779709189,35.6,35.33788857014024,53.85,43.4,43.030216457964315,35.6,35.416521999098165,53.85,1,int8,663,monastery,0.4258,7.86,church,-0.0786
1783700016.5490322,322,41.9,42.69115152057502,35.3,35.38156539936871,53.85,41.9,42.45380606440251,35.3,35.357095779558094,53.85,1,int8,497,church,0.5547,18.56,church,0.8144
1783700019.827088,323,42.5,42.46766424508175,35.3,35.33996704569066,53.85,42.7,42.537364971557224,35.3,35.327976931983464,53.85,1,int8,406,altar,0.6016,21.24,church,-0.21239999999999998
1783700023.1016166,324,44.7,43.18615548009005,35.3,35.31958385238842,53.85,42.9,43.100308836063036,35.3,35.31370869667189,53.85,1,int8,687,organ,0.2422,19.33,church,-0.1933
1783700026.3763335,325,42.4,42.89021618524412,35.4,35.33959608767032,53.85,42.4,42.74315132967088,35.4,35.357717261369224,53.85,1,int8,518,crash helmet,0.125,19.32,French horn,-0.1932
1783700029.652231,326,42.3,42.61020593076962,35.4,35.370402082958456,54.85,42.5,42.57714415153873,35.4,35.37928145807092,54.85,1,int8,691,oxygen mask,0.1523,19.59,French horn,-0.1959
1783700032.9095767,327,42.4,42.524000906077106,35.2,35.32549702064964,54.85,42.4,42.48680063425397,35.3,35.317847914454745,54.85,1,int8,566,French horn,0.8789,9.5,French horn,0.905
1783700036.1676738,328,41.2,42.10076044397778,35.2,35.282493540118324,54.85,42.3,42.16053231078444,35.2,35.257745478082825,54.85,1,int8,513,cornet,0.3359,6.26,French horn,-0.0626
1783700039.454919,329,48.5,44.0623726175491,35.4,35.300421834657975,54.85,45.5,44.49366083228437,35.4,35.33029528426058,54.85,1,int8,513,cornet,0.2969,21.06,French horn,-0.21059999999999998
1783700042.740915,330,51.3,46.535562582599056,35.4,35.3512066989824,54.85,48.0,46.974893807819335,35.4,35.36584468928768,54.85,1,int8,867,trailer truck,0.707,22.12,garbage truck,-0.2212
1783700046.0057251,331,44.2,46.14242566547353,35.3,35.34609128250137,54.85,44.7,45.70969796583147,35.3,35.332263897750956,54.85,1,int8,569,garbage truck,0.7227,6.52,garbage truck,0.9348
1783700049.266961,332,42.9,44.86678857608202,35.4,35.35258472842567,54.85,42.4,44.12675200325741,35.5,35.39680930989797,54.85,1,int8,675,moving van,0.5586,6.28,garbage truck,-0.06280000000000001
1783700052.540616,333,42.9,43.75872640228018,35.3,35.367766516928576,54.85,43.2,43.59110848159612,35.3,35.34743656185,54.85,1,int8,569,garbage truck,0.625,22.27,garbage truck,0.7773
1783700055.8007426,334,49.7,45.423775937117284,35.4,35.363205593295,54.85,42.9,44.666643155982094,35.4,35.3742439153065,54.85,1,int8,867,trailer truck,0.5859,5.76,garbage truck,-0.0576
1783700059.0820897,335,42.2,43.926650209187464,35.3,35.35197074071455,54.85,42.9,43.61865514643122,35.4,35.36637951850018,54.85,1,int8,480,cash machine,0.4414,21.37,gas pump,-0.2137
1783700062.3208535,336,8.6,33.11305860250185,35.4,35.376465662950125,54.85,12.7,26.989141021751294,35.4,35.383525964065086,54.85,1,int8,856,thresher,0.1953,3.89,gas pump,-0.038900000000000004
1783700065.5869248,337,7.7,21.202398715225904,36.0,35.568468174845556,54.85,6.1,16.67167910065813,36.0,35.69792772239189,54.85,0,fp32,706,patio,0.2122,8.75,gas pump,-0.08750000000000001
1783700068.859252,338,2.6,12.450175370460691,35.6,35.66854940567432,54.85,4.6,10.095122759322482,35.7,35.67798458397202,54.85,0,fp32,571,gas pump,0.2132,8.3,gas pump,0.917
1783700072.132101,339,4.1,8.296585931525737,35.5,35.624589208780414,54.85,3.0,6.707610152068016,35.5,35.58721244614629,54.85,0,fp32,453,bookcase,0.2548,7.83,gas pump,-0.07830000000000001
1783700075.3981822,340,3.0,5.595327106447611,35.3,35.5010487123024,54.85,2.5,4.666728974513328,35.3,35.44073409861168,54.85,0,fp32,772,safety pin,0.2579,8.0,golf ball,-0.08
1783700078.6735103,341,5.1,4.79671028215933,35.4,35.42851386902817,54.85,3.1,4.28769719751153,35.4,35.419959708319716,54.85,0,fp32,574,golf ball,0.3281,8.29,golf ball,0.9171
1783700081.9371853,342,4.5,4.3513880382580705,35.4,35.4139717958238,54.85,4.6,4.425971626780649,35.4,35.409780257076655,54.85,0,fp32,574,golf ball,0.9775,7.41,golf ball,0.9259
1783700085.2096455,343,3.0,3.9981801387464544,35.3,35.37684617995365,54.85,3.0,3.6987260971225178,35.3,35.353792325967554,54.85,0,fp32,574,golf ball,0.604,7.91,golf ball,0.9209
1783700088.4814284,344,2.5,3.3391082679857624,35.3,35.33765462817728,54.85,2.5,3.0873757875900334,35.3,35.326358239724094,54.85,0,fp32,574,golf ball,0.8822,7.73,golf ball,0.9227
1783700091.7532163,345,4.0,3.3611630513130235,35.4,35.34845076780687,54.85,5.1,3.882814135919116,35.4,35.363915537464806,54.85,0,fp32,701,parachute,0.8955,8.37,parachute,0.9163
1783700095.027068,346,2.0,3.3179698951433814,35.4,35.37474087622536,54.85,3.0,3.2225789266003666,35.4,35.38231861335775,54.85,0,fp32,403,aircraft carrier,0.1905,8.11,parachute,-0.08109999999999999
1783700098.3011322,347,2.6,3.0358052486202567,35.3,35.35762302935042,54.85,2.6,2.9050636740341798,35.3,35.34033612054529,54.85,0,fp32,701,parachute,0.9528,8.14,parachute,0.9186
1783700101.5746458,348,4.0,3.2335445718239253,35.4,35.3582352843817,54.85,4.0,3.463481200276748,35.4,35.37076469906719,54.85,0,fp32,701,parachute,0.8659,7.74,parachute,0.9226
1783700104.8601058,349,4.6,3.8044368401937234,35.4,35.37953528934703,54.85,2.0,3.2631057881356065,35.4,35.38567470254292,54.85,0,fp32,701,parachute,0.4111,14.01,parachute,0.8599
1783700108.1393352,350,2.5,3.0341740516949245,35.5,35.41997229178004,54.85,2.5,2.873921836186447,35.5,35.44398060424603,54.85,0,fp32,0,tench,0.762,9.32,tench,0.9068
1783700111.4131305,351,4.1,3.241745285330513,35.4,35.43078642297222,54.85,4.5,3.6192216997313587,35.4,35.42155049608055,54.85,0,fp32,0,tench,0.8943,7.86,tench,0.9214
1783700114.6740708,352,3.6,3.613455189811951,35.5,35.44508534725638,54.85,2.0,3.1294186328683655,35.5,35.46155974307946,54.85,0,fp32,0,tench,0.9366,6.9,tench,0.931
1783700117.9460208,353,2.5,2.9405930430078557,35.2,35.38309182015562,54.85,1.5,2.508415130105499,35.2,35.328164274108936,54.85,0,fp32,0,tench,0.9557,8.17,tench,0.9183
1783700121.2154524,354,4.1,2.985890591073849,35.3,35.31971499187625,54.85,2.6,2.8701234137516938,35.3,35.31380049431338,54.85,0,fp32,0,tench,0.8085,7.07,tench,0.9293
1783700124.4713953,355,6.1,3.8390863896261855,35.5,35.369660346019366,55.85,7.6,4.96736047273833,35.5,35.408762242213555,55.85,0,fp32,217,English springer,0.2901,7.64,English springer,0.9236
1783700127.7339153,356,8.1,5.90715233091683,35.6,35.466133569549484,55.85,3.6,5.2150066316417805,35.6,35.50629349868464,55.85,0,fp32,217,English springer,0.3843,7.27,English springer,0.9273
1783700131.0077176,357,4.0,4.850504642149246,35.6,35.534405449079244,55.85,9.1,6.125353249504472,35.6,35.554083814355465,55.85,0,fp32,217,English springer,0.0751,7.7,English springer,0.923
1783700134.2770078,358,8.6,6.86774727465313,35.9,35.657858670048824,55.85,7.6,7.08742309225719,36.0,35.76050106903418,55.85,0,fp32,215,Brittany spaniel,0.1431,10.38,English springer,-0.1038
1783700137.546276,359,5.6,6.641196164580032,36.0,35.83235074832392,55.85,4.1,5.878837315206022,36.0,35.88264552382674,55.85,0,fp32,217,English springer,0.5382,8.07,English springer,0.9193
1783700140.7996702,360,1.0,4.415186120644215,35.9,35.887851866678716,55.85,5.0,4.590630284450951,36.3,36.0114963066751,55.85,0,fp32,482,cassette player,0.5997,6.66,cassette player,0.9334
1783700144.0704522,361,2.5,3.9634411991156653,35.8,35.948047414672565,55.85,3.1,3.7044088393809655,35.8,35.903633190270796,55.85,0,fp32,848,tape player,0.7176,8.14,cassette player,-0.08140000000000001
1783700147.3268144,362,43.7,15.703086187566676,35.7,35.84254323318956,55.85,45.5,24.642160331296672,35.7,35.79978026323269,55.85,0,fp32,482,cassette player,0.5429,11.4,cassette player,0.886
1783700150.5845509,363,50.8,32.48951223190767,38.3,36.549846184262876,55.85,49.7,37.65265856233536,38.3,37.074892328984006,55.85,1,int8,482,cassette player,0.1484,6.64,cassette player,0.9336
1783700153.85878,364,44.7,39.76686099363475,39.0,37.652424630288806,55.85,43.2,40.79680269554433,39.0,38.05669724120216,55.85,1,int8,818,spotlight,0.3008,19.9,cassette player,-0.19899999999999998
1783700157.110428,365,47.2,42.71776188688103,39.3,38.42968806884151,55.85,44.4,43.22243332081672,39.3,38.69078164818905,55.85,1,int8,491,chain saw,0.1523,6.42,chain saw,0.9358
1783700160.3656957,366,46.0,44.0557033245717,39.8,39.02354715373234,55.85,49.3,45.62899232720019,39.6,39.196483007612635,55.85,1,int8,491,chain saw,0.7148,9.2,chain saw,0.908
1783700163.6207592,367,40.5,44.09029462904013,39.3,39.22753810532885,55.85,42.7,43.67320624032809,39.0,39.15927667373019,55.85,1,int8,802,snowmobile,0.0703,6.18,chain saw,-0.0618
1783700166.868619,368,40.5,42.72124436822966,38.9,39.081493671611135,55.85,40.9,42.17487105776076,38.9,39.02704557012779,55.85,1,int8,491,chain saw,0.5508,7.33,chain saw,0.9267
1783700170.1501555,369,43.0,42.42240974043253,39.3,39.108931899089455,55.85,42.9,42.565686818302765,39.4,39.196252329362615,55.85,1,int8,491,chain saw,0.3203,19.96,chain saw,0.8004
1783700173.431935,370,41.2,42.15598077281194,39.3,39.22737663055383,55.85,43.2,42.46918654096835,39.4,39.279163641387676,55.85,1,int8,562,fountain,0.125,18.9,church,-0.189
1783700176.714418,371,42.7,42.53843057867785,39.3,39.285414548971374,55.85,41.0,42.07690140507449,39.3,39.28979018427996,55.85,1,int8,663,monastery,0.4258,18.43,church,-0.1843
1783700179.9881918,372,44.9,42.923830983552136,39.4,39.322853128995966,55.85,40.2,42.106681688486496,39.4,39.345997190297176,55.85,1,int8,497,church,0.5547,18.36,church,0.8164
1783700183.2622137,373,43.3,42.464677181940544,38.9,39.21219803320802,55.85,41.0,42.02527402735838,39.0,39.148538623245614,55.85,1,int8,406,altar,0.6016,18.26,church,-0.1826
1783700186.5376012,374,44.7,42.827691819150864,39.0,39.10397703627193,55.85,40.5,42.129384273405606,39.0,39.07278392539035,55.85,1,int8,687,organ,0.2422,19.98,church,-0.1998
1783700189.813229,375,40.2,41.55056899138392,39.1,39.08094874777324,55.85,43.2,42.045398293968745,39.1,39.08666412344127,55.85,1,int8,518,crash helmet,0.125,19.95,French horn,-0.1995
1783700193.0869064,376,41.1,41.76177880577812,39.1,39.09066488640889,55.85,41.5,41.68324516404468,39.1,39.093465420486226,55.85,1,int8,691,oxygen mask,0.1523,18.13,French horn,-0.1813
1783700196.3451338,377,40.7,41.38827161483127,38.9,39.035425794340355,55.85,43.0,41.87179013038189,39.0,39.02479805603825,55.85,1,int8,566,French horn,0.8789,6.03,French horn,0.9397
1783700199.6245112,378,44.4,42.63025309126732,39.5,39.16735863922678,55.85,43.7,42.951177163887124,39.5,39.26715104745874,55.85,1,int8,513,cornet,0.3359,20.93,French horn,-0.2093
1783700202.9101267,379,47.5,44.31582401472099,39.8,39.427005733221115,55.85,48.0,45.42107681030468,39.8,39.53890401325478,55.85,1,int8,513,cornet,0.2969,21.51,French horn,-0.2151
1783700206.1926541,380,46.3,45.68475376721327,41.2,40.03723280927834,55.85,47.3,46.169327637049285,41.3,40.416062966494835,55.85,1,int8,867,trailer truck,0.707,19.67,garbage truck,-0.1967
1783700209.4692438,381,48.5,46.8685293459345,41.8,40.83124407654638,55.85,48.2,47.267970542154146,41.8,41.121870853582465,55.85,1,int8,569,garbage truck,0.7227,18.03,garbage truck,0.8197
1783700212.754174,382,47.5,47.3375793795079,41.5,41.23530959750772,55.85,46.8,47.176305565655525,41.5,41.314716718255404,55.85,1,int8,675,moving van,0.5586,21.78,garbage truck,-0.21780000000000002
1783700216.0388577,383,48.7,47.63341389595887,41.3,41.31030170277878,55.85,48.2,47.80338972717121,41.3,41.30721119194514,55.85,1,int8,569,garbage truck,0.625,20.39,garbage truck,0.7961
1783700219.3194666,384,41.0,45.762372809019844,41.2,41.2750478343616,55.85,41.3,44.42366096631389,41.2,41.25253348405312,55.85,1,int8,867,trailer truck,0.5859,20.05,garbage truck,-0.2005
1783700222.5963724,385,41.0,43.39656267641972,38.7,40.48677343883718,55.85,40.5,42.5275938734938,38.7,39.95074140718603,55.85,1,int8,480,cash machine,0.4414,18.64,gas pump,-0.1864
1783700225.8786063,386,47.0,43.86931571144566,38.5,39.51551898503022,55.85,44.3,43.998520998011955,38.6,39.24086328952115,55.85,1,int8,856,thresher,0.1953,19.72,gas pump,-0.1972
1783700229.161591,387,40.7,43.00896469860837,38.7,39.07860430266481,55.85,46.0,43.90627528902586,38.7,38.96502301186536,55.85,1,int8,424,barbershop,0.2617,19.63,gas pump,-0.1963
1783700232.4444494,388,51.3,46.1243927023181,38.6,38.85551610830575,55.85,47.2,46.44707489162266,38.6,38.77886127581402,55.85,1,int8,860,tobacco shop,0.2148,20.52,gas pump,-0.2052
1783700235.732534,389,40.7,44.72295242413586,38.4,38.66520289306982,55.85,43.2,44.2660666968951,38.4,38.58564202514887,55.85,1,int8,453,bookcase,0.2695,20.74,gas pump,-0.2074
1783700239.0128815,390,41.0,43.28624668782657,38.3,38.499949417604206,55.85,41.0,42.600372681478596,38.3,38.43996459232294,55.85,1,int8,772,safety pin,0.2422,21.19,golf ball,-0.2119
1783700242.2981455,391,48.5,44.370260877035015,38.2,38.36797521462606,55.85,42.9,43.92918261392451,38.3,38.34758265023824,55.85,1,int8,574,golf ball,0.2266,21.05,golf ball,0.7895
1783700245.5829716,392,50.5,45.90042782974716,38.7,38.45330785516676,55.85,44.2,45.39029948082301,38.7,38.52731549861674,55.85,1,int8,574,golf ball,0.9648,21.95,golf ball,0.7805
1783700248.85325,393,43.7,44.883209636576105,38.7,38.57912084903172,55.85,42.3,44.10824674560327,38.7,38.6153845943222,55.85,1,int8,574,golf ball,0.7109,20.28,golf ball,0.7972
1783700252.1331537,394,40.5,43.02577272192229,38.6,38.61076921602554,55.85,40.8,42.3580409053456,38.6,38.60753845121788,55.85,1,int8,574,golf ball,0.8516,19.9,golf ball,0.801
1783700255.3889723,395,41.5,42.10062863374192,38.9,38.69527691585251,55.85,45.0,42.97044004361934,38.9,38.756693841096755,55.85,1,int8,701,parachute,0.6211,7.02,parachute,0.9298
1783700258.6477995,396,43.0,42.97930803053354,38.8,38.76968568876772,55.85,43.0,42.98551562137347,38.8,38.7787799821374,55.85,1,int8,403,aircraft carrier,0.1797,7.36,parachute,-0.0736
1783700261.926088,397,46.8,44.12986093496143,39.0,38.84514598749618,55.85,46.3,44.780902654472996,39.1,38.92160219124733,55.85,1,int8,701,parachute,0.9727,19.73,parachute,0.8027
1783700265.2038333,398,44.2,44.606631858131095,38.9,38.91512153387313,55.85,43.2,44.18464230069176,38.9,38.91058507371119,55.85,1,int8,701,parachute,0.918,21.31,parachute,0.7869
1783700268.4832506,399,46.5,44.87924961048423,39.2,38.99740955159783,55.85,45.7,45.12547472733896,39.3,39.088186686118476,55.85,1,int8,879,umbrella,0.4453,22.04,parachute,-0.22039999999999998
1783700271.759517,400,45.5,45.23783230913727,39.8,39.30173068028293,55.85,45.2,45.22648261639608,39.8,39.45121147619805,55.85,1,int8,0,tench,0.7852,19.76,tench,0.8024
1783700275.0147521,401,51.3,47.048537831477255,38.7,39.225848033338636,55.85,52.0,48.53397648203408,38.7,39.06809362333704,55.85,1,int8,0,tench,0.7617,6.37,tench,0.9363
1783700278.2685218,402,45.2,47.53378353742385,38.6,38.92766553633593,55.85,46.8,47.31364847619669,38.6,38.82936587543515,55.85,1,int8,0,tench,0.8984,6.7,tench,0.933
1783700281.530153,403,41.3,45.509553933337685,38.4,38.700556112804605,55.85,40.5,44.00668775333638,38.5,38.64038927896322,55.85,1,int8,0,tench,0.9531,9.27,tench,0.9073
1783700284.8105285,404,41.3,43.19468142733546,38.3,38.53827249527425,55.85,40.5,42.38627699913482,38.3,38.46679074669197,55.85,1,int8,0,tench,0.8984,20.59,tench,0.7941
1783700288.0648658,405,47.2,43.83039389939437,38.3,38.416753522684374,55.85,47.2,44.841275729576054,38.4,38.41172746587906,55.85,1,int8,217,English springer,0.4062,6.17,English springer,0.9383
1783700291.3245094,406,40.7,43.598893010703236,38.6,38.46820922611534,55.85,40.5,42.66922510749227,38.6,38.507746458280735,56.85,1,int8,217,English springer,0.3164,8.79,English springer,0.9121
1783700294.5793226,407,45.2,43.428457575244586,38.6,38.535422520796516,56.85,42.4,43.119920302671204,38.6,38.55479576455756,56.85,1,int8,217,English springer,0.1484,6.39,English springer,0.9361
1783700297.8577259,408,48.7,44.79394421186984,38.7,38.59835703519029,56.85,48.2,45.81576094830889,38.7,38.6288499246332,56.85,1,int8,210,German short-haired pointer,0.1992,20.43,English springer,-0.2043
1783700301.1345048,409,41.4,44.49103266381623,38.8,38.68019494724324,56.85,50.3,46.23372286467136,38.8,38.716136463070264,56.85,1,int8,217,English springer,0.5234,19.39,English springer,0.8061
1783700304.3922906,410,44.0,45.563606005269946,38.7,38.711295524149186,56.85,44.2,45.15452420368896,38.7,38.70790686690443,56.85,1,int8,482,cassette player,0.5977,8.71,cassette player,0.9129
1783700307.6700451,411,41.2,43.96816694258227,38.7,38.7055348068331,56.85,41.0,43.07771685980759,38.7,38.70387436478317,56.85,1,int8,848,tape player,0.7188,21.1,cassette player,-0.21100000000000002
1783700310.930499,412,50.3,45.24440180186531,38.5,38.64271205534821,56.85,41.7,44.181081261305714,38.5,38.59989843874374,56.85,1,int8,482,cassette player,0.5195,10.01,cassette player,0.8999
1783700314.1831784,413,48.5,45.476756882913996,39.0,38.71992890712062,56.85,43.2,44.79372981803979,39.0,38.80395023498443,56.85,1,int8,482,cassette player,0.1484,6.82,cassette player,0.9318
1783700317.4655342,414,57.1,48.48561087262785,43.3,40.1527651644891,56.85,59.0,51.63992761083949,43.3,41.096935615142364,56.85,1,int8,818,spotlight,0.3008,23.38,cassette player,-0.2338
1783700320.7187765,415,61.6,54.62794932758764,46.6,42.74785493059966,56.85,55.1,54.769564529311346,46.7,43.93349845141976,56.85,1,int8,491,chain saw,0.1523,11.25,chain saw,0.8875
1783700323.9871442,416,57.1,55.46869517051793,48.3,45.243448915993824,56.85,56.4,55.74808661936255,48.4,46.190414241195676,56.85,1,int8,491,chain saw,0.7148,24.42,chain saw,0.7558
1783700327.258707,417,46.2,52.88366063355378,48.8,46.97328996883697,56.85,51.0,52.31856244348764,48.8,47.52130297818588,56.85,1,int8,802,snowmobile,0.0703,13.58,chain saw,-0.1358
1783700330.5021346,418,57.3,53.81299371044135,47.5,47.51491208473011,56.85,52.0,53.26909559730894,47.6,47.540438459311076,56.85,1,int8,491,chain saw,0.5508,7.2,chain saw,0.9279999999999999
1783700333.7599583,419,50.0,52.28836691811625,47.1,47.408306921517756,56.85,48.0,51.00185684268137,47.1,47.31581484506243,56.85,1,int8,491,chain saw,0.3203,16.94,chain saw,0.8306
1783700337.030779,420,3.6,36.781299789876954,46.1,46.951070391543695,56.85,3.0,26.646909852913865,46.0,46.66574927408058,56.85,1,int8,562,fountain,0.125,3.9,church,-0.039
1783700340.3029854,421,5.1,20.182836897039707,45.7,46.376024491856406,56.85,4.6,15.507985827927794,45.7,46.173217144299485,56.85,0,fp32,663,monastery,0.3477,8.24,church,-0.0824
1783700343.575367,422,2.5,11.605590079549454,45.3,45.911252001009636,56.85,2.0,8.723913055684617,45.3,45.72787640070674,56.85,0,fp32,497,church,0.518,7.64,church,0.9236
1783700346.8465242,423,1.5,6.556739138979232,45.2,45.56951348049472,56.85,2.5,5.339717397285462,45.2,45.4586594363463,56.85,0,fp32,406,altar,0.7162,7.66,church,-0.0766
1783700350.1116426,424,3.5,4.787802178099823,44.9,45.29106160544241,56.85,2.0,3.951461524669876,44.9,45.173743123809686,56.85,0,fp32,884,vault,0.1841,7.27,church,-0.0727
1783700353.3799138,425,2.5,3.5160230672689132,44.8,45.06162018666678,56.85,3.0,3.361216147088239,44.7,44.95313413066674,56.85,0,fp32,729,plate rack,0.1872,7.02,French horn,-0.0702
1783700356.6519427,426,2.0,2.952851302961767,44.6,44.847193891466716,56.85,1.5,2.516995912073237,44.7,44.8030357240267,56.85,0,fp32,691,oxygen mask,0.1954,8.2,French horn,-0.08199999999999999
1783700359.9277298,427,3.0,2.6618971384512657,44.7,44.77212500681868,56.85,3.5,2.9133279969158856,44.7,44.750487504773076,56.85,0,fp32,566,French horn,0.9461,9.4,French horn,0.906
1783700363.200952,428,3.0,2.9393295978411196,44.7,44.73534125334115,56.85,2.5,2.8075307184887834,44.7,44.7247388773388,56.85,0,fp32,875,trombone,0.2696,8.02,French horn,-0.0802
1783700366.4684656,429,3.5,3.0152715029421486,44.9,44.777317214137156,56.85,3.0,3.0106900520595037,44.9,44.81412204989601,56.85,0,fp32,513,cornet,0.2775,11.51,French horn,-0.1151
1783700369.7306054,430,11.6,5.587483036441652,45.2,44.9298854349272,56.85,6.1,5.741238125509156,45.3,45.04091980444904,56.85,0,fp32,867,trailer truck,0.5809,6.94,garbage truck,-0.0694
1783700373.010602,431,5.0,5.518866687856409,45.2,45.08864386311433,56.85,3.0,4.7632066814994865,45.2,45.122050704180026,56.85,0,fp32,569,garbage truck,0.72,8.69,garbage truck,0.9131
1783700376.2889512,432,6.6,5.31424467704964,46.3,45.47543549292602,56.85,2.5,4.469971273934748,46.3,45.72280484504821,56.85,0,fp32,675,moving van,0.513,8.5,garbage truck,-0.085
1783700379.5650399,433,3.6,4.208979891754323,46.2,45.86596339153375,56.85,4.0,4.146285924228026,46.2,45.96617437407362,56.85,0,fp32,569,garbage truck,0.7944,7.62,garbage truck,0.9238
1783700382.834805,434,3.6,3.9824001469596184,46.0,45.976322061851526,56.85,6.1,4.6176801028717325,46.0,45.98342544329606,56.85,0,fp32,867,trailer truck,0.3995,7.95,garbage truck,-0.0795
1783700386.1064408,435,3.0,4.132376072010212,45.8,45.928397810307246,56.85,2.5,3.642663250407148,45.8,45.88987846721507,56.85,0,fp32,571,gas pump,0.4306,7.92,gas pump,0.9208
1783700389.367181,436,9.7,5.459864275285003,45.8,45.86291492705054,56.85,11.7,7.331904992699502,45.8,45.844040448935374,56.85,0,fp32,856,thresher,0.188,9.51,gas pump,-0.0951
1783700392.6359184,437,10.1,8.162333494889651,45.8,45.83082831425476,56.85,3.6,6.7936334464227555,45.8,45.821579819978325,56.85,0,fp32,706,patio,0.2122,7.92,gas pump,-0.0792
1783700395.9092252,438,4.1,5.985543412495928,45.3,45.66510587398482,56.85,2.0,4.789880388747149,45.3,45.55557411178937,56.85,0,fp32,571,gas pump,0.2132,9.37,gas pump,0.9063
1783700399.1793041,439,15.3,7.9429162721230036,45.6,45.56890187825256,56.85,5.1,7.0900413904861015,45.6,45.57823131477679,56.85,0,fp32,453,bookcase,0.2548,14.51,gas pump,-0.1451
1783700402.4237368,440,6.1,6.793028973340271,45.7,45.61476192034375,56.85,3.0,5.65512028133819,45.7,45.64033334424063,56.85,0,fp32,772,safety pin,0.2579,7.53,golf ball,-0.0753
1783700405.67844,441,3.6,5.038584196936733,45.7,45.65823334096844,56.85,3.6,4.607008937855713,45.7,45.6707633386779,56.85,0,fp32,574,golf ball,0.3281,7.13,golf ball,0.9287
1783700408.948586,442,4.1,4.454906256498998,45.7,45.67953433707453,56.85,2.5,3.868434379549299,45.7,45.68567403595217,56.85,0,fp32,574,golf ball,0.9775,8.23,golf ball,0.9177
1783700412.2165685,443,3.6,3.787904065684509,45.6,45.659971825166515,56.85,3.6,3.731532845979156,45.6,45.641980277616554,56.85,0,fp32,574,golf ball,0.604,8.29,golf ball,0.9171
1783700415.49217,444,4.0,3.812072992185409,45.6,45.62938619433159,56.85,2.5,3.4184510945297863,45.7,45.65057033603211,56.85,0,fp32,574,golf ball,0.8822,8.75,golf ball,0.9125
1783700418.7647378,445,3.5,3.4429157661708505,45.6,45.63539923522248,56.85,2.6,3.1900410363195952,45.6,45.62477946465573,56.85,0,fp32,701,parachute,0.8955,7.53,parachute,0.9247
1783700422.028909,446,4.6,3.6130287254237166,45.7,45.64734562525901,56.85,5.6,4.209120107796601,45.7,45.6631419376813,56.85,0,fp32,403,aircraft carrier,0.1905,7.45,parachute,-0.0745
1783700425.2960215,447,0.5,3.0963840754576206,45.8,45.704199356376904,56.85,1.5,2.617468852820334,45.8,45.73293954946383,56.85,0,fp32,701,parachute,0.9528,8.43,parachute,0.9157
1783700428.5555282,448,6.5,3.7822281969742337,45.3,45.60305768462467,56.85,19.1,8.377559737881963,45.7,45.63214037923727,56.85,0,fp32,701,parachute,0.8659,9.53,parachute,0.9047000000000001
1783700431.8383532,449,1.5,6.3142918165173745,45.7,45.65249826546609,56.85,1.0,4.7200042715621615,45.7,45.666748785826265,56.85,0,fp32,701,parachute,0.4111,8.59,parachute,0.9141
1783700435.0974612,450,40.7,15.514002990093514,45.8,45.70672415007839,56.85,43.0,23.75980209306546,45.8,45.734706905054864,56.85,0,fp32,0,tench,0.762,11.37,tench,0.8863
1783700438.379727,451,50.0,31.63186146514582,45.8,45.754294833538395,57.85,50.3,37.23230302560207,45.8,45.76800638347687,57.85,1,int8,0,tench,0.7617,21.01,tench,0.7899
1783700441.6588213,452,48.5,40.61261211792145,45.8,45.77760446843381,57.85,51.8,43.968828482545014,45.8,45.78432312790366,57.85,1,int8,0,tench,0.8984,21.34,tench,0.7866
1783700444.923361,453,52.0,46.37817993778151,46.0,45.84902618953256,57.85,48.2,46.924725956447055,46.0,45.89431833267279,57.85,1,int8,0,tench,0.9531,9.54,tench,0.9046
1783700448.2030067,454,42.6,45.627308169512936,46.1,45.95602283287095,57.85,42.7,44.749115718659056,46.1,45.99921598300966,57.85,1,int8,0,tench,0.8984,21.77,tench,0.7823
1783700451.4689503,455,42.0,43.924381003061335,46.0,45.99945118810676,57.85,42.7,43.55706670214293,46.0,45.99961583167473,57.85,1,int8,217,English springer,0.4062,20.79,English springer,0.7921
1783700454.748151,456,42.4,43.20994669150005,46.0,45.99973108217231,57.85,42.9,43.11696268405003,46.1,46.02981175752061,57.85,1,int8,217,English springer,0.3164,20.9,English springer,0.791
1783700458.026821,457,43.2,43.14187387883502,46.2,46.08086823026443,57.85,42.4,42.91931171518451,46.2,46.1166077611851,57.85,1,int8,217,English springer,0.1484,21.71,English springer,0.7828999999999999
1783700461.3057404,458,44.9,43.51351820062916,46.1,46.11162543282957,57.85,43.9,43.62946274044041,46.1,46.10813780298069,57.85,1,int8,210,German short-haired pointer,0.1992,21.51,English springer,-0.2151
1783700464.5846844,459,43.1,43.470623918308284,45.9,46.04569646208648,57.85,41.9,42.999436742815796,45.9,46.00198752346054,57.85,1,int8,217,English springer,0.5234,21.47,English springer,0.7853
1783700467.8650863,460,42.6,42.87960571997105,45.7,45.91139126642238,57.85,42.4,42.73572400397973,45.7,45.847973886495666,57.85,1,int8,482,cassette player,0.5977,21.26,cassette player,0.7874
1783700471.1427708,461,42.3,42.60500680278581,45.7,45.803581720546966,57.85,42.0,42.42350476195006,45.7,45.772507204382876,57.85,1,int8,848,tape player,0.7188,20.96,cassette player,-0.2096
1783700474.4203322,462,41.4,42.116453333365044,45.7,45.75075504306801,57.85,42.9,42.35151733335553,45.7,45.735528530147604,57.85,1,int8,482,cassette player,0.5195,21.44,cassette player,0.7856
1783700477.6873865,463,42.7,42.45606213334887,45.6,45.69486997110332,57.85,42.9,42.589243493344206,45.6,45.66640897977233,57.85,1,int8,482,cassette player,0.1484,21.0,cassette player,0.79
1783700480.961709,464,56.1,46.64247044534094,45.8,45.706486285840626,57.85,58.7,50.25972931173865,45.8,45.734540400088434,57.85,1,int8,818,spotlight,0.3008,13.59,cassette player,-0.1359
1783700484.2083817,465,42.9,48.05181051821705,45.4,45.6341782800619,57.85,42.7,46.44626736275194,45.5,45.59392479604333,57.85,1,int8,491,chain saw,0.1523,6.58,chain saw,0.9342
1783700487.4654465,466,43.1,45.442387153926354,45.7,45.62574735723033,57.85,42.9,44.679671007748446,45.7,45.648023150061235,57.85,1,int8,491,chain saw,0.7148,7.52,chain saw,0.9248
1783700490.7213037,467,41.9,43.84576970542391,45.6,45.63361620504286,57.85,41.9,43.262038793796734,45.6,45.623531343530004,57.85,1,int8,802,snowmobile,0.0703,7.34,chain saw,-0.0734
1783700493.9755511,468,41.9,42.85342715565771,45.6,45.616471940471,57.85,41.9,42.56739900896039,45.6,45.6115303583297,57.85,1,int8,491,chain saw,0.5508,6.58,chain saw,0.9342
1783700497.2303007,469,47.7,44.10717930627227,45.9,45.69807125083079,57.85,44.9,44.345025514390585,45.9,45.758649875581554,57.85,1,int8,491,chain saw,0.3203,7.2,chain saw,0.9279999999999999
1783700500.4810395,470,48.0,45.441517860073404,45.9,45.80105491290709,57.85,42.7,44.61906250205138,46.0,45.86073843903496,57.85,1,int8,562,fountain,0.125,6.96,church,-0.0696
1783700503.7608886,471,44.7,44.643343751435964,45.9,45.87251690732447,57.85,44.7,44.66034062600517,45.9,45.88076183512713,57.85,1,int8,663,monastery,0.4258,20.12,church,-0.20120000000000002
1783700507.0408347,472,43.1,44.19223843820362,45.7,45.82653328458899,57.85,44.2,44.19456690674253,45.8,45.81857329921229,57.85,1,int8,497,church,0.5547,20.84,church,0.7916
1783700510.31815,473,43.7,44.04619683471977,46.4,45.9930013094486,57.85,47.0,44.93233778430384,46.4,46.11510091661402,57.85,1,int8,406,altar,0.6016,21.15,church,-0.2115
1783700513.5766351,474,42.3,44.142636449012684,46.0,46.080570641629805,57.85,43.0,43.79984551430888,46.0,46.05639944914086,57.85,1,int8,687,organ,0.2422,9.95,church,-0.09949999999999999
1783700516.8608654,475,48.0,45.05989186001621,46.2,46.099479614398604,57.85,47.7,45.85192430201134,46.2,46.12963573007902,57.85,1,int8,518,crash helmet,0.125,23.8,French horn,-0.23800000000000002
1783700520.1198142,476,44.0,45.29634701140793,46.0,46.09074501105531,57.85,43.1,44.637442907985545,46.0,46.06352150773871,57.85,1,int8,691,oxygen mask,0.1523,9.48,French horn,-0.09480000000000001
1783700523.401881,477,45.8,44.98621003558988,46.8,46.284465055417094,57.85,46.2,45.350347024912914,46.9,46.469125538791964,57.85,1,int8,566,French horn,0.8789,22.75,French horn,0.7725
1783700526.691167,478,48.2,46.20524291743904,47.1,46.658387877154375,57.85,50.8,47.583670042207316,47.1,46.79087151400806,57.85,1,int8,513,cornet,0.3359,21.96,French horn,-0.21960000000000002
1783700529.976429,479,41.5,45.758569029545114,46.2,46.61361005980564,57.85,40.4,44.15099832068157,46.2,46.489527041863944,57.85,1,int8,513,cornet,0.2969,21.99,French horn,-0.21989999999999998
1783700533.263799,480,48.2,45.3656988244771,46.1,46.37266892930476,57.85,49.2,46.51598917713397,46.1,46.29086825051333,57.85,1,int8,867,trailer truck,0.707,22.79,garbage truck,-0.2279
1783700536.553297,481,43.7,45.67119242399377,46.2,46.263607775359326,57.85,44.5,45.31983469679564,46.2,46.244525442751524,57.85,1,int8,569,garbage truck,0.7227,24.5,garbage truck,0.755
1783700539.837767,482,41.2,44.083884287756945,46.3,46.261167809926064,57.85,43.4,43.87871900142986,46.3,46.27281746694825,57.85,1,int8,675,moving van,0.5586,21.22,garbage truck,-0.2122
1783700543.1217246,483,50.8,45.9551033010009,46.4,46.310972226863775,57.85,46.9,46.238572310700626,46.4,46.33768055880464,57.85,1,int8,569,garbage truck,0.625,23.18,garbage truck,0.7682
1783700546.3825953,484,50.0,47.36700061749043,46.3,46.32637639116325,57.85,50.8,48.3969004322433,46.2,46.288463473814275,57.85,1,int8,867,trailer truck,0.5859,10.7,garbage truck,-0.107
1783700549.657728,485,46.0,47.67783030257031,46.7,46.41192443166999,57.85,46.7,47.38448121179921,46.8,46.528347102168986,57.85,1,int8,480,cash machine,0.4414,21.03,gas pump,-0.21030000000000001
1783700552.939013,486,50.3,48.259136848259445,46.9,46.63984297151829,57.85,48.7,48.391395793781605,46.9,46.7178900800628,57.85,1,int8,856,thresher,0.1953,22.47,gas pump,-0.22469999999999998
1783700556.2122922,487,49.8,48.81397705564712,47.8,47.042523056043954,57.85,46.9,48.23978393895298,47.8,47.26976613923076,57.85,1,int8,424,barbershop,0.2617,10.87,gas pump,-0.10869999999999999
1783700559.5013561,488,49.2,48.52784875726708,46.5,47.03883629746153,57.85,50.8,49.20949413008695,46.5,46.87718540822307,57.85,1,int8,860,tobacco shop,0.2148,22.52,gas pump,-0.2252
1783700562.7624605,489,43.4,47.466645891060864,46.6,46.79402978575615,57.85,42.6,46.006652123742604,46.5,46.7058208500293,57.85,1,int8,453,bookcase,0.2695,6.36,gas pump,-0.0636
1783700566.044934,490,42.7,45.01465648661982,46.5,46.64407459502051,57.85,43.5,44.56025954063387,46.5,46.600852216514355,57.85,1,int8,772,safety pin,0.2422,20.77,golf ball,-0.2077
1783700569.3003547,491,42.9,44.06218167844371,46.3,46.51059655156005,57.85,42.6,43.62352717491059,46.2,46.41741758609203,57.85,1,int8,574,golf ball,0.2266,10.17,golf ball,0.8983
1783700572.5862858,492,52.0,46.13646902243741,46.3,46.38219231026442,57.85,45.7,46.00552831570619,46.3,46.357534617185095,57.85,1,int8,574,golf ball,0.9648,22.92,golf ball,0.7707999999999999
1783700575.8624237,493,43.7,45.31386982099433,45.9,46.22027423202957,57.85,51.3,47.109708874696025,46.1,46.18419196242069,57.85,1,int8,574,golf ball,0.7109,22.5,golf ball,0.775
1783700579.1303844,494,43.7,46.08679621228722,46.1,46.15893437369448,57.85,43.9,45.430757348601055,46.1,46.14125406158613,57.85,1,int8,574,golf ball,0.8516,11.04,golf ball,0.8896
1783700582.3876808,495,44.7,45.21153014402074,46.1,46.12887784311029,57.85,41.8,44.18807110081451,46.1,46.1202144901772,57.85,1,int8,701,parachute,0.6211,7.93,parachute,0.9207
1783700585.6425254,496,42.4,43.65164977057016,45.9,46.05415014312403,57.85,41.9,43.126154839399106,45.9,46.00790510018682,57.85,1,int8,403,aircraft carrier,0.1797,6.54,parachute,-0.0654
1783700588.9056954,497,42.7,42.99830838757937,45.9,45.975533570130764,57.85,42.7,42.908815871305556,45.9,45.95287349909154,57.85,1,int8,701,parachute,0.9727,11.08,parachute,0.8892
1783700592.163179,498,43.2,42.99617110991389,45.8,45.90701144936408,57.85,43.2,43.05731977693972,45.8,45.87490801455485,57.85,1,int8,701,parachute,0.918,10.16,parachute,0.8984
1783700595.4442155,499,42.8,42.980123843857804,45.8,45.852435610188394,57.85,43.4,43.106086690700465,45.8,45.836704927131876,57.85,1,int8,879,umbrella,0.4453,21.83,parachute,-0.2183
1783700598.7259758,500,42.5,42.924260683490324,45.9,45.85569344899231,57.85,42.5,42.796982478443226,45.9,45.86898541429461,57.85,1,int8,0,tench,0.7852,22.17,tench,0.7783
1783700602.0074728,501,42.5,42.70788773491026,45.9,45.87828979000622,57.85,42.4,42.61552141443718,45.9,45.88480285300436,57.85,1,int8,0,tench,0.7617,23.33,tench,0.7667
1783700605.2890332,502,41.7,42.34086499010603,45.8,45.85936199710305,57.85,41.9,42.20860549307422,45.8,45.841553397972135,57.85,1,int8,0,tench,0.8984,21.77,tench,0.7823
1783700608.5685937,503,42.1,42.17602384515195,45.8,45.829087378580496,58.85,50.5,44.67321669160636,45.8,45.82036116500635,58.85,1,int8,0,tench,0.9531,22.8,tench,0.772
1783700611.8498733,504,41.6,43.751251684124455,45.7,45.784252815504445,58.85,41.2,42.98587617888712,45.7,45.75897697085311,58.85,1,int8,0,tench,0.8984,22.11,tench,0.7789
1783700615.115158,505,43.2,43.05011332522098,46.0,45.83128387959717,58.85,46.5,44.08507932765468,46.0,45.881898715718016,58.85,1,int8,217,English springer,0.4062,7.64,English springer,0.9236
1783700618.3741205,506,44.2,44.11955552935827,46.1,45.94732910100261,58.85,43.1,43.81368887055079,46.1,45.99313037070182,58.85,1,int8,217,English springer,0.3164,7.47,English springer,0.9253
1783700621.6343472,507,42.5,43.41958220938555,46.2,46.055191259491274,58.85,42.1,43.02370754656989,46.2,46.09863388164389,58.85,1,int8,217,English springer,0.1484,6.58,English springer,0.9342
1783700624.916732,508,41.7,42.62659528259892,46.0,46.06904371715072,58.85,42.5,42.58861669781924,46.1,46.0783306020055,58.85,1,int8,210,German short-haired pointer,0.1992,22.23,English springer,-0.2223
1783700628.1625054,509,44.7,43.222031688473464,46.1,46.08483142140385,58.85,43.2,43.21542218193142,46.1,46.08938199498269,58.85,1,int8,217,English springer,0.5234,7.08,English springer,0.9292
1783700631.4160542,510,43.9,43.42079552735199,46.1,46.09256739648788,58.85,42.1,43.024556869146394,46.2,46.12479717754152,58.85,1,int8,482,cassette player,0.5977,7.1,cassette player,0.929
1783700634.6616879,511,42.1,42.747189808402474,45.9,46.057358024279054,58.85,44.0,43.123032865881726,45.9,46.01015061699533,58.85,1,int8,848,tape player,0.7188,8.43,cassette player,-0.0843
1783700637.9411817,512,42.6,42.96612300611721,45.7,45.91710543189673,58.85,42.7,42.88628610428204,45.8,45.88197380232771,58.85,1,int8,482,cassette player,0.5195,22.78,cassette player,0.7722
1783700641.223885,513,43.2,42.98040027299743,45.5,45.76738166162939,58.85,42.7,42.8962801910982,45.5,45.68716716314057,58.85,1,int8,482,cassette player,0.1484,22.87,cassette player,0.7713
1783700644.5046475,514,42.4,42.74739613376873,45.4,45.6010170141984,58.85,41.6,42.40317729363811,45.4,45.54071190993888,58.85,1,int8,818,spotlight,0.3008,22.76,cassette player,-0.22760000000000002
1783700647.7873027,515,42.9,42.55222410554667,45.3,45.46849833695721,58.85,42.9,42.656556873882664,45.4,45.447948835870044,58.85,1,int8,491,chain saw,0.1523,22.91,chain saw,0.7709
1783700651.0724955,516,42.4,42.57958981171787,45.3,45.403564185109026,58.85,43.2,42.765712868202506,45.4,45.402494929576314,58.85,1,int8,491,chain saw,0.7148,24.08,chain saw,0.7592
1783700654.3547902,517,41.9,42.50599900774175,45.2,45.34174645070342,58.85,41.9,42.32419930541922,45.3,45.32922251549239,58.85,1,int8,802,snowmobile,0.0703,23.2,chain saw,-0.23199999999999998
1783700657.6377034,518,43.0,42.52693951379345,45.3,45.320455760844666,58.85,42.4,42.48885765965541,45.3,45.314319032591264,58.85,1,int8,491,chain saw,0.5508,23.05,chain saw,0.7695
1783700660.9090414,519,42.9,42.61220036175878,45.3,45.31002332281388,58.85,42.9,42.698540253231144,45.3,45.30701632596971,58.85,1,int8,491,chain saw,0.3203,14.94,chain saw,0.8506
1783700664.1908998,520,42.2,42.5489781772618,45.4,45.3349114281788,58.85,41.9,42.35428472408326,45.5,45.38443799972516,58.85,1,int8,562,fountain,0.125,22.62,church,-0.2262
1783700667.4758632,521,46.2,43.50799930685828,45.5,45.419106599807606,58.85,43.7,43.565599514800795,45.5,45.443374619865324,58.85,1,int8,663,monastery,0.4258,24.58,church,-0.2458
1783700670.7511978,522,42.9,43.365919660360554,45.4,45.430362233905726,58.85,42.7,43.16614376225239,45.4,45.421253563734005,58.85,1,int8,497,church,0.5547,13.46,church,0.8654
1783700674.0340943,523,41.9,42.786300633576666,45.4,45.4148774946138,58.85,42.2,42.61041044350367,45.4,45.41041424622966,58.85,1,int8,406,altar,0.6016,23.04,church,-0.2304
1783700677.3150675,524,42.7,42.637287310452564,45.3,45.37728997236076,58.85,45.7,43.55610111731679,45.3,45.35410298065253,58.85,1,int8,687,organ,0.2422,23.52,church,-0.2352
1783700680.5801866,525,42.4,43.20927078212175,45.3,45.33787208645676,58.85,42.1,42.87648954748522,45.3,45.32651046051973,58.85,1,int8,518,crash helmet,0.125,10.58,French horn,-0.1058
1783700683.832985,526,42.4,42.73354268323965,45.2,45.28855732236381,58.85,41.9,42.48347987826775,45.3,45.291990125654664,58.85,1,int8,691,oxygen mask,0.1523,7.37,French horn,-0.0737
1783700687.0910528,527,43.7,42.84843591478742,44.9,45.174393087958265,58.85,43.4,43.0139051403512,44.9,45.09207516157078,58.85,1,int8,566,French horn,0.8789,7.18,French horn,0.9282
1783700690.375645,528,42.6,42.88973359824583,44.9,45.034452613099546,58.85,42.4,42.74281351877208,44.9,44.994116829169684,58.85,1,int8,513,cornet,0.3359,23.24,French horn,-0.2324
1783700693.6649895,529,52.5,45.669969463140454,45.8,45.23588178041878,58.85,54.3,48.25897862419831,45.8,45.405117246293145,58.85,1,int8,513,cornet,0.2969,26.79,French horn,-0.26789999999999997
1783700696.9351044,530,56.9,50.85128503693882,45.5,45.4335820724052,58.85,56.6,52.57589952585717,45.5,45.45350745068364,58.85,1,int8,867,trailer truck,0.707,12.66,garbage truck,-0.1266
1783700700.2225199,531,42.7,49.613129668100015,45.5,45.467455215478545,58.85,42.4,47.449190767670004,45.5,45.47721865083498,58.85,1,int8,569,garbage truck,0.7227,24.17,garbage truck,0.7583
1783700703.5092587,532,42.7,46.024433537369006,45.2,45.394053055584486,58.85,42.4,44.9371034761583,45.2,45.33583713890914,58.85,1,int8,675,moving van,0.5586,24.01,garbage truck,-0.2401
1783700706.7710736,533,44.9,44.925972433310804,45.1,45.2650859972364,58.85,44.4,44.76818070331756,45.1,45.215560198065475,58.85,1,int8,569,garbage truck,0.625,9.48,garbage truck,0.9052
1783700710.0359292,534,42.7,44.14772649232229,45.1,45.18089213864583,58.85,42.1,43.5334085446256,45.1,45.15662449705208,58.85,1,int8,867,trailer truck,0.5859,8.18,garbage truck,-0.0818
1783700713.295523,535,42.0,43.07338598123792,45.1,45.139637147936455,58.85,43.2,43.11137018686654,45.1,45.127746003555515,58.85,1,int8,480,cash machine,0.4414,6.9,gas pump,-0.069
1783700716.5592108,536,42.9,43.047959130806575,45.1,45.119422202488856,58.85,42.9,43.0035713915646,45.1,45.1135955417422,58.85,1,int8,856,thresher,0.1953,8.97,gas pump,-0.0897
1783700719.836959,537,53.0,46.002499974095215,45.3,45.169516879219536,58.85,57.7,49.51174998186664,45.4,45.238661815453675,58.85,1,int8,424,barbershop,0.2617,19.8,gas pump,-0.198
1783700723.1121721,538,45.7,48.36822498730665,45.1,45.19706327081757,58.85,42.4,46.577757491114646,45.2,45.1979442895723,58.85,1,int8,860,tobacco shop,0.2148,23.58,gas pump,-0.23579999999999998
1783700726.376759,539,42.7,45.41443024378025,45.3,45.2285610027006,58.85,43.1,44.720101170646174,45.3,45.24999270189042,58.85,1,int8,453,bookcase,0.2695,7.25,gas pump,-0.0725
1783700729.6404772,540,42.2,43.96407081945232,45.2,45.23499489132329,58.85,41.6,43.254849573616625,45.2,45.224496423926304,58.85,1,int8,772,safety pin,0.2422,6.8,golf ball,-0.068
1783700732.9145284,541,42.1,42.908394701531634,45.1,45.18714749674841,58.85,42.2,42.69587629107214,45.2,45.191003247723884,58.85,1,int8,574,golf ball,0.2266,9.17,golf ball,0.9083
1783700736.1718109,542,43.7,42.9971134037505,45.2,45.193702273406714,58.85,42.9,42.967979382625344,45.3,45.2255915913847,58.85,1,int8,574,golf ball,0.9648,7.69,golf ball,0.9231
1783700739.4616437,543,43.9,43.24758556783774,45.1,45.187914113969285,58.85,58.4,47.79330989748641,45.3,45.2215398797785,58.85,1,int8,574,golf ball,0.7109,27.72,golf ball,0.7228
1783700742.7148135,544,42.9,46.32531692824048,45.1,45.18507791584494,58.85,43.7,45.53772184976834,45.2,45.18955454109146,58.85,1,int8,574,golf ball,0.8516,7.44,golf ball,0.9256
1783700745.9753127,545,44.5,45.22640529483783,45.4,45.25268817876402,58.85,42.3,44.34848370638648,45.4,45.29688172513481,58.85,1,int8,701,parachute,0.6211,8.11,parachute,0.9189
1783700749.261284,546,43.9,44.213938594470534,45.2,45.26781720759436,58.85,41.2,43.309757016129375,45.3,45.27747204531605,58.85,1,int8,403,aircraft carrier,0.1797,25.33,parachute,-0.25329999999999997
1783700752.5451555,547,41.7,42.82682991129056,44.9,45.164230431721236,59.85,42.2,42.63878093790339,44.9,45.08496130220486,59.85,1,int8,701,parachute,0.9727,23.61,parachute,0.7639
1783700755.8308825,548,43.2,42.80714665653237,44.9,45.029472911543394,59.85,42.9,42.83500265957265,44.9,44.99063103808037,59.85,1,int8,701,parachute,0.918,23.44,parachute,0.7656
1783700759.1139479,549,43.1,42.914501861700856,44.9,44.96344172665626,59.85,42.2,42.700151303190594,44.9,44.94440920865938,59.85,1,int8,879,umbrella,0.4453,23.89,parachute,-0.2389
1783700762.371965,550,42.9,42.76010591223341,45.0,44.961086446061564,59.85,41.9,42.50207413856339,45.0,44.97276051224309,59.85,1,int8,0,tench,0.7852,7.68,tench,0.9232
1783700765.659205,551,42.9,42.621451896994365,45.1,45.01093235857016,59.85,43.5,42.885016327896054,45.0,45.007652650999106,59.85,1,int8,0,tench,0.7617,23.79,tench,0.7621
1783700768.920567,552,43.2,42.979511429527236,45.0,45.005356855699375,59.85,42.9,42.95565800066906,45.0,45.00374979898956,59.85,1,int8,0,tench,0.8984,11.3,tench,0.887
1783700772.2053885,553,42.2,42.72896060046834,45.1,45.03262485929269,59.85,42.5,42.660272420327836,45.0,45.02283740150488,59.85,1,int8,0,tench,0.9531,24.88,tench,0.7512
1783700775.4917874,554,45.7,43.572190694229484,45.0,45.015986181053414,59.85,43.4,43.52053348596064,44.9,44.98119032673739,59.85,1,int8,0,tench,0.8984,23.97,tench,0.7603
1783700778.7782776,555,42.8,43.30437344017245,44.9,44.95683322871617,59.85,42.3,43.00306140812071,44.9,44.939783260101315,59.85,1,int8,217,English springer,0.4062,24.58,English springer,0.7542
1783700782.0639722,556,50.8,45.34214298568449,45.1,44.98784828207092,59.85,53.3,47.72950008997914,45.3,45.08149379744964,59.85,1,int8,217,English springer,0.3164,23.71,English springer,0.7629
1783700785.3235455,557,43.2,46.3706500629854,45.8,45.29704565821474,59.85,49.5,47.30945504408978,45.8,45.44793196075032,59.85,1,int8,217,English springer,0.1484,7.13,English springer,0.9287
1783700788.575982,558,52.8,48.95661853086284,45.7,45.52355237252522,59.85,60.0,52.26963297160398,45.7,45.57648666076765,59.85,1,int8,210,German short-haired pointer,0.1992,11.55,English springer,-0.1155
1783700791.8351078,559,42.7,49.398743080122784,45.6,45.58354066253735,59.85,41.7,47.08912015608595,45.6,45.58847846377614,59.85,1,int8,217,English springer,0.5234,7.2,English springer,0.9279999999999999
1783700795.0798838,560,43.7,46.07238410926016,45.6,45.5919349246433,59.85,43.2,45.21066887648211,45.6,45.59435444725031,59.85,1,int8,482,cassette player,0.5977,7.2,cassette player,0.9279999999999999
1783700798.3374372,561,43.4,44.667468213537475,45.4,45.53604811307522,59.85,43.4,44.28722774947623,45.4,45.49523367915265,59.85,1,int8,848,tape player,0.7188,7.06,cassette player,-0.0706
1783700801.6231654,562,42.0,43.601059424633355,45.5,45.49666357540685,59.85,41.5,42.97074159724335,45.5,45.497664502784794,59.85,1,int8,482,cassette player,0.5195,24.63,cassette player,0.7537
1783700804.9070442,563,43.2,43.039519118070345,45.5,45.49836515194935,59.85,43.4,43.14766338264924,45.5,45.49885560636454,59.85,1,int8,482,cassette player,0.1484,23.89,cassette player,0.7611
1783700808.1873245,564,43.3,43.193364367854464,45.2,45.409198924455175,59.85,42.9,43.10535505749812,45.3,45.37643924711862,59.85,1,int8,818,spotlight,0.3008,23.36,cassette player,-0.2336
1783700811.4723222,565,41.9,42.74374854024868,45.1,45.29350747298303,59.85,42.0,42.52062397817407,45.1,45.23545523108812,59.85,1,int8,491,chain saw,0.1523,25.17,chain saw,0.7483
1783700814.7587416,566,41.5,42.21443678472185,45.1,45.19481866176168,59.85,42.4,42.27010574930529,45.1,45.16637306323317,59.85,1,int8,491,chain saw,0.7148,23.86,chain saw,0.7614
1783700818.0467854,567,42.6,42.3690740245137,45.1,45.14646114426322,59.85,43.9,42.828351817159586,45.1,45.132522800984255,59.85,1,int8,802,snowmobile,0.0703,23.69,chain saw,-0.23690000000000003
1783700821.3405337,568,42.2,42.63984627201171,45.1,45.12276596068897,59.85,42.2,42.507892390408195,45.1,45.11593617248228,59.85,1,int8,491,chain saw,0.5508,25.47,chain saw,0.7453000000000001
1783700824.6307902,569,42.4,42.47552467328573,45.1,45.111155320737595,59.85,41.8,42.272867271300015,45.2,45.13780872451631,59.85,1,int8,491,chain saw,0.3203,24.01,chain saw,0.7599
1783700827.8970182,570,42.6,42.37100708991001,45.2,45.156466107161414,59.85,42.1,42.289704962937,45.2,45.16952627501299,59.85,1,int8,562,fountain,0.125,7.77,church,-0.07769999999999999
1783700831.1636677,571,42.4,42.3227934740559,45.3,45.20866839250909,59.85,41.8,42.16595543183912,45.3,45.23606787475636,59.85,1,int8,663,monastery,0.4258,10.99,church,-0.1099
1783700834.4282794,572,41.7,42.02616880228739,45.3,45.25524751232945,59.85,42.2,42.07831816160117,45.3,45.268673258630606,59.85,1,int8,497,church,0.5547,7.04,church,0.9296
1783700837.7218235,573,42.9,42.32482271312082,45.2,45.248071281041426,59.85,43.4,42.64737589918457,45.2,45.233649896729,59.85,1,int8,406,altar,0.6016,25.72,church,-0.2572
1783700841.0050628,574,42.2,42.513163129429195,45.0,45.163554927710294,59.85,41.9,42.32921419060043,45.0,45.1144884493972,59.85,1,int8,687,organ,0.2422,16.6,church,-0.166
1783700844.2905805,575,42.2,42.290449933420305,45.0,45.080141914578036,59.85,42.2,42.263314953394215,45.0,45.056099340204625,59.85,1,int8,518,crash helmet,0.125,23.03,French horn,-0.2303
1783700847.579953,576,47.2,43.74432046737595,45.2,45.09926953814323,59.85,43.7,43.73102432716316,45.3,45.159488676700256,59.85,1,int8,691,oxygen mask,0.1523,26.85,French horn,-0.2685
1783700850.8681436,577,42.8,43.45171702901421,45.3,45.201642073690174,59.85,41.9,42.986201920309945,45.3,45.231149451583114,59.85,1,int8,566,French horn,0.8789,25.96,French horn,0.7404
1783700854.1570961,578,42.1,42.72034134421696,45.2,45.22180461610818,59.85,42.5,42.65423894095187,45.2,45.21526323127573,59.85,1,int8,513,cornet,0.3359,24.1,French horn,-0.24100000000000002
1783700857.4398906,579,46.0,43.657967258666304,45.2,45.21068426189301,59.85,42.9,43.43057708106641,45.2,45.2074789833251,59.85,1,int8,513,cornet,0.2969,23.51,French horn,-0.23510000000000003
1783700860.7259557,580,41.7,42.91140395674648,45.1,45.17523528832757,59.85,41.6,42.517982769722536,45.1,45.152664701829295,59.85,1,int8,867,trailer truck,0.707,24.38,garbage truck,-0.2438
1783700864.0122762,581,42.5,42.51258793880577,45.0,45.1068652912805,59.85,42.3,42.448811557164035,45.0,45.074805703896345,59.85,1,int8,569,garbage truck,0.7227,24.15,garbage truck,0.7585
1783700867.300604,582,42.7,42.524168090014825,45.0,45.052363992727436,59.85,47.2,43.92691766301037,45.0,45.036654794909204,59.85,1,int8,675,moving van,0.5586,25.96,garbage truck,-0.2596
1783700870.5880673,583,48.0,45.14884236410725,44.8,44.96565835643644,59.85,45.7,45.31418965487508,44.8,44.91596084950551,59.85,1,int8,569,garbage truck,0.625,24.63,garbage truck,0.7537
1783700873.8744602,584,42.2,44.37993275841255,44.8,44.881172594653854,59.85,41.7,43.57595293088878,44.8,44.856820816257695,59.85,1,int8,867,trailer truck,0.5859,25.48,garbage truck,-0.2548
1783700877.1387622,585,43.4,43.523167051622146,44.7,44.80977457138039,59.85,42.9,43.3362169361355,44.7,44.77684219996627,59.85,1,int8,480,cash machine,0.4414,7.95,gas pump,-0.0795
1783700880.4272614,586,43.7,43.44535185529485,44.7,44.75378953997638,59.85,42.4,43.13174629870639,44.7,44.73765267798346,59.85,1,int8,856,thresher,0.1953,23.78,gas pump,-0.2378
1783700883.6829152,587,42.4,42.91222240909447,44.6,44.696356874588425,59.85,42.4,42.75855568636612,44.7,44.6974498122119,59.85,1,int8,424,barbershop,0.2617,7.83,gas pump,-0.07830000000000001
1783700886.972963,588,43.0,42.83098898045628,44.7,44.69821486854833,59.85,43.1,42.91169228631939,44.7,44.69875040798382,59.85,1,int8,860,tobacco shop,0.2148,23.5,gas pump,-0.23500000000000001
1783700890.263851,589,42.6,42.81818460042357,44.7,44.69912528558868,59.85,43.4,42.992729220296496,44.7,44.69938769991207,59.85,1,int8,453,bookcase,0.2695,22.93,gas pump,-0.2293
1783700893.5298378,590,42.1,42.724910454207546,44.7,44.69957138993845,60.85,41.9,42.47743731794528,44.7,44.69969997295691,60.85,1,int8,772,safety pin,0.2422,7.84,golf ball,-0.0784
1783700896.823691,591,42.6,42.514206122561696,44.6,44.66978998106983,60.85,42.9,42.62994428579319,44.7,44.67885298674888,60.85,1,int8,574,golf ball,0.2266,25.31,golf ball,0.7469
1783700900.1134307,592,43.0,42.74096100005523,44.6,44.655197090724215,60.85,43.4,42.93867270003866,44.6,44.63863796350695,60.85,1,int8,574,golf ball,0.9648,23.5,golf ball,0.765
1783700903.4062464,593,68.3,50.54707089002706,44.6,44.627046574454866,60.85,47.7,49.69294962301894,44.6,44.618932602118406,60.85,1,int8,574,golf ball,0.7109,25.47,golf ball,0.7453000000000001
1783700906.666112,594,42.7,47.59506473611326,44.6,44.61325282148288,60.85,43.2,46.27654531527928,44.6,44.609276975038014,60.85,1,int8,574,golf ball,0.8516,9.01,golf ball,0.9099
1783700909.947238,595,42.9,45.26358172069549,44.6,44.60649388252661,60.85,42.9,44.55450720448684,44.6,44.60454571776862,60.85,1,int8,701,parachute,0.6211,21.5,parachute,0.785
1783700913.2129815,596,42.5,43.93815504314078,44.7,44.63318200243803,60.85,41.7,43.26670853019854,44.7,44.65322740170662,60.85,1,int8,403,aircraft carrier,0.1797,8.35,parachute,-0.0835
1783700916.4998329,597,44.7,43.69669597113898,44.7,44.66725918119464,60.85,45.7,44.29768717979728,44.7,44.677081426836246,60.85,1,int8,701,parachute,0.9727,25.3,parachute,0.747
1783700919.7852948,598,44.5,44.358381025858094,44.7,44.68395699878537,60.85,42.4,43.77086671810066,44.7,44.68876989914976,60.85,1,int8,701,parachute,0.918,23.33,parachute,0.7667
1783700923.0747144,599,42.4,43.35960670267046,44.8,44.72213892940483,60.85,41.9,42.92172469186932,44.8,44.74549725058338,60.85,1,int8,879,umbrella,0.4453,25.75,parachute,-0.2575
1783700926.3340478,600,42.6,42.825207284308526,44.8,44.76184807540836,60.85,43.1,42.907645099015966,44.9,44.80329365278585,60.85,1,int8,0,tench,0.7852,7.25,tench,0.9275
1783700929.6083782,601,43.2,42.995351569311175,44.7,44.77230555695009,60.85,43.2,43.05674609851782,44.7,44.75061388986506,60.85,1,int8,0,tench,0.7617,24.49,tench,0.7551
1783700932.893686,602,41.9,42.70972226896247,44.7,44.735429722905536,60.85,41.6,42.376805588273726,44.7,44.72480080603387,60.85,1,int8,0,tench,0.8984,23.25,tench,0.7675
1783700936.1811075,603,42.7,42.47376391179161,44.7,44.71736056422371,60.85,42.7,42.541634738254125,44.7,44.7121523949566,60.85,1,int8,0,tench,0.9531,26.08,tench,0.7392000000000001
1783700939.4697778,604,43.2,42.73914431677788,44.8,44.73850667646961,60.85,42.6,42.69740102174451,44.8,44.756954673528725,60.85,1,int8,0,tench,0.8984,26.95,tench,0.7304999999999999
1783700942.7518585,605,41.9,42.458180715221154,44.8,44.7698682714701,60.85,42.1,42.35072650065481,44.8,44.778907790029066,60.85,1,int8,217,English springer,0.4062,24.77,English springer,0.7523
1783700946.0215647,606,48.7,44.25550855045836,45.2,44.905235453020346,60.85,44.7,44.388855985320845,45.2,44.993664817114244,60.85,1,int8,217,English springer,0.3164,13.16,English springer,0.8684000000000001
1783700949.281725,607,42.9,43.94219918972459,45.1,45.025565371979965,60.85,42.6,43.53953943280721,45.1,45.04789576038597,60.85,1,int8,217,English springer,0.1484,7.59,English springer,0.9241
1783700952.5403838,608,42.4,43.197677602965044,44.9,45.00352703227017,60.85,42.7,43.04837432207553,45.0,45.00246892258912,60.85,1,int8,210,German short-haired pointer,0.1992,7.03,English springer,-0.0703
1783700955.7995646,609,42.4,42.85386202545287,44.6,44.88172824581238,60.85,42.5,42.74770341781701,44.6,44.79720977206867,60.85,1,int8,217,English springer,0.5234,10.89,English springer,0.8911
1783700959.05856,610,42.6,42.703392392471905,44.7,44.768046840448065,60.85,42.7,42.70237467473033,44.7,44.747632788313645,60.85,1,int8,482,cassette player,0.5977,7.72,cassette player,0.9228
1783700962.3447945,611,41.6,42.37166227231123,44.6,44.70334295181955,60.85,45.7,43.37016359061786,44.6,44.672340066273684,60.85,1,int8,848,tape player,0.7188,24.55,cassette player,-0.24550000000000002
1783700965.6216326,612,43.1,43.289114513432494,44.7,44.68063804639158,60.85,44.3,43.592380159402744,44.7,44.6864466324741,60.85,1,int8,482,cassette player,0.5195,26.37,cassette player,0.7363
1783700968.904822,613,49.2,45.274666111581915,45.1,44.810512642731865,60.85,56.6,48.672266278107344,45.5,45.017358849912306,60.85,1,int8,482,cassette player,0.1484,23.76,cassette player,0.7624
1783700972.1923294,614,44.9,47.54058639467514,45.5,45.16215119493861,60.85,43.7,46.3884104762726,45.5,45.26350583645702,60.85,1,int8,818,spotlight,0.3008,26.26,cassette player,-0.2626
1783700975.4558942,615,56.3,49.36188733339081,45.5,45.334454085519916,60.85,55.6,51.233321133373565,45.5,45.38411785986394,60.85,1,int8,491,chain saw,0.1523,13.61,chain saw,0.8639
1783700978.7193267,616,43.5,48.91332479336149,45.5,45.418882501904754,60.85,43.7,47.34932735535304,45.5,45.44321775133333,60.85,1,int8,491,chain saw,0.7148,7.67,chain saw,0.9233
1783700981.9956925,617,2.5,33.894529148747125,45.3,45.400252425933324,60.85,2.0,24.326170404122987,45.3,45.37017669815332,60.85,1,int8,802,snowmobile,0.0703,5.33,chain saw,-0.0533
1783700985.2730508,618,4.0,18.22831928288609,45.3,45.34912368870732,60.85,3.0,13.659823498020263,45.3,45.33438658209512,60.85,0,fp32,491,chain saw,0.6289,9.41,chain saw,0.9059
1783700988.5453792,619,3.5,10.611876448614185,45.3,45.32407060746658,60.85,3.0,8.32831351402993,45.3,45.3168494252266,60.85,0,fp32,491,chain saw,0.3559,7.62,chain saw,0.9238
1783700991.8179996,620,3.1,6.75981945982095,45.2,45.28179459765862,60.85,3.5,5.781873621874664,45.2,45.25725621836103,60.85,0,fp32,554,fireboat,0.1381,8.88,church,-0.0888
1783700995.0884771,621,2.6,4.827311535312265,44.9,45.150079352852714,60.85,2.5,4.129118074718585,44.9,45.07505554699689,60.85,0,fp32,663,monastery,0.3477,10.01,church,-0.1001
1783700998.3604226,622,3.6,3.9703826523030097,44.7,44.962538882897825,60.85,4.1,4.009267856612106,44.8,44.91377721802847,60.85,0,fp32,497,church,0.518,8.51,church,0.9149
1783701001.6167278,623,3.7,3.9164874996284738,44.8,44.87964405261993,60.85,2.1,3.3715412497399315,44.8,44.85575083683395,60.85,0,fp32,406,altar,0.7162,6.91,church,-0.06910000000000001
1783701004.8995266,624,2.5,3.110078874817952,44.8,44.83902558578376,60.85,2.0,2.7770552123725665,44.8,44.82731791004863,60.85,0,fp32,884,vault,0.1841,13.27,church,-0.13269999999999998
1783701008.1736314,625,3.6,3.0239386486607964,44.8,44.81912253703403,60.85,3.6,3.1967570540625574,44.8,44.81338577592382,60.85,0,fp32,729,plate rack,0.1872,7.31,French horn,-0.0731
1783701011.4520297,626,3.6,3.31772993784379,44.7,44.77937004314667,60.85,3.1,3.252410956490653,44.8,44.78555903020267,60.85,0,fp32,691,oxygen mask,0.1954,9.73,French horn,-0.09730000000000001
1783701014.7308402,627,3.5,3.326687669543457,44.8,44.789891321141866,60.85,2.5,3.0786813686804195,44.8,44.792923924799304,60.85,0,fp32,566,French horn,0.9461,8.97,French horn,0.9103
1783701018.0091252,628,3.5,3.205076958076294,44.7,44.765046747359506,60.85,3.1,3.1735538706534054,44.7,44.745532723151655,60.85,0,fp32,875,trombone,0.2696,8.02,French horn,-0.0802
1783701021.2858374,629,3.6,3.301487709457384,44.6,44.701872906206155,60.85,3.0,3.2110413966201685,44.6,44.671311034344306,60.85,0,fp32,513,cornet,0.2775,7.77,French horn,-0.07769999999999999
1783701024.558987,630,3.0,3.1477289776341175,44.7,44.67991772404101,60.85,3.0,3.103410284343882,44.7,44.6859424068287,60.85,0,fp32,867,trailer truck,0.5809,7.36,garbage truck,-0.0736
1783701027.8302624,631,7.1,4.302387199040718,44.7,44.690159684780085,60.85,3.0,3.911671039328502,44.8,44.723111779346056,60.85,0,fp32,569,garbage truck,0.72,8.05,garbage truck,0.9195
1783701031.1026027,632,4.0,3.938169727529951,44.8,44.74617824554224,60.85,2.6,3.5367188092709654,44.8,44.76232477187956,60.85,0,fp32,675,moving van,0.513,7.4,garbage truck,-0.07400000000000001
1783701034.3579698,633,11.4,5.8957031664896755,45.1,44.86362734031569,60.85,14.4,8.446992216542773,45.0,44.90453913822098,60.85,0,fp32,569,garbage truck,0.7944,9.82,garbage truck,0.9017999999999999
1783701037.6271985,634,3.6,6.9928945515799406,45.0,44.93317739675469,60.85,2.5,5.645026186105958,45.0,44.95322417772827,60.85,0,fp32,867,trailer truck,0.3995,7.44,garbage truck,-0.07440000000000001
1783701040.9018345,635,4.1,5.18151833027417,45.1,44.99725692440979,60.85,4.1,4.857062831191919,45.1,45.02807984708685,60.85,0,fp32,571,gas pump,0.4306,8.56,gas pump,0.9144
1783701044.1744518,636,2.5,4.149943981834343,45.2,45.079655892960794,60.85,2.0,3.5049607872840403,45.2,45.11575912507256,60.85,0,fp32,856,thresher,0.188,7.71,gas pump,-0.0771
1783701047.4371514,637,4.6,3.833472551098828,45.0,45.08103138755079,60.85,2.5,3.4334307857691795,45.0,45.05672197128555,60.85,0,fp32,706,patio,0.2122,7.87,gas pump,-0.0787
1783701050.7249315,638,3.6,3.4834015500384257,44.9,45.009705379899884,60.85,3.5,3.488381085026898,44.9,44.97679376592991,60.85,0,fp32,571,gas pump,0.2132,13.92,gas pump,0.8608
1783701054.0053313,639,2.5,3.1918667595188284,44.8,44.923755636150936,60.85,2.5,2.9843067316631795,44.8,44.88662894530565,60.85,0,fp32,453,bookcase,0.2548,8.43,gas pump,-0.0843
1783701057.278099,640,2.5,2.8390147121642255,44.8,44.860640261713954,60.85,4.0,3.1873102985149577,44.7,44.81244818319976,60.85,0,fp32,772,safety pin,0.2579,9.74,golf ball,-0.0974
1783701060.5528727,641,4.1,3.46111720896047,44.7,44.778713728239836,60.85,3.0,3.3227820462723288,44.7,44.75509960976788,60.85,0,fp32,574,golf ball,0.3281,7.96,golf ball,0.9204
1783701063.8269045,642,2.5,3.07594743239063,44.7,44.73856972683751,60.85,1.5,2.603163202673441,44.7,44.726998808786256,60.85,0,fp32,574,golf ball,0.9775,7.78,golf ball,0.9222
1783701067.1020617,643,3.5,2.8722142418714087,44.8,44.74889916615037,60.85,2.5,2.760549969309986,44.8,44.764229416305255,60.85,0,fp32,574,golf ball,0.604,8.21,golf ball,0.9178999999999999
1783701070.374327,644,3.1,2.86238497851699,44.8,44.774960591413674,60.85,2.6,2.7836694849618926,44.8,44.78247241398957,60.85,0,fp32,574,golf ball,0.8822,8.17,golf ball,0.9183
1783701073.6526961,645,2.5,2.698568639473325,44.8,44.787730689792696,60.85,3.0,2.788998047631327,44.8,44.79141148285488,60.85,0,fp32,701,parachute,0.8955,10.3,parachute,0.897
1783701076.935525,646,2.5,2.702298633341929,44.7,44.763988037998416,60.85,2.0,2.4916090433393503,44.7,44.74479162659889,60.85,0,fp32,403,aircraft carrier,0.1905,6.56,parachute,-0.06559999999999999
1783701080.214395,647,3.1,2.674126330337545,44.6,44.70135413861922,60.85,3.0,2.771888431236281,44.6,44.67094789703346,60.85,0,fp32,701,parachute,0.9528,8.0,parachute,0.92
1783701083.4893448,648,2.1,2.5703219018653964,44.7,44.67966352792342,60.85,2.0,2.3992253313057774,44.7,44.685764469546385,60.85,0,fp32,701,parachute,0.8659,8.18,parachute,0.9182
1783701086.7674975,649,3.0,2.5794577319140437,44.7,44.69003512868247,60.85,2.5,2.5556204123398305,44.7,44.69302459007773,60.85,0,fp32,701,parachute,0.4111,8.21,parachute,0.9178999999999999
1783701090.0453827,650,4.0,2.988934288637881,44.6,44.66511721305441,60.85,4.0,3.2922540020465165,44.6,44.645582049138085,60.85,0,fp32,0,tench,0.762,8.41,tench,0.9158999999999999
1783701093.3178864,651,2.0,2.9045778014325614,44.7,44.66190743439665,60.85,3.6,3.113204461002793,44.8,44.70333520407765,60.85,0,fp32,0,tench,0.8943,8.08,tench,0.9192
1783701096.5757525,652,3.0,3.0792431227019548,44.7,44.70233464285435,60.85,2.0,2.7554701858913684,44.7,44.701634249998044,60.85,0,fp32,0,tench,0.9366,7.79,tench,0.9221
1783701099.853773,653,3.0,2.8288291301239576,44.7,44.70114397499863,60.85,3.0,2.8801803910867703,44.7,44.70080078249904,60.85,0,fp32,0,tench,0.9557,7.91,tench,0.9209
1783701103.12584,654,3.1,2.946126273760739,44.7,44.70056054774932,60.85,2.0,2.6622883916325173,44.7,44.70039238342452,60.85,0,fp32,0,tench,0.8085,8.45,tench,0.9155
1783701106.3972063,655,3.0,2.763601874142762,44.6,44.67027466839716,60.85,2.0,2.5345213118999332,44.6,44.649192267878014,60.85,0,fp32,217,English springer,0.2901,7.75,English springer,0.9225
1783701109.6710093,656,4.1,3.004164918329953,44.7,44.664434587514606,60.85,3.1,3.0329154428309666,44.7,44.67510421126022,60.85,0,fp32,217,English springer,0.3843,7.29,English springer,0.9271
1783701112.9441745,657,3.6,3.2030408099816765,44.8,44.71257294788215,60.85,2.6,3.022128566987173,44.8,44.738801063517506,60.85,0,fp32,217,English springer,0.0751,8.49,English springer,0.9151
1783701116.2169836,658,2.5,2.865489996891021,44.7,44.72716074446225,60.85,2.0,2.6058429978237148,44.7,44.719012521123574,60.85,0,fp32,215,Brittany spaniel,0.1431,7.38,English springer,-0.0738
1783701119.4880688,659,4.1,3.0540900984765997,44.6,44.6833087647865,60.85,3.1,3.0678630689336197,44.6,44.65831613535055,60.85,0,fp32,217,English springer,0.5382,8.85,English springer,0.9115
1783701122.7600822,660,3.6,3.2275041482535336,44.7,44.67082129474538,61.85,3.0,3.1592529037774733,44.7,44.67957490632176,61.85,0,fp32,482,cassette player,0.5997,8.39,cassette player,0.9161
1783701126.0353498,661,2.5,2.9614770326442312,44.6,44.65570243442523,60.85,2.0,2.6730339228509616,44.6,44.63899170409766,60.85,0,fp32,848,tape player,0.7176,8.35,cassette player,-0.0835
1783701129.3131561,662,3.5,2.921123745995673,44.7,44.65729419286836,60.85,3.1,2.974786622196971,44.7,44.670105935007854,60.85,0,fp32,482,cassette player,0.5429,7.59,cassette player,0.9241
1783701132.590324,663,4.6,3.4623506355378795,44.6,44.6490741545055,60.85,3.6,3.5036454448765157,44.6,44.634351908153846,60.85,0,fp32,482,cassette player,0.1619,7.89,cassette player,0.9211
1783701135.866435,664,3.5,3.5025518114135608,44.6,44.62404633570769,60.85,1.5,2.9017862679894924,44.6,44.61683243499538,60.85,0,fp32,818,spotlight,0.4148,8.07,cassette player,-0.08070000000000001
1783701139.1452143,665,2.1,2.6612503875926445,44.6,44.61178270449677,61.85,4.5,3.212875271314851,44.6,44.608247893147734,61.85,0,fp32,795,ski,0.2617,7.57,chain saw,-0.0757
1783701142.411269,666,4.6,3.6290126899203954,44.6,44.60577352520341,60.85,3.5,3.590308882944277,44.6,44.60404146764239,61.85,0,fp32,491,chain saw,0.7581,7.27,chain saw,0.9273
1783701145.6836786,667,2.5,3.2632162180609936,44.6,44.60282902734967,60.85,2.0,2.8842513526426954,44.6,44.601980319144765,60.85,0,fp32,802,snowmobile,0.0861,7.74,chain saw,-0.07740000000000001
1783701148.9554095,668,3.0,2.9189759468498866,44.6,44.601386223401335,60.85,2.5,2.7932831627949204,44.6,44.600970356380934,60.85,0,fp32,491,chain saw,0.6289,7.78,chain saw,0.9222
1783701152.227012,669,3.6,3.035298213956444,44.5,44.57067924946665,60.85,3.6,3.204708749769511,44.6,44.579475474626655,60.85,0,fp32,491,chain saw,0.3559,7.44,chain saw,0.9256
1783701155.4962785,670,3.0,3.1432961248386575,44.5,44.55563283223866,60.85,2.5,2.95030728738706,44.5,44.53894298256706,60.85,0,fp32,554,fireboat,0.1381,9.0,church,-0.09
1783701158.768436,671,2.5,2.8152151011709416,44.6,44.55726008779694,61.85,2.5,2.720650570819659,44.6,44.57008206145786,61.85,0,fp32,663,monastery,0.3477,9.27,church,-0.09269999999999999
1783701162.0419447,672,5.5,3.554455399573761,44.9,44.6690574430205,60.85,3.1,3.418118779701633,44.9,44.738340210114345,60.85,0,fp32,497,church,0.518,8.32,church,0.9168
1783701165.306274,673,2.5,3.1426831457911426,44.8,44.75683814708004,60.85,4.1,3.429878202053799,44.8,44.769786702956026,61.85,0,fp32,406,altar,0.7162,7.23,church,-0.0723
1783701168.5587256,674,12.8,6.240914741437659,44.8,44.77885069206921,60.85,13.8,8.50864031900636,44.8,44.785195484448444,60.85,0,fp32,884,vault,0.1841,8.58,church,-0.0858
1783701171.8320932,675,4.1,7.186048223304452,44.9,44.81963683911391,60.85,3.5,6.080233756313116,44.9,44.84374578737973,60.85,0,fp32,729,plate rack,0.1872,8.49,French horn,-0.0849
1783701175.0966268,676,4.0,5.456163629419181,45.0,44.890622051165806,61.85,2.5,4.569314540593426,45.0,44.92343543581606,61.85,0,fp32,691,oxygen mask,0.1954,7.75,French horn,-0.0775
1783701178.3693132,677,2.6,3.9785201784153985,44.7,44.856404805071236,60.85,2.5,3.5349641248907786,44.7,44.80948336354986,60.85,0,fp32,566,French horn,0.9461,6.73,French horn,0.9327
1783701181.6482835,678,3.0,3.3744748874235446,44.6,44.7466383544849,60.85,3.0,3.262132421196481,44.6,44.70264684813943,60.85,0,fp32,875,trombone,0.2696,9.78,French horn,-0.0978
1783701184.90109,679,11.8,5.823492694837537,44.8,44.7318527936976,60.85,13.1,8.006444886386276,44.8,44.752296955588314,60.85,0,fp32,513,cornet,0.2775,9.14,French horn,-0.09140000000000001
1783701188.1728156,680,3.0,6.5045114204703935,44.8,44.76660786891182,60.85,2.5,5.3031579943292755,44.8,44.77662550823827,60.85,0,fp32,867,trailer truck,0.5809,9.34,garbage truck,-0.0934
1783701191.4461052,681,4.5,5.062210596030493,44.9,44.813637855766785,60.85,3.0,4.443547417221344,44.9,44.83954649903674,60.85,0,fp32,569,garbage truck,0.72,7.79,garbage truck,0.9221
1783701194.718694,682,3.0,4.010483192054941,44.8,44.827682549325715,60.85,2.6,3.587338234438458,44.8,44.819377784528,60.85,0,fp32,675,moving van,0.513,8.35,garbage truck,-0.0835
1783701197.991428,683,2.6,3.2911367641069207,44.8,44.8135644491696,60.85,3.0,3.203795734874844,44.8,44.809495114418716,60.85,0,fp32,569,garbage truck,0.7944,7.65,garbage truck,0.9235
1783701201.2625368,684,4.1,3.4726570144123903,44.7,44.7766465800931,60.85,2.6,3.210859910088673,44.6,44.723652606065166,60.85,0,fp32,867,trailer truck,0.3995,7.82,garbage truck,-0.0782
1783701204.529923,685,4.1,3.4776019370620705,44.6,44.68655682424561,60.85,3.6,3.514321355943449,44.7,44.690589776971926,60.85,0,fp32,571,gas pump,0.4306,8.56,gas pump,0.9144
1783701207.8033073,686,3.0,3.3600249491604144,44.7,44.693412843880346,60.85,2.0,2.95201746441229,44.7,44.69538899071624,60.85,0,fp32,856,thresher,0.188,8.04,gas pump,-0.0804
1783701211.0757582,687,4.0,3.2664122250886027,44.8,44.72677229350136,60.85,4.0,3.486488557562022,44.8,44.74874060545095,60.85,0,fp32,706,patio,0.2122,7.34,gas pump,-0.0734
1783701214.3504815,688,3.5,3.4905419902934156,44.8,44.76411842381566,60.85,4.5,3.7933793932053907,44.8,44.77488289667096,60.85,0,fp32,571,gas pump,0.2132,7.9,gas pump,0.921
1783701217.6253202,689,2.6,3.4353655752437735,44.7,44.75241802766967,60.85,3.0,3.304755902670641,44.7,44.73669261936877,60.85,0,fp32,453,bookcase,0.2548,8.5,gas pump,-0.085
1783701220.8997102,690,4.5,3.6633291318694488,44.7,44.725684833558134,60.85,4.0,3.764330392308614,44.7,44.71797938349069,60.85,0,fp32,772,safety pin,0.2579,7.32,golf ball,-0.0732
1783701224.1760197,691,4.5,3.9850312746160297,44.7,44.71258556844349,60.85,3.6,3.8695218922312207,44.7,44.70880989791044,60.85,0,fp32,574,golf ball,0.3281,7.89,golf ball,0.9211
1783701227.4536498,692,4.5,4.058665324561854,44.7,44.70616692853731,60.85,2.5,3.591065727193298,44.7,44.70431684997611,60.85,0,fp32,574,golf ball,0.9775,8.11,golf ball,0.9189
1783701230.7325044,693,4.1,3.7437460090353083,44.7,44.70302179498327,60.85,4.5,3.970622206324715,44.7,44.702115256488284,60.85,0,fp32,574,golf ball,0.604,7.84,golf ball,0.9216
1783701234.005913,694,4.6,4.1594355444273,44.7,44.701480679541795,60.85,2.6,3.69160488109911,44.7,44.70103647567926,60.85,0,fp32,574,golf ball,0.8822,7.87,golf ball,0.9213
1783701237.272344,695,3.0,3.4841234167693766,44.9,44.76072553297548,60.85,3.0,3.3388863917385634,44.9,44.80250787308283,60.85,0,fp32,701,parachute,0.8955,8.22,parachute,0.9178
1783701240.54956,696,4.0,3.537220474216994,44.9,44.83175551115798,60.85,4.0,3.676054331951896,44.9,44.85222885781059,60.85,0,fp32,403,aircraft carrier,0.1905,12.23,parachute,-0.1223
1783701243.8277917,697,4.1,3.803238032366327,44.7,44.80656020046741,60.85,3.6,3.7422666226564285,44.7,44.77459214032719,60.85,0,fp32,701,parachute,0.9528,13.62,parachute,0.8638
1783701247.0911024,698,3.0,3.5195866358594996,44.8,44.78221449822903,60.85,3.0,3.3637106451016496,44.8,44.78755014876032,60.85,0,fp32,701,parachute,0.8659,9.77,parachute,0.9023
1783701250.3570523,699,5.6,4.0345974515711545,44.7,44.76128510413222,60.85,2.1,3.454218216099808,44.7,44.742899572892554,60.85,0,fp32,701,parachute,0.4111,7.19,parachute,0.9281
1783701253.6305437,700,3.6,3.4979527512698656,44.6,44.70002970102479,60.85,3.5,3.4985669258889054,44.6,44.67002079071735,60.85,0,fp32,0,tench,0.762,9.09,tench,0.9091
1783701256.8999696,701,3.0,3.3489968481222334,44.6,44.64901455350215,60.85,2.6,3.124297793685563,44.6,44.634310187451504,60.85,0,fp32,0,tench,0.8943,7.62,tench,0.9238
1783701260.172059,702,2.0,2.787008455579894,44.6,44.62401713121605,60.85,1.5,2.4009059189059254,44.6,44.616811991851236,60.85,0,fp32,0,tench,0.9366,7.65,tench,0.9235
1783701263.4435854,703,3.6,2.7606341432341477,44.7,44.641768394295866,60.85,3.5,2.9824439002639034,44.7,44.659237876007104,60.85,0,fp32,0,tench,0.9557,7.27,tench,0.9273
1783701266.70694,704,2.5,2.837710730184732,44.8,44.70146651320497,60.85,2.5,2.7363975111293124,44.8,44.731026559243475,60.85,0,fp32,0,tench,0.8085,9.43,tench,0.9057
1783701269.9796739,705,3.5,2.9654782577905188,44.8,44.75171859147043,60.85,2.5,2.8258347804533632,44.8,44.766203014029294,60.85,0,fp32,217,English springer,0.2901,7.53,English springer,0.9247
1783701273.2568426,706,5.0,3.4780843463173543,44.7,44.7463421098205,60.85,4.0,3.6346590424221477,44.7,44.73243947687435,60.85,0,fp32,217,English springer,0.3843,8.38,English springer,0.9162
1783701276.5334222,707,3.0,3.444261329695503,44.7,44.72270763381204,60.85,2.5,3.1609829307868518,44.7,44.71589534366843,60.85,0,fp32,217,English springer,0.0751,8.5,English springer,0.915
1783701279.8121173,708,3.5,3.2626880515507963,44.7,44.7111267405679,60.85,2.0,2.8838816360855573,44.7,44.707788718397524,60.85,0,fp32,215,Brittany spaniel,0.1431,7.53,English springer,-0.0753
1783701283.0912018,709,4.1,3.2487171452598895,44.7,44.70545210287827,60.85,3.6,3.3541020016819227,44.7,44.703816472014786,60.85,0,fp32,217,English springer,0.5382,8.75,English springer,0.9125
1783701286.3701751,710,2.6,3.1278714011773454,44.8,44.73267153041035,60.85,2.1,2.8195099808241415,44.8,44.75287007128724,60.85,0,fp32,482,cassette player,0.5997,8.06,cassette player,0.9194
1783701289.6465116,711,3.0,2.873656986576899,44.7,44.73700904990106,60.85,2.0,2.611559890603829,44.7,44.72590633493074,60.85,0,fp32,848,tape player,0.7176,7.9,cassette player,-0.079
1783701292.920862,712,3.5,2.87809192342268,44.8,44.748134434451515,60.85,3.0,2.9146643463958757,44.8,44.763694104116055,60.85,0,fp32,482,cassette player,0.5429,6.85,cassette player,0.9315
1783701296.1922467,713,2.5,2.7902650424771127,44.8,44.77458587288124,60.85,2.0,2.553185529733979,44.8,44.782210111016866,60.85,0,fp32,482,cassette player,0.1619,7.72,cassette player,0.9228
1783701299.4689991,714,2.5,2.537229870813785,44.8,44.78754707771181,60.85,2.5,2.526060909569649,44.8,44.79128295439826,60.85,0,fp32,818,spotlight,0.4148,9.37,cassette player,-0.09369999999999999
1783701302.737849,715,4.1,2.998242636698754,44.9,44.823898068078776,60.85,3.6,3.1787698456891276,44.9,44.84672864765514,60.85,0,fp32,795,ski,0.2617,11.75,chain saw,-0.11750000000000001
1783701306.0063682,716,12.2,5.885138891982389,45.0,44.8927100533586,60.85,12.8,7.959597224387672,45.1,44.95489703735102,60.85,0,fp32,491,chain saw,0.7581,20.06,chain saw,0.7994
1783701309.2809672,717,0.0,5.57171805707137,44.9,44.93842792614571,60.85,0.0,3.9002026399499585,44.9,44.92689954830199,60.85,0,fp32,802,snowmobile,0.0861,8.7,chain saw,-0.087
1783701312.5567267,718,1.0,3.0301418479649707,44.4,44.76882968381139,60.85,0.0,2.121099293575479,44.4,44.65818077866797,60.85,0,fp32,491,chain saw,0.6289,8.32,chain saw,0.9168
1783701315.8303654,719,0.0,1.4847695055028354,44.4,44.58072654506758,60.85,0.5,1.1893386538519846,44.4,44.5265085815473,60.85,0,fp32,491,chain saw,0.3559,8.23,chain saw,0.9177
1783701319.1031604,720,0.5,0.9825370576963892,44.4,44.488556007083105,60.85,0.5,0.8377759403874724,44.4,44.46198920495817,60.85,0,fp32,554,fireboat,0.1381,8.49,church,-0.0849
1783701322.3713405,721,5.5,2.2364431582712303,44.7,44.53339244347072,60.85,6.1,3.395510210789861,44.8,44.6133747104295,60.85,0,fp32,663,monastery,0.3477,8.72,church,-0.08720000000000001
1783701325.644302,722,2.5,3.1268571475529026,44.8,44.669362297300644,60.85,2.5,2.9388000032870316,44.8,44.70855360811045,60.85,0,fp32,497,church,0.518,8.29,church,0.9171
1783701328.9193249,723,3.0,2.957160002300922,44.6,44.675987525677314,60.85,0.5,2.2200120016106455,44.6,44.653191267974115,60.85,0,fp32,406,altar,0.7162,7.77,church,-0.07769999999999999
1783701332.1773033,724,1.0,1.8540084011274518,44.6,44.63723388758188,60.85,0.5,1.447805880789216,44.6,44.62606372130731,60.85,0,fp32,884,vault,0.1841,8.57,church,-0.0857
1783701335.4428172,725,1.0,1.3134641165524512,44.6,44.61824460491512,60.85,0.5,1.0694248815867158,44.6,44.61277122344058,60.85,0,fp32,729,plate rack,0.1872,7.71,French horn,-0.0771
1783701338.718987,726,0.0,0.748597417110701,44.5,44.578939856408404,60.85,0.0,0.5240181919774907,44.5,44.55525789948588,60.85,0,fp32,691,oxygen mask,0.1954,8.05,French horn,-0.0805
1783701341.9934843,727,0.5,0.5168127343842435,44.5,44.53868052964011,60.85,0.0,0.3617689140689704,44.5,44.52707637074808,60.85,0,fp32,566,French horn,0.9461,8.8,French horn,0.912
1783701345.2538784,728,0.0,0.25323823984827926,44.5,44.51895345952365,60.85,0.5,0.3272667678937955,44.5,44.513267421666555,60.85,0,fp32,875,trombone,0.2696,7.71,French horn,-0.0771
1783701348.5327487,729,1.0,0.5290867375256568,44.5,44.509287195166586,60.85,0.0,0.37036071626795974,44.5,44.506501036616605,60.85,0,fp32,513,cornet,0.2775,9.13,French horn,-0.0913
1783701351.808276,730,0.5,0.40925250138757185,44.5,44.504550725631624,60.85,1.0,0.5864767509713003,44.5,44.503185507942135,60.85,0,fp32,867,trailer truck,0.5809,8.67,garbage truck,-0.0867
1783701355.0867429,731,2.0,1.01053372567991,44.5,44.50222985555949,60.85,0.0,0.707373607975937,44.5,44.50156089889164,60.85,0,fp32,569,garbage truck,0.72,7.94,garbage truck,0.9206
1783701358.356517,732,3.5,1.545161525583156,44.9,44.621092629224144,60.85,3.0,1.981613067908209,44.8,44.674764840456895,60.85,0,fp32,675,moving van,0.513,7.74,garbage truck,-0.07740000000000001
1783701361.6258318,733,3.0,2.287129147535746,44.9,44.74233538831982,60.85,4.0,2.800990403275022,44.9,44.78963477182387,60.85,0,fp32,569,garbage truck,0.7944,8.36,garbage truck,0.9164
1783701364.8929572,734,2.0,2.5606932822925152,44.9,44.82274434027671,60.85,2.5,2.5424852976047605,44.9,44.845921038193694,60.85,0,fp32,867,trailer truck,0.3995,8.83,garbage truck,-0.0883
1783701368.1556897,735,2.0,2.3797397083233323,44.7,44.802144726735584,60.85,1.0,1.9658177958263325,44.7,44.7715013087149,60.85,0,fp32,571,gas pump,0.4306,7.73,gas pump,0.9227
1783701371.4379625,736,1.0,1.6760724570784327,44.5,44.69005091610043,60.85,0.5,1.3232507199549026,44.5,44.6330356412703,60.85,0,fp32,856,thresher,0.188,8.49,gas pump,-0.0849
1783701374.7115057,737,0.5,1.0762755039684317,44.5,44.593124948889205,60.85,4.5,2.103392852777902,44.5,44.56518746422244,60.85,0,fp32,706,patio,0.2122,7.78,gas pump,-0.07780000000000001
1783701377.9924896,738,1.0,1.7723749969445313,44.5,44.545631224955706,60.85,0.0,1.2406624978611718,44.5,44.53194185746899,60.85,0,fp32,571,gas pump,0.2132,7.79,gas pump,0.9221
1783701381.2715209,739,0.0,0.8684637485028202,44.5,44.522359300228295,60.85,0.0,0.6079246239519741,44.5,44.515651510159806,60.85,0,fp32,453,bookcase,0.2548,8.93,gas pump,-0.0893
1783701384.5514266,740,0.0,0.42554723676638184,44.5,44.51095605711186,60.85,0.5,0.4478830657364673,44.5,44.5076692399783,60.85,0,fp32,772,safety pin,0.2579,8.32,golf ball,-0.08320000000000001
1783701387.8283234,741,0.5,0.4635181460155271,44.5,44.50536846798481,60.85,0.5,0.47446270221086895,44.5,44.50375792758936,60.85,0,fp32,574,golf ball,0.3281,8.08,golf ball,0.9192
1783701391.1036656,742,1.0,0.6321238915476082,44.5,44.50263054931255,60.85,0.5,0.5924867240833257,44.5,44.501841384518784,60.85,0,fp32,574,golf ball,0.9775,8.0,golf ball,0.92
1783701394.3789873,743,3.0,1.314740706858328,44.7,44.561288969163144,60.85,1.5,1.3703184948008293,44.7,44.6029022784142,60.85,0,fp32,574,golf ball,0.604,8.22,golf ball,0.9178
1783701397.6459594,744,4.1,2.18922294636058,45.0,44.72203159488994,60.85,1.0,1.832456062452406,45.0,44.80542211642296,60.85,0,fp32,574,golf ball,0.8822,7.43,golf ball,0.9257
1783701400.925305,745,40.5,13.432719243716685,45.8,45.103795481496064,60.85,40.0,21.40290347060168,45.8,45.31265683704724,60.85,0,fp32,701,parachute,0.8955,22.81,parachute,0.7719
1783701404.2004914,746,44.5,28.332032429421176,45.8,45.458859785933065,60.85,40.2,31.89242270059482,45.8,45.56120185015314,60.85,0,fp32,403,aircraft carrier,0.1905,21.09,parachute,-0.2109
1783701407.4807413,747,42.3,35.01469589041637,45.6,45.572841295107196,60.85,40.8,36.75028712329146,45.6,45.58098890657503,60.85,1,int8,701,parachute,0.9727,18.21,parachute,0.8179
1783701410.7603033,748,40.3,37.81520098630401,45.4,45.52669223460252,60.85,41.3,38.86064069041281,45.4,45.488684564221764,60.85,1,int8,701,parachute,0.918,18.36,parachute,0.8164
1783701414.020653,749,40.0,39.20244848328896,45.4,45.46207919495523,60.85,40.0,39.44171393830227,45.4,45.44345543646866,60.85,1,int8,879,umbrella,0.4453,9.11,parachute,-0.0911
1783701417.2962768,750,40.0,39.60919975681159,45.3,45.400418805528055,60.85,41.2,40.08643982976811,45.3,45.37029316386963,60.85,1,int8,0,tench,0.7852,18.54,tench,0.8146
1783701420.5504036,751,40.6,40.240507880837676,45.3,45.34920521470874,59.85,40.2,40.22835551658637,45.3,45.334443650296116,59.85,1,int8,0,tench,0.7617,7.78,tench,0.9222
1783701423.8055115,752,40.0,40.159848861610456,45.3,45.32411055520728,59.85,40.2,40.171894203127316,45.3,45.31687738864509,59.85,1,int8,0,tench,0.8984,5.84,tench,0.9416
1783701427.064408,753,40.2,40.18032594218912,45.3,45.311814172051555,59.85,40.0,40.12622815953238,45.3,45.30826992043608,59.85,1,int8,0,tench,0.9531,9.62,tench,0.9038
1783701430.3415062,754,40.7,40.29835971167267,45.3,45.305788944305256,59.85,40.8,40.448851798170864,45.3,45.30405226101367,59.85,1,int8,0,tench,0.8984,18.72,tench,0.8128
1783701433.6200666,755,40.5,40.4641962587196,45.3,45.30283658270957,59.85,40.0,40.32493738110372,45.3,45.30198560789669,59.85,1,int8,217,English springer,0.4062,18.19,English springer,0.8181
1783701436.8956535,756,40.8,40.46745616677261,45.1,45.24138992552768,59.85,40.2,40.387219316740826,45.2,45.22897294786937,59.85,1,int8,217,English springer,0.3164,18.19,English springer,0.8181
1783701440.1698434,757,40.2,40.33105352171857,45.2,45.22028106350856,59.85,40.7,40.441737465203005,45.2,45.21419674445599,59.85,1,int8,217,English springer,0.1484,18.86,English springer,0.8114
1783701443.4431474,758,40.2,40.3692162256421,45.1,45.17993772111919,59.85,40.0,40.25845135794947,45.2,45.18595640478343,59.85,1,int8,210,German short-haired pointer,0.1992,18.13,English springer,-0.1813
1783701446.7040446,759,40.5,40.33091595056462,45.1,45.1601694833484,59.85,40.5,40.38164116539524,45.1,45.142118638343874,59.85,1,int8,217,English springer,0.5234,18.65,English springer,0.8135
1783701449.977634,760,40.6,40.447148815776664,45.0,45.09948304684071,59.85,40.0,40.31300417104366,45.0,45.0696381327885,59.85,1,int8,482,cassette player,0.5977,18.71,cassette player,0.8129
1783701453.2502654,761,40.5,40.36910291973056,45.1,45.078746692951945,59.85,40.0,40.25837204381139,45.1,45.08512268506636,59.85,1,int8,848,tape player,0.7188,17.93,cassette player,-0.1793
1783701456.5232084,762,40.6,40.36086043066797,45.1,45.08958587954645,59.85,40.2,40.31260230146758,45.1,45.09271011568251,59.85,1,int8,482,cassette player,0.5195,18.01,cassette player,0.8199
1783701459.7951565,763,40.8,40.458821611027304,45.1,45.09489708097775,59.85,40.3,40.41117512771911,45.1,45.09642795668442,59.85,1,int8,482,cassette player,0.1484,19.18,cassette player,0.8082
1783701463.0487363,764,40.5,40.437822589403375,45.2,45.127499569679095,59.85,40.2,40.36647581258236,45.2,45.149249698775364,59.85,1,int8,818,spotlight,0.3008,5.92,cassette player,-0.0592
1783701466.3110883,765,40.0,40.25653306880765,45.2,45.16447478914275,59.85,40.0,40.17957314816535,45.2,45.17513235239993,59.85,1,int8,491,chain saw,0.1523,19.61,chain saw,0.8039000000000001
1783701469.5879579,766,40.3,40.215701203715746,45.2,45.18259264667995,59.85,40.2,40.21099084260102,45.2,45.18781485267596,59.85,1,int8,491,chain saw,0.7148,20.12,chain saw,0.7988
1783701472.861885,767,40.5,40.29769358982071,45.2,45.19147039687317,59.85,40.3,40.298385512874496,45.2,45.19402927781122,59.85,1,int8,802,snowmobile,0.0703,18.12,chain saw,-0.1812
1783701476.135361,768,40.5,40.358869859012145,45.2,45.19582049446785,59.85,40.2,40.3112089013085,45.2,45.19707434612749,59.85,1,int8,491,chain saw,0.5508,18.1,chain saw,0.819
1783701479.4095728,769,40.0,40.217846230915946,45.2,45.197952042289245,59.85,40.3,40.242492361641155,45.2,45.19856642960247,59.85,1,int8,491,chain saw,0.3203,18.47,chain saw,0.8153
1783701482.6828709,770,40.0,40.16974465314881,45.2,45.19899650072173,59.85,40.5,40.268821257204166,45.2,45.19929755050521,59.85,1,int8,562,fountain,0.125,19.02,church,-0.1902
1783701485.9566207,771,40.5,40.338174880042914,45.2,45.199508285353645,59.85,40.4,40.35672241603004,45.2,45.199655799747546,59.85,1,int8,663,monastery,0.4258,19.05,church,-0.1905
1783701489.2295747,772,40.0,40.249705691221024,45.1,45.16975905982328,59.85,40.5,40.32479398385472,45.1,45.14883134187629,59.85,1,int8,497,church,0.5547,18.0,church,0.8200000000000001
1783701492.5038862,773,42.5,40.977355788698304,45.1,45.1341819393134,58.85,40.2,40.74414905208881,45.1,45.12392735751938,58.85,1,int8,406,altar,0.6016,19.48,church,-0.1948
1783701495.7790766,774,42.9,41.390904336462164,45.0,45.08674915026356,58.85,43.2,41.93363303552351,45.1,45.09072440518449,58.85,1,int8,687,organ,0.2422,19.25,church,-0.1925
1783701499.0525827,775,40.8,41.59354312486646,45.1,45.09350708362914,58.85,40.3,41.205480187406515,45.1,45.095454958540394,58.85,1,int8,518,crash helmet,0.125,18.52,French horn,-0.1852
1783701502.3264828,776,42.2,41.503836131184556,45.1,45.09681847097827,58.85,44.7,42.46268529182919,45.1,45.09777292968479,58.85,1,int8,691,oxygen mask,0.1523,18.72,French horn,-0.1872
1783701505.6017182,777,41.2,42.083879704280434,45.1,45.09844105077935,58.85,40.2,41.5187157929963,45.1,45.09890873554554,58.85,1,int8,566,French horn,0.8789,18.23,French horn,0.8177
1783701508.875808,778,40.3,41.15310105509741,45.1,45.099236114881876,58.85,49.0,43.507170738568185,45.1,45.09946528041731,58.85,1,int8,513,cornet,0.3359,18.28,French horn,-0.18280000000000002
1783701512.1515894,779,40.3,42.545019516997726,45.1,45.099625696292115,58.85,40.3,41.871513661898405,45.2,45.12973798740448,58.85,1,int8,513,cornet,0.2969,20.16,French horn,-0.2016
1783701515.4290664,780,40.0,41.31005956332888,45.2,45.15081659118314,58.85,43.0,41.817041694330214,45.2,45.16557161382819,58.85,1,int8,867,trailer truck,0.707,19.24,garbage truck,-0.1924
1783701518.7051883,781,40.5,41.42192918603115,45.2,45.17590012967973,58.85,40.5,41.145350430221804,45.2,45.18313009077581,58.85,1,int8,569,garbage truck,0.7227,18.43,garbage truck,0.8157
1783701521.979026,782,40.6,40.98174530115526,45.0,45.12819106354307,58.85,40.0,40.68722171080868,45.0,45.08973374448014,58.85,1,int8,675,moving van,0.5586,18.07,garbage truck,-0.1807
1783701525.2432225,783,40.5,40.63105519756607,45.0,45.0628136211361,58.85,40.2,40.501738638296246,45.0,45.043969534795266,58.85,1,int8,569,garbage truck,0.625,20.97,garbage truck,0.7903
1783701528.5231063,784,41.0,40.65121704680737,45.0,45.03077867435668,58.85,40.8,40.69585193276515,45.0,45.021545072049676,58.85,1,int8,867,trailer truck,0.5859,19.03,garbage truck,-0.19030000000000002
1783701531.7921133,785,48.5,43.037096352935606,45.1,45.04508155043477,58.85,52.5,45.87596744705492,45.1,45.06155708530434,58.85,1,int8,480,cash machine,0.4414,9.0,gas pump,-0.09
1783701535.072354,786,43.9,45.28317721293844,45.3,45.13308995971303,58.85,46.7,45.70822404905691,45.2,45.15316297179912,58.85,1,int8,856,thresher,0.1953,18.97,gas pump,-0.18969999999999998
1783701538.3539212,787,40.2,44.05575683433983,45.2,45.167214080259384,58.85,40.8,43.07902978403788,45.2,45.17704985618157,58.85,1,int8,424,barbershop,0.2617,19.09,gas pump,-0.19090000000000001
1783701541.627893,788,41.0,42.45532084882651,45.2,45.1839348993271,58.85,40.2,41.778724594178556,45.2,45.18875442952897,58.85,1,int8,860,tobacco shop,0.2148,18.81,gas pump,-0.1881
1783701544.9042556,789,40.2,41.305107215924984,45.2,45.192128100670274,58.85,40.3,41.003575051147486,45.2,45.19448967046919,58.85,1,int8,453,bookcase,0.2695,20.57,gas pump,-0.2057
1783701548.1806552,790,40.0,40.702502535803234,45.3,45.226142769328426,58.85,40.2,40.551751775062264,45.3,45.2482999385299,58.85,1,int8,772,safety pin,0.2422,20.15,golf ball,-0.20149999999999998
1783701551.4435353,791,40.2,40.44622624254358,45.2,45.23380995697092,58.85,40.0,40.312358369780505,45.3,45.25366696987964,58.85,1,int8,574,golf ball,0.2266,19.25,golf ball,0.8075
1783701554.7185826,792,40.0,40.21865085884635,45.2,45.23756687891574,58.85,40.2,40.213055601192444,45.2,45.22629681524102,58.85,1,int8,574,golf ball,0.9648,19.79,golf ball,0.8021
1783701558.001592,793,54.0,44.349138920834704,45.0,45.15840777066872,58.85,52.3,46.73439724458429,45.1,45.1408854394681,58.85,1,int8,574,golf ball,0.7109,19.59,golf ball,0.8041
1783701561.2861373,794,43.2,45.674078071209,45.5,45.24861980762767,58.85,41.7,44.4818546498463,45.5,45.324033865339366,58.85,1,int8,574,golf ball,0.8516,18.52,golf ball,0.8148
1783701564.553343,795,42.5,43.88729825489241,45.5,45.37682370573756,58.85,42.5,43.47110877842468,45.5,45.41377659401629,58.85,1,int8,701,parachute,0.6211,19.29,parachute,0.8071
1783701567.8413062,796,48.0,44.82977614489727,46.1,45.6196436158114,58.85,47.5,45.63084330142809,46.1,45.76375053106798,58.85,1,int8,403,aircraft carrier,0.1797,20.85,parachute,-0.20850000000000002
1783701571.1262145,797,55.5,48.591590310999656,49.4,46.85462537174758,58.85,62.1,52.644113217699754,50.1,47.8282377602233,58.85,1,int8,701,parachute,0.9727,21.9,parachute,0.781
1783701574.3962464,798,52.5,52.600879252389824,52.8,49.31976643215631,58.85,49.5,51.67061547667288,52.9,50.39383650250941,58.85,1,int8,701,parachute,0.918,7.31,parachute,0.9269000000000001
1783701577.6823552,799,73.6,58.24943083367101,54.6,51.65568555175658,58.85,53.0,56.674601583569704,54.3,52.4489798862296,58.85,1,int8,879,umbrella,0.4453,22.09,parachute,-0.2209
1783701580.9495063,800,47.5,53.92222110849879,49.5,51.56428592036072,58.85,58.6,55.32555477594915,49.8,51.0350001442525,58.85,1,int8,0,tench,0.7852,20.48,tench,0.7952
1783701584.2273436,801,48.0,53.1278883431644,49.9,50.69450010097675,58.85,47.7,51.49952184021508,49.8,50.42615007068372,58.85,1,int8,0,tench,0.7617,21.4,tench,0.786
1783701587.505987,802,54.5,52.39966528815056,49.8,50.2383050494786,58.85,49.0,51.37976570170538,49.7,50.07681353463502,58.85,1,int8,0,tench,0.8984,19.55,tench,0.8045
1783701590.7898822,803,47.5,50.215835991193764,49.0,49.75376947424451,58.85,41.4,47.571085193835636,49.0,49.52763863197116,58.85,1,int8,0,tench,0.9531,23.42,tench,0.7658
1783701594.060346,804,43.4,46.319759635684946,46.0,48.4693470423798,58.85,40.7,44.63383174497946,46.0,47.728542929665856,58.85,1,int8,0,tench,0.8984,22.63,tench,0.7737
1783701597.334943,805,46.5,45.193682221485616,39.9,45.37998005076609,58.85,45.7,45.34557755503993,39.9,43.73598603553626,58.85,1,int8,217,English springer,0.4062,17.09,English springer,0.8291
1783701600.5913193,806,40.2,43.80190428852795,39.5,42.46519022487538,58.85,40.2,42.72133300196956,39.5,41.57563315741276,58.85,1,int8,217,English springer,0.3164,10.39,English springer,0.8961
1783701603.8383646,807,40.2,41.96493310137869,39.3,40.89294321018893,58.85,41.0,41.67545317096508,39.3,40.415060247132246,58.85,1,int8,217,English springer,0.1484,10.48,English springer,0.8952
1783701607.092607,808,40.3,41.26281721967555,39.3,40.080542172992565,58.85,40.5,41.03397205377288,39.3,39.84637952109479,58.85,1,int8,210,German short-haired pointer,0.1992,9.26,English springer,-0.0926
1783701610.3685346,809,49.5,43.57378043764101,39.1,39.62246566476635,58.85,50.0,45.501646306348704,38.9,39.405725965336444,58.85,1,int8,217,English springer,0.5234,20.89,English springer,0.7911
1783701613.6467571,810,40.0,43.85115241444409,38.9,39.25400817573551,58.85,40.2,42.75580669011086,38.9,39.147805723014855,58.85,1,int8,482,cassette player,0.5977,20.53,cassette player,0.7947
1783701616.923716,811,40.8,42.16906468307759,38.8,39.0434640061104,58.85,40.0,41.518345278154314,38.8,38.97042480427728,58.85,1,int8,848,tape player,0.7188,20.79,cassette player,-0.2079
1783701620.200909,812,40.7,41.27284169470802,38.8,38.919297362994094,58.85,40.2,40.950989186295615,38.8,38.883508154095864,58.85,1,int8,482,cassette player,0.5195,19.78,cassette player,0.8022
1783701623.4783757,813,40.2,40.72569243040693,38.8,38.8584557078671,58.85,40.0,40.50798470128485,38.8,38.84091899550697,58.85,1,int8,482,cassette player,0.1484,21.1,cassette player,0.7889999999999999
1783701626.754246,814,40.3,40.44558929089939,38.6,38.768643296854876,58.85,40.3,40.40191250362957,38.6,38.718050307798414,58.85,1,int8,818,spotlight,0.3008,19.1,cassette player,-0.19100000000000003
1783701630.0300477,815,40.0,40.28133875254069,38.6,38.68263521545889,58.85,41.0,40.496937126778484,38.6,38.65784465082122,58.85,1,int8,491,chain saw,0.1523,19.46,chain saw,0.8054
1783701633.3066247,816,41.0,40.647855988744936,38.5,38.61049125557485,58.85,40.0,40.453499192121456,38.6,38.60734387890239,58.85,1,int8,491,chain saw,0.7148,20.34,chain saw,0.7966
1783701636.5830805,817,40.0,40.31744943448501,38.5,38.57514071523167,58.85,40.5,40.37221460413951,38.5,38.552598500662164,58.85,1,int8,802,snowmobile,0.0703,19.13,chain saw,-0.1913
1783701639.8624983,818,42.3,40.950550222897654,38.5,38.53681895046351,58.85,41.7,41.175385156028355,38.5,38.52577326532445,58.85,1,int8,491,chain saw,0.5508,20.94,chain saw,0.7906
1783701643.1382914,819,40.2,40.88276960921985,38.6,38.548041285727116,58.85,40.3,40.70793872645389,38.6,38.56362890000898,58.85,1,int8,491,chain saw,0.3203,20.4,chain saw,0.796
1783701646.4132903,820,40.8,40.73555710851772,38.6,38.574540230006285,58.85,40.8,40.7548899759624,38.6,38.5821781610044,58.85,1,int8,562,fountain,0.125,18.87,church,-0.1887
1783701649.6902483,821,40.0,40.52842298317368,38.5,38.55752471270308,58.85,40.2,40.429896088221575,38.5,38.540267298892154,58.85,1,int8,663,monastery,0.4258,20.72,church,-0.2072
1783701652.9659915,822,40.3,40.390927261755095,38.5,38.528187109224504,58.85,40.5,40.42364908322857,38.5,38.51973097645715,58.85,1,int8,497,church,0.5547,19.16,church,0.8084
1783701656.2439845,823,40.5,40.446554358259995,38.6,38.543811683520005,58.85,40.5,40.462588050781996,38.6,38.560668178464,58.85,1,int8,406,altar,0.6016,21.05,church,-0.21050000000000002
1783701659.5211523,824,40.3,40.41381163554739,38.6,38.5724677249248,58.85,40.0,40.289668144883166,38.6,38.580727407447355,58.85,1,int8,687,organ,0.2422,20.49,church,-0.2049
1783701662.79733,825,40.5,40.352767701418216,38.6,38.586509185213146,58.85,40.2,40.30693739099275,38.6,38.5905564296492,58.85,1,int8,518,crash helmet,0.125,20.12,French horn,-0.20120000000000002
1783701666.0784426,826,40.5,40.364856173694925,38.6,38.593389500754434,58.85,40.5,40.405399321586444,38.6,38.595372650528105,58.85,1,int8,691,oxygen mask,0.1523,19.23,French horn,-0.1923
1783701669.3611505,827,40.0,40.2837795251105,38.6,38.59676085536967,58.85,40.0,40.19864566757735,38.6,38.59773259875877,58.85,1,int8,566,French horn,0.8789,19.37,French horn,0.8063
1783701672.6414173,828,40.5,40.28905196730415,38.6,38.598412819131134,58.85,40.8,40.442336377112895,38.6,38.598888973391794,58.85,1,int8,513,cornet,0.3359,19.96,French horn,-0.1996
1783701675.9178834,829,40.5,40.459635463979026,38.6,38.59922228137425,58.85,40.2,40.381744824785315,38.6,38.599455596961974,58.85,1,int8,513,cornet,0.2969,18.46,French horn,-0.18460000000000001
1783701679.1975017,830,40.0,40.26722137734971,38.6,38.59961891787338,58.85,40.2,40.247054964144795,38.6,38.59973324251136,58.85,1,int8,867,trailer truck,0.707,18.91,garbage truck,-0.18910000000000002
1783701682.4683251,831,42.0,40.77293847490135,38.6,38.59981326975795,58.85,40.5,40.691056932430946,38.6,38.59986928883057,58.85,1,int8,569,garbage truck,0.7227,20.61,garbage truck,0.7939
1783701685.7475674,832,40.2,40.54373985270166,38.7,38.6299085021814,58.85,40.5,40.530617896891165,38.7,38.65093595152698,58.85,1,int8,675,moving van,0.5586,20.47,garbage truck,-0.2047
1783701689.0225518,833,40.5,40.52143252782381,38.7,38.66565516606889,58.85,47.0,42.46500276947667,38.7,38.675958616248224,58.85,1,int8,569,garbage truck,0.625,19.51,garbage truck,0.8049
1783701692.2990801,834,40.3,41.815501938633666,38.7,38.68317103137375,58.85,40.2,41.330851357043564,38.7,38.68821972196163,58.85,1,int8,867,trailer truck,0.5859,19.36,garbage truck,-0.1936
1783701695.573779,835,42.5,41.6815959499305,38.6,38.66175380537314,58.85,40.0,41.17711716495134,38.6,38.643227663761195,58.85,1,int8,480,cash machine,0.4414,18.47,gas pump,-0.1847
1783701698.847926,836,40.3,40.91398201546593,38.5,38.600259364632834,58.85,40.5,40.78978741082615,38.5,38.57018155524298,58.85,1,int8,856,thresher,0.1953,18.48,gas pump,-0.18480000000000002
1783701702.1118631,837,40.3,40.6428511875783,38.5,38.54912708867008,58.85,40.0,40.449995831304804,38.5,38.53438896206906,58.85,1,int8,424,barbershop,0.2617,19.55,gas pump,-0.1955
1783701705.386985,838,40.2,40.374997081913364,38.5,38.52407227344834,58.85,44.0,41.46249795733935,38.5,38.516850591413835,58.85,1,int8,860,tobacco shop,0.2148,18.91,gas pump,-0.18910000000000002
1783701708.660971,839,40.2,41.083748570137544,38.5,38.51179541398968,58.85,40.3,40.848623999096276,38.5,38.508256789792775,58.85,1,int8,453,bookcase,0.2695,18.37,gas pump,-0.1837
1783701711.9361262,840,40.0,40.59403679936739,38.5,38.50577975285494,58.85,40.5,40.56582575955717,38.5,38.50404582699846,58.85,1,int8,772,safety pin,0.2422,20.15,golf ball,-0.20149999999999998
1783701715.2109015,841,40.3,40.48607803169001,38.5,38.50283207889892,58.85,40.0,40.34025462218301,38.5,38.50198245522924,58.85,1,int8,574,golf ball,0.2266,19.34,golf ball,0.8066
1783701718.4792569,842,42.4,40.95817823552811,38.6,38.53138771866047,58.85,40.8,40.91072476486967,38.6,38.551971403062325,58.85,1,int8,574,golf ball,0.9648,18.9,golf ball,0.8109999999999999
1783701721.7430034,843,40.0,40.63750733540877,38.6,38.56637998214362,58.85,40.2,40.50625513478614,38.6,38.576465987500534,58.85,1,int8,574,golf ball,0.7109,20.21,golf ball,0.7979
1783701725.0170946,844,40.0,40.354378594350294,38.6,38.58352619125037,58.85,40.3,40.3380650160452,38.6,38.588468333875255,58.85,1,int8,574,golf ball,0.8516,18.1,golf ball,0.819
1783701728.2972116,845,40.6,40.416645511231636,38.6,38.591927833712674,58.85,40.0,40.29165185786214,38.6,38.59434948359887,58.85,1,int8,701,parachute,0.6211,18.24,parachute,0.8176
1783701731.5788677,846,40.5,40.3541563005035,38.6,38.59604463851921,58.85,40.2,40.307909410352444,38.6,38.597231246963446,58.85,1,int8,403,aircraft carrier,0.1797,18.32,parachute,-0.1832
1783701734.8592553,847,40.0,40.21553658724671,38.6,38.59806187287441,58.85,40.5,40.3008756110727,38.6,38.59864331101208,58.85,1,int8,701,parachute,0.9727,18.41,parachute,0.8159
1783701738.1419013,848,40.8,40.45061292775088,38.6,38.59905031770845,58.85,40.3,40.405429049425614,38.6,38.599335222395915,58.85,1,int8,701,parachute,0.918,18.94,parachute,0.8106
1783701741.4060667,849,43.2,41.24380033459793,38.5,38.56953465567714,58.85,50.0,43.87066023421855,38.6,38.578674258974,58.85,1,int8,879,umbrella,0.4453,7.38,parachute,-0.0738
1783701744.6906774,850,51.2,46.06946216395298,38.7,38.6150719812818,58.85,43.7,45.35862351476708,38.7,38.64055038689726,58.85,1,int8,0,tench,0.7852,21.56,tench,0.7844
1783701747.9715133,851,41.0,44.05103646033695,39.0,38.74838527082808,58.85,40.5,42.98572552223587,39.0,38.82386968957965,58.85,1,int8,0,tench,0.7617,18.96,tench,0.8104
1783701751.2478473,852,41.3,42.480007865565106,39.1,38.906708782705756,58.85,40.8,41.97600550589557,39.1,38.96469614789403,58.85,1,int8,0,tench,0.8984,20.04,tench,0.7996
1783701754.5222642,853,40.5,41.533203854126896,38.9,38.945287303525824,58.85,40.7,41.283242697888824,39.0,38.96170111246808,58.85,1,int8,0,tench,0.9531,19.45,tench,0.8055
1783701757.7962089,854,40.2,40.958269888522175,38.8,38.91319077872765,58.85,40.3,40.76078892196552,38.8,38.87923354510936,58.85,1,int8,0,tench,0.8984,18.6,tench,0.814
1783701761.0706356,855,41.0,40.83255224537586,38.7,38.82546348157655,58.85,40.2,40.6427865717631,38.7,38.78782443710358,58.85,1,int8,217,English springer,0.4062,19.39,English springer,0.8061
1783701764.3450673,856,40.4,40.569950600234165,38.8,38.791477105972504,58.85,43.0,41.29896542016392,38.8,38.79403397418075,58.85,1,int8,217,English springer,0.3164,18.56,English springer,0.8144
1783701767.621948,857,40.5,41.05927579411474,38.8,38.79582378192652,58.85,44.0,41.941493055880315,38.8,38.79707664734856,58.85,1,int8,217,English springer,0.1484,20.33,English springer,0.7967
1783701770.8967102,858,40.5,41.50904513911622,38.9,38.82795365314399,58.85,40.3,41.14633159738135,38.9,38.84956755720079,58.85,1,int8,210,German short-haired pointer,0.1992,19.32,English springer,-0.1932
1783701774.170681,859,40.0,40.80243211816694,38.8,38.83469729004055,58.85,40.3,40.65170248271686,38.8,38.82428810302839,58.85,1,int8,217,English springer,0.5234,18.7,English springer,0.813
1783701777.447134,860,40.2,40.5161917379018,38.8,38.817001672119865,58.85,40.2,40.42133421653126,38.9,38.8419011704839,58.85,1,int8,482,cassette player,0.5977,18.81,cassette player,0.8119000000000001
1783701780.7238038,861,41.3,40.68493395157188,38.8,38.82933081933873,58.85,40.2,40.539453766100316,38.8,38.82053157353711,58.85,1,int8,848,tape player,0.7188,20.16,cassette player,-0.2016
1783701784.0000646,862,40.2,40.43761763627022,38.8,38.814372101475975,58.85,40.3,40.39633234538915,38.8,38.81006047103318,58.85,1,int8,482,cassette player,0.5195,19.82,cassette player,0.8018
1783701787.2761567,863,40.2,40.3374326417724,38.8,38.807042329723224,58.85,40.2,40.29620284924068,38.8,38.80492963080626,58.85,1,int8,482,cassette player,0.1484,18.29,cassette player,0.8170999999999999
1783701790.554101,864,40.3,40.29734199446847,38.7,38.77345074156438,58.85,41.5,40.65813939612792,38.8,38.78141551909506,58.85,1,int8,818,spotlight,0.3008,18.11,cassette player,-0.1811
1783701793.829174,865,40.3,40.55069757728954,38.8,38.78699086336654,58.85,40.5,40.53548830410268,38.8,38.790893604356576,58.85,1,int8,491,chain saw,0.1523,19.66,chain saw,0.8034
1783701797.1066747,866,40.8,40.61484181287187,38.8,38.7936255230496,58.85,40.0,40.430389269010305,38.8,38.795537866134715,58.85,1,int8,491,chain saw,0.7148,20.13,chain saw,0.7987
1783701800.3806407,867,40.0,40.30127248830721,38.8,38.796876506294296,58.85,40.0,40.21089074181505,38.8,38.797813554406005,58.85,1,int8,802,snowmobile,0.0703,18.18,chain saw,-0.1818
1783701803.6416936,868,40.5,40.29762351927053,38.9,38.8284694880842,58.85,40.2,40.26833646348937,38.9,38.84992864165894,58.85,1,int8,491,chain saw,0.5508,18.29,chain saw,0.8170999999999999
1783701806.9176903,869,40.0,40.187835524442555,38.9,38.86495004916126,58.85,40.2,40.191484867109786,38.9,38.875465034412876,58.85,1,int8,491,chain saw,0.3203,17.99,chain saw,0.8201
1783701810.193303,870,40.2,40.19403940697685,38.9,38.882825524089014,58.85,40.2,40.195827584883794,38.9,38.88797786686231,58.85,1,int8,562,fountain,0.125,18.09,church,-0.1809
1783701813.4672103,871,40.0,40.13707930941865,38.9,38.89158450680361,58.85,40.2,40.15595551659305,38.9,38.894109154762525,58.85,1,int8,663,monastery,0.4258,19.33,church,-0.1933
1783701816.743645,872,40.6,40.28916886161514,38.9,38.89587640833376,58.85,40.0,40.20241820313059,38.9,38.897113485833636,58.85,1,int8,497,church,0.5547,19.27,church,0.8073
1783701820.018277,873,40.0,40.14169274219141,38.9,38.897979440083546,58.85,40.2,40.159184919533985,38.9,38.89858560805848,58.85,1,int8,406,altar,0.6016,18.58,church,-0.1858
1783701823.2970562,874,40.5,40.26142944367379,38.9,38.89900992564094,58.85,40.2,40.24300061057165,38.9,38.89930694794866,58.85,1,int8,687,organ,0.2422,20.16,church,-0.2016
1783701826.5738392,875,40.3,40.26010042740015,38.8,38.869514863564056,58.85,40.5,40.3320702991801,38.9,38.87866040449484,58.85,1,int8,518,crash helmet,0.125,18.1,French horn,-0.18100000000000002
1783701829.8521087,876,40.2,40.29244920942607,38.9,38.88506228314638,58.85,40.5,40.354714446598244,38.9,38.889543598202465,58.85,1,int8,691,oxygen mask,0.1523,19.11,French horn,-0.1911
1783701833.1287267,877,40.3,40.33830011261877,38.8,38.862680518741726,57.85,40.8,40.47681007883313,38.8,38.84387636311921,57.85,1,int8,566,French horn,0.8789,18.42,French horn,0.8158
1783701836.4033382,878,40.2,40.39376705518319,38.9,38.86071345418345,57.85,40.9,40.545636938628235,38.9,38.87249941792841,57.85,1,int8,513,cornet,0.3359,18.43,French horn,-0.1843
1783701839.6783774,879,40.2,40.44194585703976,38.9,38.88074959254988,57.85,40.6,40.48936209992783,38.9,38.88652471478492,57.85,1,int8,513,cornet,0.2969,19.13,French horn,-0.1913
1783701842.9542592,880,40.0,40.34255346994948,38.9,38.89056730034944,57.85,40.3,40.32978742896463,38.9,38.89339711024461,57.85,1,int8,867,trailer truck,0.707,19.71,garbage truck,-0.19710000000000003
1783701846.215442,881,40.8,40.470851200275234,38.8,38.86537797717122,57.85,40.2,40.38959584019266,38.8,38.845764584019854,57.85,1,int8,569,garbage truck,0.7227,18.06,garbage truck,0.8194
1783701849.4885333,882,40.2,40.332717088134864,38.8,38.83203520881389,57.85,40.2,40.292901961694405,38.8,38.82242464616972,57.85,1,int8,675,moving van,0.5586,18.49,garbage truck,-0.18489999999999998
1783701852.7612698,883,40.0,40.20503137318608,38.8,38.815697252318806,57.85,40.0,40.143521961230256,38.8,38.81098807662316,57.85,1,int8,569,garbage truck,0.625,19.39,garbage truck,0.8061
1783701856.0395036,884,40.3,40.190465372861176,38.9,38.83769165363621,57.85,40.2,40.193325761002825,38.9,38.85638415754535,57.85,1,int8,867,trailer truck,0.5859,18.39,garbage truck,-0.1839
1783701859.3179185,885,40.0,40.13532803270198,38.8,38.839468910281745,57.85,40.5,40.244729622891384,38.9,38.85762823719722,57.85,1,int8,480,cash machine,0.4414,18.04,gas pump,-0.1804
1783701862.599657,886,40.5,40.32131073602397,38.9,38.87033976603805,57.85,40.5,40.37491751521677,38.9,38.879237836226636,57.85,1,int8,856,thresher,0.1953,18.12,gas pump,-0.1812
1783701865.8805406,887,40.8,40.50244226065173,38.9,38.88546648535864,57.85,40.3,40.44170958245621,38.9,38.88982653975105,57.85,1,int8,424,barbershop,0.2617,18.12,gas pump,-0.1812
1783701869.159279,888,40.2,40.36919670771935,38.9,38.89287857782573,57.85,42.7,41.06843769540354,38.9,38.89501500447801,57.85,1,int8,860,tobacco shop,0.2148,19.34,gas pump,-0.19340000000000002
1783701872.4313242,889,40.5,40.89790638678247,38.9,38.89651050313461,57.85,40.4,40.74853447074773,38.9,38.89755735219423,57.85,1,int8,453,bookcase,0.2695,18.88,gas pump,-0.1888
1783701875.7046623,890,40.0,40.52397412952341,38.8,38.868290146535955,57.85,40.0,40.36678189066639,38.9,38.877803102575164,57.85,1,int8,772,safety pin,0.2422,17.96,golf ball,-0.1796
1783701878.978958,891,40.3,40.34674732346647,38.9,38.88446217180261,57.85,40.2,40.30272312642653,38.9,38.889123520261826,57.85,1,int8,574,golf ball,0.2266,18.13,golf ball,0.8187
1783701882.2555697,892,43.4,41.23190618849857,39.0,38.922386464183276,57.85,42.9,41.732334331949,39.0,38.94567052492829,57.85,1,int8,574,golf ball,0.9648,20.09,golf ball,0.7991
1783701885.52086,893,51.5,44.662634032364295,39.2,39.0219693674498,57.85,42.2,43.923843822655,39.3,39.105378557214856,57.85,1,int8,574,golf ball,0.7109,19.87,golf ball,0.8013
1783701888.793963,894,40.0,42.7466906758585,39.1,39.103764990050394,57.85,40.2,41.98268347310095,39.1,39.10263549303528,57.85,1,int8,574,golf ball,0.8516,18.25,golf ball,0.8175
1783701892.0455248,895,10.6,32.56787843117066,38.9,39.04184484512469,57.85,9.2,25.55751490181946,39.0,39.02929139158728,57.85,1,int8,701,parachute,0.6211,3.97,parachute,0.9603
1783701895.3211446,896,0.0,17.89026043127362,38.7,38.9305039741111,57.85,1.5,12.973182301891534,38.7,38.86135278187777,57.85,0,fp32,403,aircraft carrier,0.1905,8.46,parachute,-0.08460000000000001
1783701898.6032975,897,0.5,9.231227611324073,38.7,38.81294694731444,57.85,0.0,6.461859327926851,38.7,38.7790628631201,57.85,0,fp32,701,parachute,0.9528,8.27,parachute,0.9173
1783701901.8865871,898,0.0,4.523301529548795,38.7,38.755344004184074,57.85,1.0,3.466311070684156,38.7,38.73874080292885,57.85,0,fp32,701,parachute,0.8659,11.18,parachute,0.8882
1783701905.1635454,899,0.5,2.576417749478909,38.7,38.727118562050194,57.85,0.5,1.953492424635236,38.7,38.718982993435134,57.85,0,fp32,701,parachute,0.4111,7.8,parachute,0.922
1783701908.4422603,900,0.5,1.5174446972446651,38.7,38.71328809540459,57.85,0.5,1.2122112880712654,38.7,38.70930166678321,57.85,0,fp32,0,tench,0.762,8.74,tench,0.9126
1783701911.7199671,901,0.0,0.8485479016498858,38.7,38.70651116674825,57.85,0.5,0.74398353115492,38.7,38.70455781672378,57.85,0,fp32,0,tench,0.8943,8.68,tench,0.9132
1783701914.9983947,902,0.0,0.520788471808444,38.7,38.70319047170664,57.85,1.0,0.6645519302659108,38.7,38.70223333019465,57.85,0,fp32,0,tench,0.9366,9.03,tench,0.9097
1783701918.281462,903,0.0,0.4651863511861375,38.7,38.701563331136256,57.85,0.0,0.3256304458302962,38.7,38.70109433179538,57.85,0,fp32,0,tench,0.9557,8.37,tench,0.9163
1783701921.580217,904,0.0,0.22794131208120733,38.7,38.700766032256766,57.85,0.5,0.30955891845684513,38.7,38.700536222579736,57.85,0,fp32,0,tench,0.8085,14.28,tench,0.8572
1783701924.8505344,905,0.0,0.21669124291979158,38.5,38.640375355805816,57.85,0.0,0.15168387004385409,38.5,38.59826274906407,57.85,0,fp32,217,English springer,0.2901,7.63,English springer,0.9237
1783701928.1312122,906,0.0,0.10617870903069786,38.5,38.56878392434485,57.85,0.0,0.0743250963214885,38.5,38.548148747041395,57.85,0,fp32,217,English springer,0.3843,8.57,English springer,0.9143
1783701931.414814,907,0.5,0.20202756742504194,38.5,38.533704122928974,57.85,0.5,0.29141929719752935,38.5,38.52359288605028,57.85,0,fp32,217,English springer,0.0751,7.9,English springer,0.921
1783701934.6965644,908,0.5,0.35399350803827057,38.5,38.5165150202352,57.85,0.0,0.24779545562678937,38.5,38.511560514164636,57.85,0,fp32,215,Brittany spaniel,0.1431,9.07,English springer,-0.0907
1783701937.9778757,909,0.5,0.32345681893875255,38.4,38.478092359915244,57.85,0.0,0.22641977325712678,38.4,38.45466465194067,57.85,0,fp32,217,English springer,0.5382,8.18,English springer,0.9182
1783701941.2526994,910,1.0,0.4584938412799887,38.4,38.43826525635846,57.85,0.0,0.32094568889599207,38.4,38.42678567945092,57.85,0,fp32,482,cassette player,0.5997,8.55,cassette player,0.9145
1783701944.533707,911,1.0,0.5246619822271944,38.3,38.38874997561564,57.85,0.0,0.36726338755903604,38.3,38.36212498293094,57.85,0,fp32,848,tape player,0.7176,8.04,cassette player,-0.0804
1783701947.808886,912,0.0,0.2570843712913252,38.3,38.34348748805166,57.85,0.0,0.17995905990392763,38.4,38.36044124163616,57.85,0,fp32,482,cassette player,0.5429,8.4,cassette player,0.916
1783701951.079918,913,1.5,0.5759713419327492,38.3,38.34230886914531,57.85,0.5,0.5531799393529244,38.3,38.32961620840172,57.85,0,fp32,482,cassette player,0.1619,8.6,cassette player,0.914
1783701954.3497646,914,0.5,0.537225957547047,38.3,38.3207313458812,57.85,0.5,0.5260581702829329,38.3,38.31451194211684,57.85,0,fp32,818,spotlight,0.4148,8.29,cassette player,-0.08289999999999999
1783701957.6239176,915,0.0,0.368240719198053,38.2,38.28015835948179,57.85,0.5,0.40776850343863713,38.2,38.25611085163725,57.85,0,fp32,795,ski,0.2617,8.35,chain saw,-0.0835
1783701960.8871353,916,1.0,0.5854379524070459,38.0,38.17927759614608,57.85,1.0,0.709806566684932,38.0,38.125494317302255,57.85,0,fp32,491,chain saw,0.7581,7.74,chain saw,0.9226
1783701964.1598804,917,0.5,0.6468645966794524,38.0,38.08784602211158,57.85,0.5,0.6028052176756167,38.0,38.061492215478104,57.85,0,fp32,802,snowmobile,0.0861,8.15,chain saw,-0.0815
1783701967.4328947,918,0.5,0.5719636523729317,38.0,38.04304455083467,57.85,0.5,0.5503745566610522,38.1,38.06013118558427,57.85,0,fp32,491,chain saw,0.6289,8.51,chain saw,0.9149
1783701970.6967602,919,0.5,0.5352621896627365,38.2,38.102091829908986,57.85,0.0,0.3746835327639155,38.2,38.131464280936285,57.85,0,fp32,491,chain saw,0.3559,8.36,chain saw,0.9164
1783701973.9763641,920,0.0,0.2622784729347409,38.2,38.1520249966554,57.85,0.5,0.3335949310543186,38.2,38.16641749765878,57.85,0,fp32,554,fireboat,0.1381,7.99,church,-0.0799
1783701977.2557762,921,0.5,0.38351645173802296,38.2,38.17649224836114,57.85,0.0,0.26846151621661607,38.2,38.1835445738528,57.85,0,fp32,663,monastery,0.3477,8.63,church,-0.08630000000000002
1783701980.5311635,922,0.0,0.18792306135163123,38.2,38.18848120169696,57.85,0.5,0.28154614294614183,38.2,38.19193684118787,57.85,0,fp32,497,church,0.518,8.7,church,0.913
1783701983.8081138,923,0.5,0.34708230006229923,38.2,38.19435578883151,57.85,0.0,0.24295761004360944,38.2,38.196049052182055,57.85,0,fp32,406,altar,0.7162,8.38,church,-0.08380000000000001
1783701987.0697706,924,0.5,0.3200703270305266,38.1,38.167234336527436,57.85,1.0,0.5240492289213686,38.1,38.1470640355692,57.85,0,fp32,884,vault,0.1841,9.71,church,-0.0971
1783701990.3447237,925,0.0,0.366834460244958,38.1,38.13294482489844,57.85,1.0,0.5567841221714707,38.1,38.123061377428904,57.85,0,fp32,729,plate rack,0.1872,8.52,French horn,-0.0852
1783701993.6213129,926,0.5,0.5397488855200294,38.1,38.116142964200236,57.85,0.0,0.3778242198640206,38.1,38.11130007494016,57.85,0,fp32,691,oxygen mask,0.1954,8.63,French horn,-0.08630000000000002
1783701996.8967166,927,1.0,0.5644769539048144,38.1,38.10791005245811,57.85,0.5,0.5451338677333701,38.1,38.105537036720676,57.85,0,fp32,566,French horn,0.9461,8.7,French horn,0.913
1783702000.1700554,928,0.5,0.5315937074133591,38.0,38.07387592570447,57.85,0.5,0.5221155951893514,38.0,38.05171314799313,57.85,0,fp32,875,trombone,0.2696,7.94,French horn,-0.07940000000000001
1783702003.4329927,929,0.5,0.5154809166325459,38.0,38.03619920359519,57.85,1.5,0.8108366416427821,38.0,38.02533944251663,57.85,0,fp32,513,cornet,0.2775,8.06,French horn,-0.0806
1783702006.7067528,930,0.0,0.5675856491499475,38.0,38.01773760976164,57.85,0.5,0.5473099544049632,38.0,38.01241632683315,57.85,0,fp32,867,trailer truck,0.5809,8.16,garbage truck,-0.0816
1783702009.9837341,931,0.5,0.5331169680834742,38.0,38.0086914287832,57.85,0.5,0.5231818776584319,38.0,38.00608400014824,57.85,0,fp32,569,garbage truck,0.72,8.31,garbage truck,0.9169
1783702013.2588546,932,0.0,0.36622731436090233,38.1,38.03425880010377,57.85,0.0,0.2563591200526316,38.1,38.05398116007264,57.85,0,fp32,675,moving van,0.513,8.5,garbage truck,-0.085
1783702016.5329862,933,0.5,0.32945138403684215,38.0,38.03778681205085,57.85,0.0,0.2306159688257895,38.0,38.026450768435595,57.85,0,fp32,569,garbage truck,0.7944,8.39,garbage truck,0.9161
1783702019.8088043,934,0.0,0.16143117817805264,38.0,38.01851553790492,57.85,0.0,0.11300182472463684,38.0,38.01296087653344,57.85,0,fp32,867,trailer truck,0.3995,8.55,garbage truck,-0.0855
1783702023.083088,935,0.5,0.22910127730724578,38.0,38.00907261357341,57.85,0.0,0.16037089411507202,38.0,38.006350829501386,57.85,0,fp32,571,gas pump,0.4306,7.84,gas pump,0.9216
1783702026.3570814,936,1.5,0.5622596258805503,38.1,38.03444558065097,57.85,0.0,0.3935817381163852,38.1,38.054111906455674,57.85,0,fp32,856,thresher,0.188,8.05,gas pump,-0.0805
1783702029.6326427,937,0.0,0.2755072166814696,38.0,38.03787833451897,57.85,0.0,0.1928550516770287,38.0,38.02651483416328,57.85,0,fp32,706,patio,0.2122,8.16,gas pump,-0.0816
1783702032.9103656,938,0.5,0.28499853617392007,38.0,38.01856038391429,57.85,0.5,0.349498975321744,38.0,38.01299226874,57.85,0,fp32,571,gas pump,0.2132,8.8,gas pump,0.912
1783702036.191939,939,1.0,0.5446492827252207,38.0,38.009094588117996,57.85,1.0,0.6812544979076545,38.0,38.0063662116826,57.85,0,fp32,453,bookcase,0.2548,10.09,gas pump,-0.1009
1783702039.4673352,940,0.0,0.4768781485353581,38.0,38.00445634817782,57.85,0.0,0.33381470397475066,38.0,38.00311944372447,57.85,0,fp32,772,safety pin,0.2579,8.79,golf ball,-0.08789999999999999
1783702042.7424738,941,0.5,0.38367029278232545,38.0,38.002183610607126,57.85,0.5,0.41856920494762784,38.0,38.00152852742499,57.85,0,fp32,574,golf ball,0.3281,8.23,golf ball,0.9177
1783702046.0211027,942,0.5,0.4429984434633395,38.0,38.00106996919749,57.85,10.7,3.520098910424337,38.1,38.03074897843824,57.85,0,fp32,574,golf ball,0.9775,14.35,golf ball,0.8565
1783702049.3006217,943,0.5,2.614069237297036,38.1,38.05152428490676,57.85,2.0,2.429848466107925,38.1,38.06606699943473,57.85,0,fp32,574,golf ball,0.604,9.0,golf ball,0.91
1783702052.5622969,944,2.0,2.3008939262755472,38.7,38.256246899604314,57.85,0.5,1.7606257483928829,38.7,38.38937282972302,57.85,0,fp32,574,golf ball,0.8822,7.28,golf ball,0.9272
1783702055.8376625,945,1.0,1.532438023875018,38.9,38.542560980806115,57.85,1.0,1.3727066167125126,38.9,38.64979268656428,57.85,0,fp32,701,parachute,0.8955,7.89,parachute,0.9211
1783702059.114677,946,5.5,2.6108946316987587,39.0,38.75485488059499,56.85,0.5,1.9776262421891309,39.0,38.82839841641649,56.85,0,fp32,403,aircraft carrier,0.1905,7.36,parachute,-0.0736
1783702062.3916948,947,1.0,1.6843383695323915,39.0,38.87987889149154,56.85,3.0,2.0790368586726737,39.0,38.91591522404408,56.85,0,fp32,701,parachute,0.9528,8.15,parachute,0.9185
1783702065.6707277,948,4.1,2.6853258010708716,39.0,38.941140656830854,56.85,1.0,2.17972806074961,39.0,38.95879845978159,56.85,0,fp32,701,parachute,0.8659,8.04,parachute,0.9196
1783702068.9495022,949,2.5,2.275809642524727,39.1,39.00115892184711,56.85,1.5,2.0430667497673087,39.1,39.03081124529297,56.85,0,fp32,701,parachute,0.4111,7.94,parachute,0.9206
1783702072.2326043,950,0.0,1.430146724837116,38.8,38.96156787170508,56.85,0.0,1.001102707385981,38.8,38.91309751019355,56.85,0,fp32,0,tench,0.762,8.62,tench,0.9138
1783702075.4996598,951,3.0,1.6007718951701866,38.8,38.87916825713548,56.85,0.0,1.1205403266191305,38.8,38.85541777999484,56.85,0,fp32,0,tench,0.8943,8.1,tench,0.919
1783702078.7750962,952,1.0,1.0843782286333914,38.8,38.83879244599638,56.85,0.5,0.909064760043374,38.8,38.82715471219746,56.85,0,fp32,0,tench,0.9366,8.61,tench,0.9139
1783702082.0508344,953,0.0,0.6363453320303618,38.5,38.72900829853822,56.85,0.5,0.5954417324212532,38.5,38.66030580897675,56.85,0,fp32,0,tench,0.9557,8.34,tench,0.9166
1783702085.3110225,954,0.5,0.5668092126948772,38.5,38.61221406628373,56.85,2.0,0.996766448886414,38.5,38.57854984639861,56.85,0,fp32,0,tench,0.8085,8.17,tench,0.9183
1783702088.583758,955,1.0,0.9977365142204897,38.5,38.55498489247903,56.85,0.0,0.6984155599543428,38.5,38.53848942473532,56.85,0,fp32,217,English springer,0.2901,7.52,English springer,0.9248
1783702091.8470626,956,0.0,0.4888908919680399,38.5,38.52694259731472,56.85,0.5,0.4922236243776279,38.6,38.548859818120306,56.85,0,fp32,217,English springer,0.3843,7.82,English springer,0.9218
1783702095.1267548,957,1.5,0.7945565370643395,38.6,38.564201872684215,56.85,1.0,0.8561895759450375,38.6,38.57494131087895,56.85,0,fp32,217,English springer,0.0751,7.93,English springer,0.9207
1783702098.4082608,958,1.0,0.8993327031615261,38.5,38.55245891761526,56.85,1.0,0.9295328922130683,38.5,38.53672124233068,56.85,0,fp32,215,Brittany spaniel,0.1431,7.69,English springer,-0.07690000000000001
1783702101.689491,959,1.0,0.9506730245491477,38.5,38.525704869631475,56.85,1.0,0.9654711171844033,38.5,38.51799340874203,56.85,0,fp32,217,English springer,0.5382,8.08,English springer,0.9192
1783702104.9722316,960,0.0,0.6758297820290823,38.5,38.512595386119415,56.85,0.0,0.47308084742035755,38.5,38.50881677028359,56.85,0,fp32,482,cassette player,0.5997,7.62,cassette player,0.9238
1783702108.2542403,961,0.5,0.4811565931942503,38.5,38.50617173919851,56.85,0.0,0.3368096152359752,38.5,38.50432021743895,56.85,0,fp32,848,tape player,0.7176,7.41,cassette player,-0.0741
1783702111.5354557,962,0.0,0.2357667306651826,38.5,38.50302415220727,56.85,0.5,0.31503671146562784,38.5,38.50211690654508,56.85,0,fp32,482,cassette player,0.5429,12.72,cassette player,0.8728
1783702114.813094,963,0.5,0.3705256980259395,38.5,38.501481834581554,56.85,1.0,0.5593679886181576,38.5,38.50103728420709,56.85,0,fp32,482,cassette player,0.1619,8.42,cassette player,0.9158
1783702118.0978384,964,1.0,0.6915575920327103,38.5,38.50072609894496,56.85,0.0,0.4840903144228972,38.5,38.500508269261466,56.85,0,fp32,818,spotlight,0.4148,8.35,cassette player,-0.0835
1783702121.3810039,965,2.0,0.938863220096028,38.5,38.50035578848303,56.85,0.5,0.8072042540672195,38.5,38.50024905193812,56.85,0,fp32,795,ski,0.2617,8.35,chain saw,-0.0835
1783702124.6561203,966,2.5,1.3150429778470536,39.2,38.71017433635668,56.85,4.0,2.1205300844929376,39.2,38.85712203544968,56.85,0,fp32,491,chain saw,0.7581,8.19,chain saw,0.9181
1783702127.929437,967,3.0,2.384371059145056,39.1,38.929985424814774,56.85,2.5,2.419059741401539,39.1,38.98098979737034,56.85,0,fp32,802,snowmobile,0.0861,7.45,chain saw,-0.0745
1783702131.189222,968,1.0,1.9933418189810774,39.1,39.01669285815924,56.85,22.1,8.025339273286754,39.4,39.131685000711464,56.85,0,fp32,491,chain saw,0.6289,8.27,chain saw,0.9173
1783702134.4527967,969,43.0,18.51773749130073,39.3,39.18217950049802,56.85,42.7,25.77241624391051,39.3,39.21752565034861,56.85,0,fp32,491,chain saw,0.3559,21.72,chain saw,0.7827999999999999
1783702137.7235954,970,40.2,30.10069137073736,39.3,39.24226795524403,56.85,40.0,33.07048395951615,39.3,39.259587568670824,56.85,1,int8,562,fountain,0.125,17.22,church,-0.1722
1783702140.994502,971,40.0,35.149338771661306,39.1,39.211711298069574,56.85,40.3,36.69453714016291,39.1,39.1781979086487,56.85,1,int8,663,monastery,0.4258,17.76,church,-0.1776
1783702144.2662115,972,40.0,37.68617599811404,39.1,39.15473853605408,56.85,40.8,38.62032319867983,39.2,39.16831697523786,56.85,1,int8,497,church,0.5547,17.69,church,0.8230999999999999
1783702147.537145,973,42.5,39.78422623907588,39.3,39.207821882666494,56.85,40.2,39.908958367353115,39.3,39.235475317866545,56.85,1,int8,406,altar,0.6016,17.33,church,-0.17329999999999998
1783702150.8087394,974,48.7,42.54627085714718,39.3,39.25483272250658,56.85,40.7,41.99238960000302,39.3,39.268382905754606,56.85,1,int8,687,organ,0.2422,17.55,church,-0.17550000000000002
1783702154.0794048,975,40.3,41.48467272000211,39.2,39.24786803402822,56.85,40.6,41.219270904001476,39.2,39.233507623819754,56.85,1,int8,518,crash helmet,0.125,17.45,French horn,-0.1745
1783702157.3503523,976,40.0,40.85348963280103,39.2,39.22345533667383,56.85,41.8,41.137442742960715,39.2,39.21641873567168,56.85,1,int8,691,oxygen mask,0.1523,17.53,French horn,-0.1753
1783702160.6223037,977,40.0,40.7962099200725,39.1,39.18149311497018,56.85,40.3,40.647346944050746,38.9,39.09704518047913,56.85,1,int8,566,French horn,0.8789,17.27,French horn,0.8273
1783702163.8950474,978,40.2,40.51314286083552,39.0,39.06793162633539,56.85,40.3,40.44920000258486,39.0,39.04755213843477,56.85,1,int8,513,cornet,0.3359,18.37,French horn,-0.1837
1783702167.166414,979,40.3,40.4044400018094,39.0,39.03328649690434,56.85,41.8,40.823108001266576,39.0,39.02330054783303,56.85,1,int8,513,cornet,0.2969,17.82,French horn,-0.1782
1783702170.4390783,980,40.3,40.666175600886596,38.9,38.98631038348312,56.85,40.2,40.526322920620615,38.9,38.960417268438185,56.85,1,int8,867,trailer truck,0.707,17.65,garbage truck,-0.1765
1783702173.7104843,981,40.5,40.51842604443443,38.9,38.94229208790673,56.85,40.2,40.4228982311041,39.0,38.95960446153471,56.85,1,int8,569,garbage truck,0.7227,17.6,garbage truck,0.824
1783702176.9837902,982,40.0,40.29602876177287,38.9,38.9417231230743,56.85,40.0,40.20722013324101,38.9,38.92920618615201,56.85,1,int8,675,moving van,0.5586,17.97,garbage truck,-0.1797
1783702180.2549727,983,40.0,40.145054093268705,38.9,38.9204443303064,56.85,40.5,40.25153786528809,38.9,38.91431103121448,56.85,1,int8,569,garbage truck,0.625,17.85,garbage truck,0.8215
1783702183.5278828,984,40.5,40.326076505701664,38.9,38.91001772185014,56.85,40.0,40.228253553991166,38.9,38.9070124052951,56.85,1,int8,867,trailer truck,0.5859,18.64,garbage truck,-0.1864
1783702186.8007255,985,40.5,40.309777487793816,38.9,38.904908683706566,56.85,40.3,40.306844241455664,38.9,38.903436078594595,56.85,1,int8,480,cash machine,0.4414,17.69,gas pump,-0.17690000000000003
1783702190.0733361,986,40.2,40.274790969018966,39.0,38.932405255016214,56.85,40.3,40.28235367831327,39.0,38.95268367851135,56.85,1,int8,856,thresher,0.1953,17.86,gas pump,-0.1786
1783702193.3459935,987,40.0,40.197647574819285,39.0,38.966878574957946,56.85,40.2,40.1983533023735,39.0,38.97681500247056,56.85,1,int8,424,barbershop,0.2617,17.98,gas pump,-0.17980000000000002
1783702196.6184154,988,40.0,40.13884731166145,39.0,38.98377050172939,56.85,40.0,40.09719311816301,39.0,38.988639351210566,56.85,1,int8,860,tobacco shop,0.2148,17.96,gas pump,-0.1796
1783702199.891164,989,40.3,40.1580351827141,39.0,38.9920475458474,56.85,40.5,40.26062462789987,39.0,38.994433282093176,56.85,1,int8,453,bookcase,0.2695,17.83,gas pump,-0.1783
1783702203.162337,990,40.5,40.33243723952991,38.9,38.966103297465224,56.85,40.0,40.23270606767093,39.0,38.97627230822566,56.85,1,int8,772,safety pin,0.2422,17.91,golf ball,-0.1791
1783702206.4362164,991,40.2,40.22289424736965,38.9,38.95339061575796,56.85,40.5,40.306025973158754,38.9,38.93737343103057,56.85,1,int8,574,golf ball,0.2266,18.5,golf ball,0.815
1783702209.6970067,992,40.0,40.21421818121112,39.0,38.9561614017214,56.85,40.5,40.299952726847785,39.0,38.96931298120498,56.85,1,int8,574,golf ball,0.9648,18.54,golf ball,0.8146
1783702212.9712875,993,40.5,40.359966908793446,39.0,38.978519086843484,56.85,40.2,40.31197683615541,39.0,38.98496336079044,56.85,1,int8,574,golf ball,0.7109,18.36,golf ball,0.8164
1783702216.250527,994,40.2,40.27838378530878,39.0,38.9894743525533,56.85,40.3,40.284868649716145,39.0,38.99263204678731,56.85,1,int8,574,golf ball,0.8516,18.67,golf ball,0.8132999999999999
1783702219.5331903,995,40.5,40.3494080548013,39.0,38.99484243275111,56.85,40.3,40.334585638360906,39.0,38.99638970292578,56.85,1,int8,701,parachute,0.6211,19.1,parachute,0.8089999999999999
1783702222.8141778,996,40.7,40.44420994685264,39.0,38.99747279204804,56.85,40.5,40.46094696279685,39.0,38.99823095443362,56.85,1,int8,403,aircraft carrier,0.1797,19.62,parachute,-0.1962
1783702226.0932562,997,43.3,41.31266287395779,39.0,38.99876166810353,56.85,40.6,41.09886401177045,39.0,38.99913316767247,56.85,1,int8,701,parachute,0.9727,18.21,parachute,0.8179
1783702229.370686,998,40.5,40.919204808239314,39.2,39.059393217370726,56.85,40.7,40.85344336576752,39.2,39.101575252159506,56.85,1,int8,701,parachute,0.918,18.51,parachute,0.8149
