run_id,dataset,config,trial,step,cpu_pct,ram_pct,temperature_c,model,is_int8,load_state,true_label,predicted,is_correct,confidence,latency_ms,decision_time_ms,switched
ImageNette|baseline|1,ImageNette,baseline,1,0,0.0,24.0,41.381,FP32,0,Normal,cassette player,cassette player,1,0.6148,65.09,0.0,0
ImageNette|baseline|1,ImageNette,baseline,1,1,0.0,24.3,41.868,FP32,0,Normal,gas pump,gas pump,1,0.7784,65.21,0.0,0
ImageNette|baseline|1,ImageNette,baseline,1,2,0.0,24.3,41.868,FP32,0,Normal,garbage truck,garbage truck,1,0.8858,65.09,0.0,0
ImageNette|baseline|1,ImageNette,baseline,1,3,0.0,24.3,41.868,FP32,0,Normal,chain saw,street sign,0,0.1295,64.42,0.0,0
ImageNette|baseline|1,ImageNette,baseline,1,4,0.0,24.3,41.868,FP32,0,Normal,tench,tench,1,0.9637,64.68,0.0,0
ImageNette|baseline|1,ImageNette,baseline,1,5,0.0,24.3,42.355,FP32,0,Normal,tench,tench,1,0.8553,64.88,0.0,0
ImageNette|baseline|1,ImageNette,baseline,1,6,0.0,24.3,42.355,FP32,0,Normal,French horn,French horn,1,0.7895,65.42,0.0,0
ImageNette|baseline|1,ImageNette,baseline,1,7,0.0,24.3,41.381,FP32,0,Normal,cassette player,cassette player,1,0.4806,112.12,0.0,0
ImageNette|baseline|1,ImageNette,baseline,1,8,0.0,24.3,41.868,FP32,0,Normal,English springer,English springer,1,0.29,65.26,0.0,0
ImageNette|baseline|1,ImageNette,baseline,1,9,0.0,24.3,42.842,FP32,0,Normal,cassette player,modem,0,0.318,65.57,0.0,0
ImageNette|baseline|1,ImageNette,baseline,1,10,0.0,24.3,42.842,FP32,0,Normal,parachute,parachute,1,0.9907,65.1,0.0,0
ImageNette|baseline|1,ImageNette,baseline,1,11,0.0,24.3,43.329,FP32,0,Normal,French horn,French horn,1,0.7794,65.21,0.0,0
ImageNette|baseline|1,ImageNette,baseline,1,12,0.0,24.3,43.329,FP32,0,Normal,garbage truck,mobile home,0,0.0621,65.2,0.0,0
ImageNette|baseline|1,ImageNette,baseline,1,13,0.0,24.3,42.842,FP32,0,Normal,English springer,English springer,1,0.25,65.17,0.0,0
ImageNette|baseline|1,ImageNette,baseline,1,14,0.0,24.3,42.842,FP32,0,Normal,chain saw,chain saw,1,0.3724,65.27,0.0,0
ImageNette|baseline|1,ImageNette,baseline,1,15,0.0,24.3,42.842,FP32,0,Normal,garbage truck,garbage truck,1,0.9131,65.21,0.0,0
ImageNette|baseline|1,ImageNette,baseline,1,16,0.0,24.3,42.842,FP32,0,Normal,English springer,wire-haired fox terrier,0,0.1974,107.13,0.0,0
ImageNette|baseline|1,ImageNette,baseline,1,17,0.0,24.3,43.816,FP32,0,Normal,garbage truck,garbage truck,1,0.6205,65.06,0.0,0
ImageNette|baseline|1,ImageNette,baseline,1,18,0.0,24.3,42.842,FP32,0,Normal,tench,tench,1,0.8855,65.17,0.0,0
ImageNette|baseline|1,ImageNette,baseline,1,19,0.0,24.3,43.816,FP32,0,Normal,chain saw,snowmobile,0,0.2455,65.23,0.0,0
ImageNette|baseline|1,ImageNette,baseline,1,20,0.0,24.3,43.329,FP32,0,Normal,chain saw,chain saw,1,0.9898,65.2,0.0,0
ImageNette|baseline|1,ImageNette,baseline,1,21,0.0,24.3,43.329,FP32,0,Normal,chain saw,chain saw,1,0.4957,65.21,0.0,0
ImageNette|baseline|1,ImageNette,baseline,1,22,0.0,24.3,43.816,FP32,0,Normal,cassette player,loudspeaker,0,0.3373,65.11,0.0,0
ImageNette|baseline|1,ImageNette,baseline,1,23,0.0,24.3,42.842,FP32,0,Normal,chain saw,chain saw,1,0.4287,65.27,0.0,0
ImageNette|baseline|1,ImageNette,baseline,1,24,0.0,24.3,42.842,FP32,0,Normal,golf ball,golf ball,1,0.7976,65.17,0.0,0
ImageNette|baseline|1,ImageNette,baseline,1,25,0.0,24.3,43.329,FP32,0,Normal,French horn,French horn,1,0.4559,107.82,0.0,0
ImageNette|baseline|1,ImageNette,baseline,1,26,0.0,24.3,43.329,FP32,0,Normal,English springer,English springer,1,0.7752,65.56,0.0,0
ImageNette|baseline|1,ImageNette,baseline,1,27,0.0,24.3,43.816,FP32,0,Normal,cassette player,radio,0,0.3819,65.12,0.0,0
ImageNette|baseline|1,ImageNette,baseline,1,28,0.0,24.3,42.842,FP32,0,Normal,garbage truck,garbage truck,1,0.7635,65.19,0.0,0
ImageNette|baseline|1,ImageNette,baseline,1,29,0.0,24.3,43.816,FP32,0,Normal,tench,tench,1,0.9563,65.19,0.0,0
ImageNette|baseline|1,ImageNette,baseline,1,30,0.0,24.3,42.842,FP32,0,Normal,golf ball,golf ball,1,0.8779,65.19,0.0,0
ImageNette|baseline|1,ImageNette,baseline,1,31,0.0,24.3,42.842,FP32,0,Normal,French horn,French horn,1,0.7019,65.18,0.0,0
ImageNette|baseline|1,ImageNette,baseline,1,32,0.0,24.3,43.329,FP32,0,Normal,golf ball,golf ball,1,0.9662,65.25,0.0,0
ImageNette|baseline|1,ImageNette,baseline,1,33,0.0,24.3,42.842,FP32,0,Normal,cassette player,cassette player,1,0.5805,64.96,0.0,0
ImageNette|baseline|1,ImageNette,baseline,1,34,0.0,24.3,43.329,FP32,0,Normal,golf ball,golf ball,1,0.8831,113.75,0.0,0
ImageNette|baseline|1,ImageNette,baseline,1,35,0.0,24.3,42.355,FP32,0,Normal,French horn,French horn,1,0.9398,65.19,0.0,0
ImageNette|baseline|1,ImageNette,baseline,1,36,0.0,24.3,43.329,FP32,0,Normal,French horn,French horn,1,0.9176,65.08,0.0,0
ImageNette|baseline|1,ImageNette,baseline,1,37,0.0,24.3,42.842,FP32,0,Normal,golf ball,golf ball,1,0.9336,65.17,0.0,0
ImageNette|baseline|1,ImageNette,baseline,1,38,0.0,24.3,43.329,FP32,0,Normal,parachute,parachute,1,0.8589,65.22,0.0,0
ImageNette|baseline|1,ImageNette,baseline,1,39,0.0,24.3,42.842,FP32,0,Normal,English springer,Brittany spaniel,0,0.1223,65.38,0.0,0
ImageNette|baseline|1,ImageNette,baseline,1,40,100.0,24.6,50.634,FP32,0,Stressed,gas pump,gas pump,1,0.3287,128.89,0.0,0
ImageNette|baseline|1,ImageNette,baseline,1,41,100.0,24.8,51.121,FP32,0,Stressed,French horn,French horn,1,0.8986,133.23,0.0,0
ImageNette|baseline|1,ImageNette,baseline,1,42,100.0,25.2,52.095,FP32,0,Stressed,tench,tench,1,0.9158,120.48,0.0,0
ImageNette|baseline|1,ImageNette,baseline,1,43,100.0,25.2,52.582,FP32,0,Stressed,gas pump,moped,0,0.3624,125.49,0.0,0
ImageNette|baseline|1,ImageNette,baseline,1,44,100.0,25.1,54.043,FP32,0,Stressed,gas pump,gas pump,1,0.9698,129.58,0.0,0
ImageNette|baseline|1,ImageNette,baseline,1,45,100.0,25.0,54.53,FP32,0,Stressed,golf ball,golf ball,1,0.9341,117.25,0.0,0
ImageNette|baseline|1,ImageNette,baseline,1,46,100.0,25.0,55.504,FP32,0,Stressed,cassette player,cassette player,1,0.304,130.11,0.0,0
ImageNette|baseline|1,ImageNette,baseline,1,47,100.0,25.0,55.504,FP32,0,Stressed,English springer,English springer,1,0.392,117.09,0.0,0
ImageNette|baseline|1,ImageNette,baseline,1,48,100.0,25.0,56.478,FP32,0,Stressed,tench,tench,1,0.1609,125.61,0.0,0
ImageNette|baseline|1,ImageNette,baseline,1,49,100.0,25.1,56.965,FP32,0,Stressed,French horn,cornet,0,0.421,134.21,0.0,0
ImageNette|baseline|1,ImageNette,baseline,1,50,100.0,25.1,57.452,FP32,0,Stressed,cassette player,cassette player,1,0.942,122.13,0.0,0
ImageNette|baseline|1,ImageNette,baseline,1,51,100.0,25.1,56.965,FP32,0,Stressed,parachute,sarong,0,0.1213,128.7,0.0,0
ImageNette|baseline|1,ImageNette,baseline,1,52,100.0,25.1,57.939,FP32,0,Stressed,parachute,parachute,1,0.8609,113.71,0.0,0
ImageNette|baseline|1,ImageNette,baseline,1,53,100.0,25.1,58.426,FP32,0,Stressed,chain saw,chain saw,1,0.052,130.29,0.0,0
ImageNette|baseline|1,ImageNette,baseline,1,54,100.0,25.1,59.4,FP32,0,Stressed,tench,tench,1,0.7481,134.6,0.0,0
ImageNette|baseline|1,ImageNette,baseline,1,55,100.0,25.1,58.426,FP32,0,Stressed,church,palace,0,0.3559,117.43,0.0,0
ImageNette|baseline|1,ImageNette,baseline,1,56,100.0,25.0,58.913,FP32,0,Stressed,French horn,French horn,1,0.9494,133.54,0.0,0
ImageNette|baseline|1,ImageNette,baseline,1,57,100.0,25.0,59.4,FP32,0,Stressed,garbage truck,garbage truck,1,0.4972,126.09,0.0,0
ImageNette|baseline|1,ImageNette,baseline,1,58,100.0,25.0,58.913,FP32,0,Stressed,gas pump,gas pump,1,0.4681,138.25,0.0,0
ImageNette|baseline|1,ImageNette,baseline,1,59,100.0,25.0,60.374,FP32,0,Stressed,parachute,parachute,1,0.3177,114.09,0.0,0
ImageNette|baseline|1,ImageNette,baseline,1,60,100.0,25.0,59.887,FP32,0,Stressed,tench,tench,1,0.9192,129.48,0.0,0
ImageNette|baseline|1,ImageNette,baseline,1,61,100.0,25.0,60.374,FP32,0,Stressed,English springer,sloth bear,0,0.2391,129.17,0.0,0
ImageNette|baseline|1,ImageNette,baseline,1,62,100.0,25.0,61.348,FP32,0,Stressed,garbage truck,garbage truck,1,0.2104,114.3,0.0,0
ImageNette|baseline|1,ImageNette,baseline,1,63,100.0,25.0,60.861,FP32,0,Stressed,French horn,French horn,1,0.8855,119.11,0.0,0
ImageNette|baseline|1,ImageNette,baseline,1,64,100.0,25.0,61.835,FP32,0,Stressed,gas pump,gas pump,1,0.5836,117.79,0.0,0
ImageNette|baseline|1,ImageNette,baseline,1,65,100.0,25.0,62.322,FP32,0,Stressed,parachute,parachute,1,0.9439,134.14,0.0,0
ImageNette|baseline|1,ImageNette,baseline,1,66,100.0,25.0,61.835,FP32,0,Stressed,parachute,bubble,0,0.1968,130.75,0.0,0
ImageNette|baseline|1,ImageNette,baseline,1,67,100.0,25.4,62.322,FP32,0,Stressed,parachute,parachute,1,0.9766,135.42,0.0,0
ImageNette|baseline|1,ImageNette,baseline,1,68,100.0,25.4,61.835,FP32,0,Stressed,French horn,paper towel,0,0.125,126.5,0.0,0
ImageNette|baseline|1,ImageNette,baseline,1,69,100.0,25.4,62.809,FP32,0,Stressed,tench,tench,1,0.7747,121.66,0.0,0
ImageNette|baseline|1,ImageNette,baseline,1,70,100.0,25.4,63.296,FP32,0,Stressed,gas pump,gas pump,1,0.2226,133.32,0.0,0
ImageNette|baseline|1,ImageNette,baseline,1,71,100.0,25.4,62.809,FP32,0,Stressed,golf ball,golf ball,1,0.9209,65.76,0.0,0
ImageNette|baseline|1,ImageNette,baseline,1,72,100.0,25.4,62.322,FP32,0,Stressed,garbage truck,garbage truck,1,0.5843,137.93,0.0,0
ImageNette|baseline|1,ImageNette,baseline,1,73,100.0,25.4,63.296,FP32,0,Stressed,chain saw,chain saw,1,0.9989,114.3,0.0,0
ImageNette|baseline|1,ImageNette,baseline,1,74,100.0,25.6,63.296,FP32,0,Stressed,French horn,French horn,1,0.9705,117.89,0.0,0
ImageNette|baseline|1,ImageNette,baseline,1,75,100.0,25.6,62.322,FP32,0,Stressed,tench,tench,1,0.6226,132.44,0.0,0
ImageNette|baseline|1,ImageNette,baseline,1,76,100.0,25.6,62.809,FP32,0,Stressed,tench,tench,1,0.4544,129.4,0.0,0
ImageNette|baseline|1,ImageNette,baseline,1,77,100.0,25.2,64.27,FP32,0,Stressed,church,church,1,0.8333,126.32,0.0,0
ImageNette|baseline|1,ImageNette,baseline,1,78,100.0,25.4,63.783,FP32,0,Stressed,golf ball,golf ball,1,0.8426,121.75,0.0,0
ImageNette|baseline|1,ImageNette,baseline,1,79,100.0,25.3,62.809,FP32,0,Stressed,parachute,parachute,1,0.8524,134.47,0.0,0
ImageNette|baseline|1,ImageNette,baseline,1,80,100.0,25.4,63.783,FP32,0,Stressed,church,church,1,0.3991,114.39,0.0,0
ImageNette|baseline|1,ImageNette,baseline,1,81,100.0,25.2,63.783,FP32,0,Stressed,golf ball,golf ball,1,0.7063,126.25,0.0,0
ImageNette|baseline|1,ImageNette,baseline,1,82,100.0,25.2,63.296,FP32,0,Stressed,golf ball,shower cap,0,0.1519,132.9,0.0,0
ImageNette|baseline|1,ImageNette,baseline,1,83,100.0,25.2,63.783,FP32,0,Stressed,English springer,German short-haired pointer,0,0.4392,121.13,0.0,0
ImageNette|baseline|1,ImageNette,baseline,1,84,100.0,25.6,64.27,FP32,0,Stressed,tench,tench,1,0.827,129.32,0.0,0
ImageNette|baseline|1,ImageNette,baseline,1,85,100.0,25.6,66.218,FP32,0,Stressed,garbage truck,garbage truck,1,0.7821,130.35,0.0,0
ImageNette|baseline|1,ImageNette,baseline,1,86,100.0,25.4,64.757,FP32,0,Stressed,parachute,parachute,1,0.9443,134.33,0.0,0
ImageNette|baseline|1,ImageNette,baseline,1,87,100.0,25.4,64.757,FP32,0,Stressed,cassette player,marimba,0,0.1479,129.88,0.0,0
ImageNette|baseline|1,ImageNette,baseline,1,88,100.0,25.9,65.731,FP32,0,Stressed,cassette player,printer,0,0.7214,125.09,0.0,0
ImageNette|baseline|1,ImageNette,baseline,1,89,100.0,25.9,65.731,FP32,0,Stressed,tench,tench,1,0.755,125.43,0.0,0
ImageNette|baseline|1,ImageNette,baseline,1,90,100.0,25.8,65.244,FP32,0,Stressed,parachute,parachute,1,0.983,129.73,0.0,0
ImageNette|baseline|1,ImageNette,baseline,1,91,100.0,25.8,65.731,FP32,0,Stressed,gas pump,gas pump,1,0.2898,126.39,0.0,0
ImageNette|baseline|1,ImageNette,baseline,1,92,100.0,25.8,65.731,FP32,0,Stressed,English springer,English setter,0,0.0983,130.51,0.0,0
ImageNette|baseline|1,ImageNette,baseline,1,93,100.0,25.8,66.218,FP32,0,Stressed,gas pump,gas pump,1,0.868,130.69,0.0,0
ImageNette|baseline|1,ImageNette,baseline,1,94,100.0,25.6,66.218,FP32,0,Stressed,tench,tench,1,0.3967,133.61,0.0,0
ImageNette|baseline|1,ImageNette,baseline,1,95,100.0,25.6,65.731,FP32,0,Stressed,tench,plastic bag,0,0.8379,137.59,0.0,0
ImageNette|baseline|1,ImageNette,baseline,1,96,100.0,25.5,65.731,FP32,0,Stressed,gas pump,ambulance,0,0.3753,119.94,0.0,0
ImageNette|baseline|1,ImageNette,baseline,1,97,100.0,25.7,66.705,FP32,0,Stressed,gas pump,street sign,0,0.1799,129.87,0.0,0
ImageNette|baseline|1,ImageNette,baseline,1,98,100.0,25.7,66.218,FP32,0,Stressed,church,church,1,0.7075,134.38,0.0,0
ImageNette|baseline|1,ImageNette,baseline,1,99,100.0,25.7,66.705,FP32,0,Stressed,golf ball,golf ball,1,0.6524,117.67,0.0,0
ImageNette|baseline|2,ImageNette,baseline,2,0,0.0,25.6,79.854,FP32,0,Normal,cassette player,cassette player,1,0.6148,65.17,0.0,0
ImageNette|baseline|2,ImageNette,baseline,2,1,0.0,25.5,80.341,FP32,0,Normal,gas pump,gas pump,1,0.7784,65.12,0.0,0
ImageNette|baseline|2,ImageNette,baseline,2,2,0.0,25.5,78.393,FP32,0,Normal,garbage truck,garbage truck,1,0.8858,65.16,0.0,0
ImageNette|baseline|2,ImageNette,baseline,2,3,0.0,25.5,77.906,FP32,0,Normal,chain saw,street sign,0,0.1295,65.04,0.0,0
ImageNette|baseline|2,ImageNette,baseline,2,4,0.0,25.5,76.932,FP32,0,Normal,tench,tench,1,0.9637,65.25,0.0,0
ImageNette|baseline|2,ImageNette,baseline,2,5,0.0,25.5,76.445,FP32,0,Normal,tench,tench,1,0.8553,65.14,0.0,0
ImageNette|baseline|2,ImageNette,baseline,2,6,0.0,25.5,76.445,FP32,0,Normal,French horn,French horn,1,0.7895,64.99,0.0,0
ImageNette|baseline|2,ImageNette,baseline,2,7,0.0,25.5,74.984,FP32,0,Normal,cassette player,cassette player,1,0.4806,64.76,0.0,0
ImageNette|baseline|2,ImageNette,baseline,2,8,0.0,25.5,75.471,FP32,0,Normal,English springer,English springer,1,0.29,64.9,0.0,0
ImageNette|baseline|2,ImageNette,baseline,2,9,0.0,25.5,74.01,FP32,0,Normal,cassette player,modem,0,0.318,64.68,0.0,0
ImageNette|baseline|2,ImageNette,baseline,2,10,2.0,25.5,73.523,FP32,0,Normal,parachute,parachute,1,0.9907,64.97,0.0,0
ImageNette|baseline|2,ImageNette,baseline,2,11,0.0,25.5,74.497,FP32,0,Normal,French horn,French horn,1,0.7794,64.82,0.0,0
ImageNette|baseline|2,ImageNette,baseline,2,12,0.0,25.5,73.523,FP32,0,Normal,garbage truck,mobile home,0,0.0621,64.77,0.0,0
ImageNette|baseline|2,ImageNette,baseline,2,13,0.0,25.5,74.01,FP32,0,Normal,English springer,English springer,1,0.25,112.99,0.0,0
ImageNette|baseline|2,ImageNette,baseline,2,14,0.0,25.5,73.036,FP32,0,Normal,chain saw,chain saw,1,0.3724,64.77,0.0,0
ImageNette|baseline|2,ImageNette,baseline,2,15,0.0,25.5,72.549,FP32,0,Normal,garbage truck,garbage truck,1,0.9131,64.92,0.0,0
ImageNette|baseline|2,ImageNette,baseline,2,16,0.0,25.5,73.036,FP32,0,Normal,English springer,wire-haired fox terrier,0,0.1974,65.03,0.0,0
ImageNette|baseline|2,ImageNette,baseline,2,17,0.0,25.5,72.062,FP32,0,Normal,garbage truck,garbage truck,1,0.6205,64.98,0.0,0
ImageNette|baseline|2,ImageNette,baseline,2,18,0.0,25.5,72.062,FP32,0,Normal,tench,tench,1,0.8855,65.04,0.0,0
ImageNette|baseline|2,ImageNette,baseline,2,19,0.0,25.5,73.523,FP32,0,Normal,chain saw,snowmobile,0,0.2455,65.21,0.0,0
ImageNette|baseline|2,ImageNette,baseline,2,20,0.0,25.5,71.575,FP32,0,Normal,chain saw,chain saw,1,0.9898,65.04,0.0,0
ImageNette|baseline|2,ImageNette,baseline,2,21,0.0,25.5,71.575,FP32,0,Normal,chain saw,chain saw,1,0.4957,65.04,0.0,0
ImageNette|baseline|2,ImageNette,baseline,2,22,2.0,25.5,71.088,FP32,0,Normal,cassette player,loudspeaker,0,0.3373,108.08,0.0,0
ImageNette|baseline|2,ImageNette,baseline,2,23,0.0,25.5,71.088,FP32,0,Normal,chain saw,chain saw,1,0.4287,65.15,0.0,0
ImageNette|baseline|2,ImageNette,baseline,2,24,0.0,25.5,71.088,FP32,0,Normal,golf ball,golf ball,1,0.7976,64.99,0.0,0
ImageNette|baseline|2,ImageNette,baseline,2,25,0.0,25.5,70.114,FP32,0,Normal,French horn,French horn,1,0.4559,64.98,0.0,0
ImageNette|baseline|2,ImageNette,baseline,2,26,0.0,25.5,71.575,FP32,0,Normal,English springer,English springer,1,0.7752,65.17,0.0,0
ImageNette|baseline|2,ImageNette,baseline,2,27,0.0,25.5,71.088,FP32,0,Normal,cassette player,radio,0,0.3819,65.05,0.0,0
ImageNette|baseline|2,ImageNette,baseline,2,28,0.0,25.5,70.114,FP32,0,Normal,garbage truck,garbage truck,1,0.7635,65.05,0.0,0
ImageNette|baseline|2,ImageNette,baseline,2,29,0.0,25.5,71.088,FP32,0,Normal,tench,tench,1,0.9563,65.01,0.0,0
ImageNette|baseline|2,ImageNette,baseline,2,30,2.0,25.5,70.114,FP32,0,Normal,golf ball,golf ball,1,0.8779,64.99,0.0,0
ImageNette|baseline|2,ImageNette,baseline,2,31,0.0,25.5,70.114,FP32,0,Normal,French horn,French horn,1,0.7019,109.37,0.0,0
ImageNette|baseline|2,ImageNette,baseline,2,32,2.0,25.5,69.627,FP32,0,Normal,golf ball,golf ball,1,0.9662,65.15,0.0,0
ImageNette|baseline|2,ImageNette,baseline,2,33,0.0,25.5,69.627,FP32,0,Normal,cassette player,cassette player,1,0.5805,65.09,0.0,0
ImageNette|baseline|2,ImageNette,baseline,2,34,0.0,25.5,69.627,FP32,0,Normal,golf ball,golf ball,1,0.8831,64.97,0.0,0
ImageNette|baseline|2,ImageNette,baseline,2,35,0.0,25.5,69.14,FP32,0,Normal,French horn,French horn,1,0.9398,65.03,0.0,0
ImageNette|baseline|2,ImageNette,baseline,2,36,0.0,25.5,69.14,FP32,0,Normal,French horn,French horn,1,0.9176,64.95,0.0,0
ImageNette|baseline|2,ImageNette,baseline,2,37,2.0,25.5,69.627,FP32,0,Normal,golf ball,golf ball,1,0.9336,64.99,0.0,0
ImageNette|baseline|2,ImageNette,baseline,2,38,0.0,25.5,69.14,FP32,0,Normal,parachute,parachute,1,0.8589,65.04,0.0,0
ImageNette|baseline|2,ImageNette,baseline,2,39,0.0,25.5,69.14,FP32,0,Normal,English springer,Brittany spaniel,0,0.1223,64.91,0.0,0
ImageNette|baseline|2,ImageNette,baseline,2,40,100.0,25.8,74.984,FP32,0,Stressed,gas pump,gas pump,1,0.3287,128.56,0.0,0
ImageNette|baseline|2,ImageNette,baseline,2,41,100.0,25.8,76.445,FP32,0,Stressed,French horn,French horn,1,0.8986,128.52,0.0,0
ImageNette|baseline|2,ImageNette,baseline,2,42,100.0,25.8,77.906,FP32,0,Stressed,tench,tench,1,0.9158,129.8,0.0,0
ImageNette|baseline|2,ImageNette,baseline,2,43,100.0,25.8,77.906,FP32,0,Stressed,gas pump,moped,0,0.3624,129.97,0.0,0
ImageNette|baseline|2,ImageNette,baseline,2,44,100.0,25.8,79.367,FP32,0,Stressed,gas pump,gas pump,1,0.9698,129.98,0.0,0
ImageNette|baseline|2,ImageNette,baseline,2,45,100.0,25.8,80.341,FP32,0,Stressed,golf ball,golf ball,1,0.9341,133.77,0.0,0
ImageNette|baseline|2,ImageNette,baseline,2,46,100.0,25.8,80.341,FP32,0,Stressed,cassette player,cassette player,1,0.304,129.72,0.0,0
ImageNette|baseline|2,ImageNette,baseline,2,47,100.0,25.8,80.828,FP32,0,Stressed,English springer,English springer,1,0.392,134.46,0.0,0
ImageNette|baseline|2,ImageNette,baseline,2,48,100.0,25.8,81.802,FP32,0,Stressed,tench,tench,1,0.1609,130.11,0.0,0
ImageNette|baseline|2,ImageNette,baseline,2,49,100.0,25.8,80.828,FP32,0,Stressed,French horn,cornet,0,0.421,122.26,0.0,0
ImageNette|baseline|2,ImageNette,baseline,2,50,100.0,25.8,82.289,FP32,0,Stressed,cassette player,cassette player,1,0.942,136.42,0.0,0
ImageNette|baseline|2,ImageNette,baseline,2,51,100.0,25.8,82.289,FP32,0,Stressed,parachute,sarong,0,0.1213,122.77,0.0,0
ImageNette|baseline|2,ImageNette,baseline,2,52,100.0,25.8,83.75,FP32,0,Stressed,parachute,parachute,1,0.8609,141.8,0.0,0
ImageNette|baseline|2,ImageNette,baseline,2,53,100.0,25.8,82.289,FP32,0,Stressed,chain saw,chain saw,1,0.052,135.21,0.0,0
ImageNette|baseline|2,ImageNette,baseline,2,54,100.0,25.8,82.776,FP32,0,Stressed,tench,tench,1,0.7481,136.72,0.0,0
ImageNette|baseline|2,ImageNette,baseline,2,55,100.0,25.8,82.776,FP32,0,Stressed,church,palace,0,0.3559,130.32,0.0,0
ImageNette|baseline|2,ImageNette,baseline,2,56,100.0,25.8,82.289,FP32,0,Stressed,French horn,French horn,1,0.9494,128.02,0.0,0
ImageNette|baseline|2,ImageNette,baseline,2,57,100.0,25.8,82.289,FP32,0,Stressed,garbage truck,garbage truck,1,0.4972,130.03,0.0,0
ImageNette|baseline|2,ImageNette,baseline,2,58,100.0,25.8,82.776,FP32,0,Stressed,gas pump,gas pump,1,0.4681,122.22,0.0,0
ImageNette|baseline|2,ImageNette,baseline,2,59,100.0,25.8,82.289,FP32,0,Stressed,parachute,parachute,1,0.3177,133.64,0.0,0
ImageNette|baseline|2,ImageNette,baseline,2,60,100.0,25.8,82.776,FP32,0,Stressed,tench,tench,1,0.9192,135.66,0.0,0
ImageNette|baseline|2,ImageNette,baseline,2,61,100.0,25.8,83.75,FP32,0,Stressed,English springer,sloth bear,0,0.2391,142.5,0.0,0
ImageNette|baseline|2,ImageNette,baseline,2,62,100.0,25.8,83.75,FP32,0,Stressed,garbage truck,garbage truck,1,0.2104,126.54,0.0,0
ImageNette|baseline|2,ImageNette,baseline,2,63,100.0,25.8,82.776,FP32,0,Stressed,French horn,French horn,1,0.8855,142.38,0.0,0
ImageNette|baseline|2,ImageNette,baseline,2,64,100.0,25.8,82.776,FP32,0,Stressed,gas pump,gas pump,1,0.5836,137.05,0.0,0
ImageNette|baseline|2,ImageNette,baseline,2,65,100.0,25.8,82.776,FP32,0,Stressed,parachute,parachute,1,0.9439,136.22,0.0,0
ImageNette|baseline|2,ImageNette,baseline,2,66,100.0,25.8,82.776,FP32,0,Stressed,parachute,bubble,0,0.1968,137.88,0.0,0
ImageNette|baseline|2,ImageNette,baseline,2,67,100.0,25.8,83.75,FP32,0,Stressed,parachute,parachute,1,0.9766,130.58,0.0,0
ImageNette|baseline|2,ImageNette,baseline,2,68,100.0,25.8,83.263,FP32,0,Stressed,French horn,paper towel,0,0.125,134.19,0.0,0
ImageNette|baseline|2,ImageNette,baseline,2,69,100.0,25.8,83.75,FP32,0,Stressed,tench,tench,1,0.7747,137.43,0.0,0
ImageNette|baseline|2,ImageNette,baseline,2,70,100.0,25.8,81.802,FP32,0,Stressed,gas pump,gas pump,1,0.2226,129.46,0.0,0
ImageNette|baseline|2,ImageNette,baseline,2,71,100.0,25.8,84.237,FP32,0,Stressed,golf ball,golf ball,1,0.9209,148.67,0.0,0
ImageNette|baseline|2,ImageNette,baseline,2,72,100.0,25.8,82.776,FP32,0,Stressed,garbage truck,garbage truck,1,0.5843,129.05,0.0,0
ImageNette|baseline|2,ImageNette,baseline,2,73,100.0,25.8,83.75,FP32,0,Stressed,chain saw,chain saw,1,0.9989,143.22,0.0,0
ImageNette|baseline|2,ImageNette,baseline,2,74,100.0,25.8,83.75,FP32,0,Stressed,French horn,French horn,1,0.9705,135.21,0.0,0
ImageNette|baseline|2,ImageNette,baseline,2,75,100.0,25.8,83.263,FP32,0,Stressed,tench,tench,1,0.6226,126.2,0.0,0
ImageNette|baseline|2,ImageNette,baseline,2,76,100.0,25.8,82.776,FP32,0,Stressed,tench,tench,1,0.4544,125.9,0.0,0
ImageNette|baseline|2,ImageNette,baseline,2,77,100.0,25.8,83.75,FP32,0,Stressed,church,church,1,0.8333,131.22,0.0,0
ImageNette|baseline|2,ImageNette,baseline,2,78,100.0,25.8,83.75,FP32,0,Stressed,golf ball,golf ball,1,0.8426,139.6,0.0,0
ImageNette|baseline|2,ImageNette,baseline,2,79,100.0,25.8,83.75,FP32,0,Stressed,parachute,parachute,1,0.8524,137.0,0.0,0
ImageNette|baseline|2,ImageNette,baseline,2,80,100.0,25.8,82.776,FP32,0,Stressed,church,church,1,0.3991,117.04,0.0,0
ImageNette|baseline|2,ImageNette,baseline,2,81,100.0,25.8,83.263,FP32,0,Stressed,golf ball,golf ball,1,0.7063,140.41,0.0,0
ImageNette|baseline|2,ImageNette,baseline,2,82,100.0,25.8,83.75,FP32,0,Stressed,golf ball,shower cap,0,0.1519,144.45,0.0,0
ImageNette|baseline|2,ImageNette,baseline,2,83,100.0,25.8,84.237,FP32,0,Stressed,English springer,German short-haired pointer,0,0.4392,118.9,0.0,0
ImageNette|baseline|2,ImageNette,baseline,2,84,100.0,25.8,84.724,FP32,0,Stressed,tench,tench,1,0.827,136.24,0.0,0
ImageNette|baseline|2,ImageNette,baseline,2,85,100.0,25.8,82.289,FP32,0,Stressed,garbage truck,garbage truck,1,0.7821,139.53,0.0,0
ImageNette|baseline|2,ImageNette,baseline,2,86,100.0,25.8,83.263,FP32,0,Stressed,parachute,parachute,1,0.9443,142.05,0.0,0
ImageNette|baseline|2,ImageNette,baseline,2,87,100.0,25.8,83.263,FP32,0,Stressed,cassette player,marimba,0,0.1479,145.32,0.0,0
ImageNette|baseline|2,ImageNette,baseline,2,88,100.0,25.8,82.776,FP32,0,Stressed,cassette player,printer,0,0.7214,137.84,0.0,0
ImageNette|baseline|2,ImageNette,baseline,2,89,100.0,25.8,83.263,FP32,0,Stressed,tench,tench,1,0.755,143.5,0.0,0
ImageNette|baseline|2,ImageNette,baseline,2,90,100.0,25.8,83.263,FP32,0,Stressed,parachute,parachute,1,0.983,142.32,0.0,0
ImageNette|baseline|2,ImageNette,baseline,2,91,100.0,25.8,82.289,FP32,0,Stressed,gas pump,gas pump,1,0.2898,141.99,0.0,0
ImageNette|baseline|2,ImageNette,baseline,2,92,100.0,25.8,84.237,FP32,0,Stressed,English springer,English setter,0,0.0983,144.15,0.0,0
ImageNette|baseline|2,ImageNette,baseline,2,93,100.0,25.8,83.263,FP32,0,Stressed,gas pump,gas pump,1,0.868,148.82,0.0,0
ImageNette|baseline|2,ImageNette,baseline,2,94,100.0,25.8,83.75,FP32,0,Stressed,tench,tench,1,0.3967,139.1,0.0,0
ImageNette|baseline|2,ImageNette,baseline,2,95,100.0,25.8,83.263,FP32,0,Stressed,tench,plastic bag,0,0.8379,143.42,0.0,0
ImageNette|baseline|2,ImageNette,baseline,2,96,100.0,25.8,84.237,FP32,0,Stressed,gas pump,ambulance,0,0.3753,160.53,0.0,0
ImageNette|baseline|2,ImageNette,baseline,2,97,100.0,25.8,84.237,FP32,0,Stressed,gas pump,street sign,0,0.1799,135.3,0.0,0
ImageNette|baseline|2,ImageNette,baseline,2,98,100.0,25.8,83.75,FP32,0,Stressed,church,church,1,0.7075,144.28,0.0,0
ImageNette|baseline|2,ImageNette,baseline,2,99,100.0,25.8,84.237,FP32,0,Stressed,golf ball,golf ball,1,0.6524,124.95,0.0,0
ImageNette|baseline|3,ImageNette,baseline,3,0,0.0,25.5,80.341,FP32,0,Normal,cassette player,cassette player,1,0.6148,64.69,0.0,0
ImageNette|baseline|3,ImageNette,baseline,3,1,0.0,25.5,79.367,FP32,0,Normal,gas pump,gas pump,1,0.7784,64.87,0.0,0
ImageNette|baseline|3,ImageNette,baseline,3,2,0.0,25.5,78.393,FP32,0,Normal,garbage truck,garbage truck,1,0.8858,64.81,0.0,0
ImageNette|baseline|3,ImageNette,baseline,3,3,0.0,25.5,77.906,FP32,0,Normal,chain saw,street sign,0,0.1295,64.91,0.0,0
ImageNette|baseline|3,ImageNette,baseline,3,4,0.0,25.5,77.906,FP32,0,Normal,tench,tench,1,0.9637,64.94,0.0,0
ImageNette|baseline|3,ImageNette,baseline,3,5,0.0,25.5,75.958,FP32,0,Normal,tench,tench,1,0.8553,90.55,0.0,0
ImageNette|baseline|3,ImageNette,baseline,3,6,0.0,25.5,75.471,FP32,0,Normal,French horn,French horn,1,0.7895,64.96,0.0,0
ImageNette|baseline|3,ImageNette,baseline,3,7,0.0,25.5,76.932,FP32,0,Normal,cassette player,cassette player,1,0.4806,65.01,0.0,0
ImageNette|baseline|3,ImageNette,baseline,3,8,0.0,25.5,75.958,FP32,0,Normal,English springer,English springer,1,0.29,65.13,0.0,0
ImageNette|baseline|3,ImageNette,baseline,3,9,0.0,25.5,74.984,FP32,0,Normal,cassette player,modem,0,0.318,65.1,0.0,0
ImageNette|baseline|3,ImageNette,baseline,3,10,0.0,25.5,74.497,FP32,0,Normal,parachute,parachute,1,0.9907,64.98,0.0,0
ImageNette|baseline|3,ImageNette,baseline,3,11,0.0,25.5,74.984,FP32,0,Normal,French horn,French horn,1,0.7794,65.01,0.0,0
ImageNette|baseline|3,ImageNette,baseline,3,12,0.0,25.5,74.497,FP32,0,Normal,garbage truck,mobile home,0,0.0621,65.08,0.0,0
ImageNette|baseline|3,ImageNette,baseline,3,13,2.0,25.5,74.01,FP32,0,Normal,English springer,English springer,1,0.25,65.09,0.0,0
ImageNette|baseline|3,ImageNette,baseline,3,14,0.0,25.5,73.523,FP32,0,Normal,chain saw,chain saw,1,0.3724,97.42,0.0,0
ImageNette|baseline|3,ImageNette,baseline,3,15,0.0,25.5,73.523,FP32,0,Normal,garbage truck,garbage truck,1,0.9131,65.05,0.0,0
ImageNette|baseline|3,ImageNette,baseline,3,16,0.0,25.5,73.523,FP32,0,Normal,English springer,wire-haired fox terrier,0,0.1974,65.0,0.0,0
ImageNette|baseline|3,ImageNette,baseline,3,17,0.0,25.5,72.062,FP32,0,Normal,garbage truck,garbage truck,1,0.6205,65.07,0.0,0
ImageNette|baseline|3,ImageNette,baseline,3,18,0.0,25.5,73.036,FP32,0,Normal,tench,tench,1,0.8855,65.03,0.0,0
ImageNette|baseline|3,ImageNette,baseline,3,19,0.0,25.5,72.549,FP32,0,Normal,chain saw,snowmobile,0,0.2455,64.98,0.0,0
ImageNette|baseline|3,ImageNette,baseline,3,20,0.0,25.5,72.549,FP32,0,Normal,chain saw,chain saw,1,0.9898,65.11,0.0,0
ImageNette|baseline|3,ImageNette,baseline,3,21,0.0,25.5,72.549,FP32,0,Normal,chain saw,chain saw,1,0.4957,64.98,0.0,0
ImageNette|baseline|3,ImageNette,baseline,3,22,0.0,25.5,72.549,FP32,0,Normal,cassette player,loudspeaker,0,0.3373,65.1,0.0,0
ImageNette|baseline|3,ImageNette,baseline,3,23,0.0,25.5,71.088,FP32,0,Normal,chain saw,chain saw,1,0.4287,107.85,0.0,0
ImageNette|baseline|3,ImageNette,baseline,3,24,0.0,25.5,71.575,FP32,0,Normal,golf ball,golf ball,1,0.7976,65.06,0.0,0
ImageNette|baseline|3,ImageNette,baseline,3,25,0.0,25.5,71.575,FP32,0,Normal,French horn,French horn,1,0.4559,64.99,0.0,0
ImageNette|baseline|3,ImageNette,baseline,3,26,2.0,25.5,72.062,FP32,0,Normal,English springer,English springer,1,0.7752,64.99,0.0,0
ImageNette|baseline|3,ImageNette,baseline,3,27,0.0,25.5,70.114,FP32,0,Normal,cassette player,radio,0,0.3819,65.25,0.0,0
ImageNette|baseline|3,ImageNette,baseline,3,28,2.0,25.5,71.575,FP32,0,Normal,garbage truck,garbage truck,1,0.7635,65.01,0.0,0
ImageNette|baseline|3,ImageNette,baseline,3,29,0.0,25.5,71.088,FP32,0,Normal,tench,tench,1,0.9563,64.97,0.0,0
ImageNette|baseline|3,ImageNette,baseline,3,30,0.0,25.5,71.088,FP32,0,Normal,golf ball,golf ball,1,0.8779,64.95,0.0,0
ImageNette|baseline|3,ImageNette,baseline,3,31,0.0,25.5,69.14,FP32,0,Normal,French horn,French horn,1,0.7019,65.05,0.0,0
ImageNette|baseline|3,ImageNette,baseline,3,32,0.0,25.5,71.088,FP32,0,Normal,golf ball,golf ball,1,0.9662,112.48,0.0,0
ImageNette|baseline|3,ImageNette,baseline,3,33,0.0,25.5,70.114,FP32,0,Normal,cassette player,cassette player,1,0.5805,64.98,0.0,0
ImageNette|baseline|3,ImageNette,baseline,3,34,0.0,25.5,70.114,FP32,0,Normal,golf ball,golf ball,1,0.8831,65.11,0.0,0
ImageNette|baseline|3,ImageNette,baseline,3,35,0.0,25.5,70.114,FP32,0,Normal,French horn,French horn,1,0.9398,64.98,0.0,0
ImageNette|baseline|3,ImageNette,baseline,3,36,0.0,25.5,70.114,FP32,0,Normal,French horn,French horn,1,0.9176,65.06,0.0,0
ImageNette|baseline|3,ImageNette,baseline,3,37,0.0,25.5,69.14,FP32,0,Normal,golf ball,golf ball,1,0.9336,64.99,0.0,0
ImageNette|baseline|3,ImageNette,baseline,3,38,0.0,25.5,70.114,FP32,0,Normal,parachute,parachute,1,0.8589,64.95,0.0,0
ImageNette|baseline|3,ImageNette,baseline,3,39,0.0,25.5,70.114,FP32,0,Normal,English springer,Brittany spaniel,0,0.1223,65.13,0.0,0
ImageNette|baseline|3,ImageNette,baseline,3,40,100.0,26.0,76.445,FP32,0,Stressed,gas pump,gas pump,1,0.3287,112.6,0.0,0
ImageNette|baseline|3,ImageNette,baseline,3,41,100.0,26.0,76.932,FP32,0,Stressed,French horn,French horn,1,0.8986,128.62,0.0,0
ImageNette|baseline|3,ImageNette,baseline,3,42,100.0,26.0,78.88,FP32,0,Stressed,tench,tench,1,0.9158,129.52,0.0,0
ImageNette|baseline|3,ImageNette,baseline,3,43,100.0,26.0,78.393,FP32,0,Stressed,gas pump,moped,0,0.3624,134.07,0.0,0
ImageNette|baseline|3,ImageNette,baseline,3,44,100.0,26.0,79.854,FP32,0,Stressed,gas pump,gas pump,1,0.9698,134.95,0.0,0
ImageNette|baseline|3,ImageNette,baseline,3,45,100.0,26.0,79.854,FP32,0,Stressed,golf ball,golf ball,1,0.9341,134.2,0.0,0
ImageNette|baseline|3,ImageNette,baseline,3,46,100.0,26.0,81.315,FP32,0,Stressed,cassette player,cassette player,1,0.304,129.51,0.0,0
ImageNette|baseline|3,ImageNette,baseline,3,47,100.0,26.0,81.315,FP32,0,Stressed,English springer,English springer,1,0.392,129.88,0.0,0
ImageNette|baseline|3,ImageNette,baseline,3,48,100.0,26.0,81.802,FP32,0,Stressed,tench,tench,1,0.1609,129.43,0.0,0
ImageNette|baseline|3,ImageNette,baseline,3,49,100.0,26.0,82.289,FP32,0,Stressed,French horn,cornet,0,0.421,135.51,0.0,0
ImageNette|baseline|3,ImageNette,baseline,3,50,100.0,26.0,82.776,FP32,0,Stressed,cassette player,cassette player,1,0.942,120.24,0.0,0
ImageNette|baseline|3,ImageNette,baseline,3,51,100.0,26.0,82.289,FP32,0,Stressed,parachute,sarong,0,0.1213,129.25,0.0,0
ImageNette|baseline|3,ImageNette,baseline,3,52,100.0,26.0,82.289,FP32,0,Stressed,parachute,parachute,1,0.8609,136.65,0.0,0
ImageNette|baseline|3,ImageNette,baseline,3,53,100.0,26.0,82.289,FP32,0,Stressed,chain saw,chain saw,1,0.052,135.64,0.0,0
ImageNette|baseline|3,ImageNette,baseline,3,54,100.0,26.0,82.289,FP32,0,Stressed,tench,tench,1,0.7481,143.67,0.0,0
ImageNette|baseline|3,ImageNette,baseline,3,55,100.0,26.0,82.289,FP32,0,Stressed,church,palace,0,0.3559,137.55,0.0,0
ImageNette|baseline|3,ImageNette,baseline,3,56,100.0,26.0,83.75,FP32,0,Stressed,French horn,French horn,1,0.9494,120.75,0.0,0
ImageNette|baseline|3,ImageNette,baseline,3,57,100.0,26.0,83.75,FP32,0,Stressed,garbage truck,garbage truck,1,0.4972,142.36,0.0,0
ImageNette|baseline|3,ImageNette,baseline,3,58,100.0,26.0,82.776,FP32,0,Stressed,gas pump,gas pump,1,0.4681,143.11,0.0,0
ImageNette|baseline|3,ImageNette,baseline,3,59,100.0,26.0,83.263,FP32,0,Stressed,parachute,parachute,1,0.3177,126.31,0.0,0
ImageNette|baseline|3,ImageNette,baseline,3,60,100.0,26.0,82.776,FP32,0,Stressed,tench,tench,1,0.9192,135.55,0.0,0
ImageNette|baseline|3,ImageNette,baseline,3,61,100.0,26.0,82.776,FP32,0,Stressed,English springer,sloth bear,0,0.2391,133.63,0.0,0
ImageNette|baseline|3,ImageNette,baseline,3,62,100.0,26.0,82.776,FP32,0,Stressed,garbage truck,garbage truck,1,0.2104,136.33,0.0,0
ImageNette|baseline|3,ImageNette,baseline,3,63,100.0,26.0,84.724,FP32,0,Stressed,French horn,French horn,1,0.8855,131.7,0.0,0
ImageNette|baseline|3,ImageNette,baseline,3,64,100.0,26.0,84.724,FP32,0,Stressed,gas pump,gas pump,1,0.5836,141.06,0.0,0
ImageNette|baseline|3,ImageNette,baseline,3,65,100.0,26.0,83.263,FP32,0,Stressed,parachute,parachute,1,0.9439,150.15,0.0,0
ImageNette|baseline|3,ImageNette,baseline,3,66,100.0,26.0,83.263,FP32,0,Stressed,parachute,bubble,0,0.1968,145.62,0.0,0
ImageNette|baseline|3,ImageNette,baseline,3,67,100.0,26.0,83.75,FP32,0,Stressed,parachute,parachute,1,0.9766,143.25,0.0,0
ImageNette|baseline|3,ImageNette,baseline,3,68,100.0,26.0,83.263,FP32,0,Stressed,French horn,paper towel,0,0.125,144.13,0.0,0
ImageNette|baseline|3,ImageNette,baseline,3,69,100.0,26.0,84.237,FP32,0,Stressed,tench,tench,1,0.7747,133.32,0.0,0
ImageNette|baseline|3,ImageNette,baseline,3,70,100.0,26.0,84.237,FP32,0,Stressed,gas pump,gas pump,1,0.2226,134.39,0.0,0
ImageNette|baseline|3,ImageNette,baseline,3,71,100.0,26.0,83.75,FP32,0,Stressed,golf ball,golf ball,1,0.9209,137.97,0.0,0
ImageNette|baseline|3,ImageNette,baseline,3,72,100.0,26.0,83.263,FP32,0,Stressed,garbage truck,garbage truck,1,0.5843,142.68,0.0,0
ImageNette|baseline|3,ImageNette,baseline,3,73,100.0,26.0,83.75,FP32,0,Stressed,chain saw,chain saw,1,0.9989,143.48,0.0,0
ImageNette|baseline|3,ImageNette,baseline,3,74,100.0,26.0,83.263,FP32,0,Stressed,French horn,French horn,1,0.9705,137.75,0.0,0
ImageNette|baseline|3,ImageNette,baseline,3,75,100.0,26.0,83.75,FP32,0,Stressed,tench,tench,1,0.6226,108.92,0.0,0
ImageNette|baseline|3,ImageNette,baseline,3,76,100.0,26.0,82.289,FP32,0,Stressed,tench,tench,1,0.4544,137.85,0.0,0
ImageNette|baseline|3,ImageNette,baseline,3,77,100.0,26.0,83.75,FP32,0,Stressed,church,church,1,0.8333,138.38,0.0,0
ImageNette|baseline|3,ImageNette,baseline,3,78,100.0,26.0,83.263,FP32,0,Stressed,golf ball,golf ball,1,0.8426,136.81,0.0,0
ImageNette|baseline|3,ImageNette,baseline,3,79,100.0,26.0,83.75,FP32,0,Stressed,parachute,parachute,1,0.8524,142.25,0.0,0
ImageNette|baseline|3,ImageNette,baseline,3,80,100.0,26.0,84.237,FP32,0,Stressed,church,church,1,0.3991,141.0,0.0,0
ImageNette|baseline|3,ImageNette,baseline,3,81,100.0,26.0,84.237,FP32,0,Stressed,golf ball,golf ball,1,0.7063,136.17,0.0,0
ImageNette|baseline|3,ImageNette,baseline,3,82,100.0,26.0,83.75,FP32,0,Stressed,golf ball,shower cap,0,0.1519,139.83,0.0,0
ImageNette|baseline|3,ImageNette,baseline,3,83,100.0,26.0,83.75,FP32,0,Stressed,English springer,German short-haired pointer,0,0.4392,145.55,0.0,0
ImageNette|baseline|3,ImageNette,baseline,3,84,100.0,26.0,83.75,FP32,0,Stressed,tench,tench,1,0.827,159.82,0.0,0
ImageNette|baseline|3,ImageNette,baseline,3,85,100.0,26.0,83.75,FP32,0,Stressed,garbage truck,garbage truck,1,0.7821,143.88,0.0,0
ImageNette|baseline|3,ImageNette,baseline,3,86,100.0,26.0,84.237,FP32,0,Stressed,parachute,parachute,1,0.9443,140.75,0.0,0
ImageNette|baseline|3,ImageNette,baseline,3,87,100.0,26.0,83.75,FP32,0,Stressed,cassette player,marimba,0,0.1479,143.76,0.0,0
ImageNette|baseline|3,ImageNette,baseline,3,88,100.0,26.0,83.263,FP32,0,Stressed,cassette player,printer,0,0.7214,134.58,0.0,0
ImageNette|baseline|3,ImageNette,baseline,3,89,100.0,26.0,83.75,FP32,0,Stressed,tench,tench,1,0.755,141.36,0.0,0
ImageNette|baseline|3,ImageNette,baseline,3,90,100.0,26.0,84.237,FP32,0,Stressed,parachute,parachute,1,0.983,143.59,0.0,0
ImageNette|baseline|3,ImageNette,baseline,3,91,100.0,26.0,84.237,FP32,0,Stressed,gas pump,gas pump,1,0.2898,143.93,0.0,0
ImageNette|baseline|3,ImageNette,baseline,3,92,100.0,26.0,84.237,FP32,0,Stressed,English springer,English setter,0,0.0983,133.35,0.0,0
ImageNette|baseline|3,ImageNette,baseline,3,93,100.0,26.0,85.211,FP32,0,Stressed,gas pump,gas pump,1,0.868,144.95,0.0,0
ImageNette|baseline|3,ImageNette,baseline,3,94,100.0,26.0,84.724,FP32,0,Stressed,tench,tench,1,0.3967,145.72,0.0,0
ImageNette|baseline|3,ImageNette,baseline,3,95,100.0,26.0,84.237,FP32,0,Stressed,tench,plastic bag,0,0.8379,149.55,0.0,0
ImageNette|baseline|3,ImageNette,baseline,3,96,100.0,26.0,84.237,FP32,0,Stressed,gas pump,ambulance,0,0.3753,144.09,0.0,0
ImageNette|baseline|3,ImageNette,baseline,3,97,100.0,26.0,84.724,FP32,0,Stressed,gas pump,street sign,0,0.1799,144.84,0.0,0
ImageNette|baseline|3,ImageNette,baseline,3,98,100.0,26.0,83.75,FP32,0,Stressed,church,church,1,0.7075,147.21,0.0,0
ImageNette|baseline|3,ImageNette,baseline,3,99,100.0,26.0,83.75,FP32,0,Stressed,golf ball,golf ball,1,0.6524,130.67,0.0,0
ImageNette|always_int8|1,ImageNette,always_int8,1,0,0.0,24.5,65.731,INT8,1,Normal,cassette player,cassette player,1,0.6289,45.36,0.0,0
ImageNette|always_int8|1,ImageNette,always_int8,1,1,0.0,24.5,63.783,INT8,1,Normal,gas pump,gas pump,1,0.668,45.37,0.0,0
ImageNette|always_int8|1,ImageNette,always_int8,1,2,0.0,24.5,62.809,INT8,1,Normal,garbage truck,garbage truck,1,0.8438,45.38,0.0,0
ImageNette|always_int8|1,ImageNette,always_int8,1,3,0.0,24.5,62.322,INT8,1,Normal,chain saw,street sign,0,0.1602,45.42,0.0,0
ImageNette|always_int8|1,ImageNette,always_int8,1,4,0.0,24.5,60.861,INT8,1,Normal,tench,tench,1,0.9609,45.38,0.0,0
ImageNette|always_int8|1,ImageNette,always_int8,1,5,0.0,24.5,60.374,INT8,1,Normal,tench,tench,1,0.8438,45.39,0.0,0
ImageNette|always_int8|1,ImageNette,always_int8,1,6,0.0,24.5,59.887,INT8,1,Normal,French horn,French horn,1,0.8203,45.37,0.0,0
ImageNette|always_int8|1,ImageNette,always_int8,1,7,0.0,24.5,57.452,INT8,1,Normal,cassette player,cassette player,1,0.5703,45.35,0.0,0
ImageNette|always_int8|1,ImageNette,always_int8,1,8,0.0,24.5,58.426,INT8,1,Normal,English springer,English springer,1,0.2695,45.6,0.0,0
ImageNette|always_int8|1,ImageNette,always_int8,1,9,2.0,24.5,58.426,INT8,1,Normal,cassette player,modem,0,0.1797,45.38,0.0,0
ImageNette|always_int8|1,ImageNette,always_int8,1,10,0.0,24.5,57.939,INT8,1,Normal,parachute,parachute,1,0.9844,45.37,0.0,0
ImageNette|always_int8|1,ImageNette,always_int8,1,11,0.0,24.5,56.965,INT8,1,Normal,French horn,French horn,1,0.8438,45.38,0.0,0
ImageNette|always_int8|1,ImageNette,always_int8,1,12,0.0,24.5,56.965,INT8,1,Normal,garbage truck,patio,0,0.0625,80.68,0.0,0
ImageNette|always_int8|1,ImageNette,always_int8,1,13,0.0,24.5,55.991,INT8,1,Normal,English springer,English springer,1,0.2734,73.36,0.0,0
ImageNette|always_int8|1,ImageNette,always_int8,1,14,0.0,24.5,56.478,INT8,1,Normal,chain saw,chain saw,1,0.2305,45.36,0.0,0
ImageNette|always_int8|1,ImageNette,always_int8,1,15,0.0,24.5,55.504,INT8,1,Normal,garbage truck,garbage truck,1,0.8477,45.47,0.0,0
ImageNette|always_int8|1,ImageNette,always_int8,1,16,0.0,24.5,55.991,INT8,1,Normal,English springer,wire-haired fox terrier,0,0.2148,45.6,0.0,0
ImageNette|always_int8|1,ImageNette,always_int8,1,17,0.0,24.5,55.504,INT8,1,Normal,garbage truck,garbage truck,1,0.5977,45.39,0.0,0
ImageNette|always_int8|1,ImageNette,always_int8,1,18,0.0,24.5,54.043,INT8,1,Normal,tench,tench,1,0.8789,45.41,0.0,0
ImageNette|always_int8|1,ImageNette,always_int8,1,19,0.0,24.5,55.017,INT8,1,Normal,chain saw,snowmobile,0,0.1406,45.39,0.0,0
ImageNette|always_int8|1,ImageNette,always_int8,1,20,0.0,24.5,55.017,INT8,1,Normal,chain saw,chain saw,1,0.9766,45.39,0.0,0
ImageNette|always_int8|1,ImageNette,always_int8,1,21,0.0,24.5,54.043,INT8,1,Normal,chain saw,chain saw,1,0.3398,45.37,0.0,0
ImageNette|always_int8|1,ImageNette,always_int8,1,22,0.0,24.5,54.043,INT8,1,Normal,cassette player,cassette player,1,0.4453,45.36,0.0,0
ImageNette|always_int8|1,ImageNette,always_int8,1,23,0.0,24.5,53.556,INT8,1,Normal,chain saw,chain saw,1,0.4727,96.1,0.0,0
ImageNette|always_int8|1,ImageNette,always_int8,1,24,0.0,24.5,53.556,INT8,1,Normal,golf ball,golf ball,1,0.8906,45.38,0.0,0
ImageNette|always_int8|1,ImageNette,always_int8,1,25,0.0,24.5,52.582,INT8,1,Normal,French horn,French horn,1,0.418,45.4,0.0,0
ImageNette|always_int8|1,ImageNette,always_int8,1,26,0.0,24.5,53.556,INT8,1,Normal,English springer,English springer,1,0.7578,45.4,0.0,0
ImageNette|always_int8|1,ImageNette,always_int8,1,27,0.0,24.5,53.069,INT8,1,Normal,cassette player,radio,0,0.3438,45.39,0.0,0
ImageNette|always_int8|1,ImageNette,always_int8,1,28,0.0,24.5,53.069,INT8,1,Normal,garbage truck,garbage truck,1,0.6719,45.4,0.0,0
ImageNette|always_int8|1,ImageNette,always_int8,1,29,0.0,24.5,52.582,INT8,1,Normal,tench,tench,1,0.9453,45.41,0.0,0
ImageNette|always_int8|1,ImageNette,always_int8,1,30,0.0,24.5,53.069,INT8,1,Normal,golf ball,golf ball,1,0.9062,45.4,0.0,0
ImageNette|always_int8|1,ImageNette,always_int8,1,31,0.0,24.5,52.582,INT8,1,Normal,French horn,French horn,1,0.5469,45.43,0.0,0
ImageNette|always_int8|1,ImageNette,always_int8,1,32,0.0,24.5,53.556,INT8,1,Normal,golf ball,golf ball,1,0.7695,77.67,0.0,0
ImageNette|always_int8|1,ImageNette,always_int8,1,33,0.0,24.5,52.095,INT8,1,Normal,cassette player,cassette player,1,0.625,101.03,0.0,0
ImageNette|always_int8|1,ImageNette,always_int8,1,34,0.0,24.5,52.582,INT8,1,Normal,golf ball,golf ball,1,0.9258,45.42,0.0,0
ImageNette|always_int8|1,ImageNette,always_int8,1,35,0.0,24.5,52.582,INT8,1,Normal,French horn,French horn,1,0.9219,45.42,0.0,0
ImageNette|always_int8|1,ImageNette,always_int8,1,36,0.0,24.5,52.095,INT8,1,Normal,French horn,French horn,1,0.8711,45.39,0.0,0
ImageNette|always_int8|1,ImageNette,always_int8,1,37,0.0,24.5,52.095,INT8,1,Normal,golf ball,golf ball,1,0.8711,45.43,0.0,0
ImageNette|always_int8|1,ImageNette,always_int8,1,38,0.0,24.5,53.069,INT8,1,Normal,parachute,parachute,1,0.5625,45.41,0.0,0
ImageNette|always_int8|1,ImageNette,always_int8,1,39,0.0,24.5,53.069,INT8,1,Normal,English springer,English springer,1,0.1523,45.42,0.0,0
ImageNette|always_int8|1,ImageNette,always_int8,1,40,100.0,25.1,58.913,INT8,1,Stressed,gas pump,gas pump,1,0.2188,89.4,0.0,0
ImageNette|always_int8|1,ImageNette,always_int8,1,41,100.0,25.1,58.913,INT8,1,Stressed,French horn,French horn,1,0.9336,93.43,0.0,0
ImageNette|always_int8|1,ImageNette,always_int8,1,42,100.0,25.1,60.861,INT8,1,Stressed,tench,tench,1,0.918,89.67,0.0,0
ImageNette|always_int8|1,ImageNette,always_int8,1,43,100.0,25.1,60.861,INT8,1,Stressed,gas pump,moped,0,0.3945,89.4,0.0,0
ImageNette|always_int8|1,ImageNette,always_int8,1,44,100.0,25.1,61.835,INT8,1,Stressed,gas pump,gas pump,1,0.9688,90.36,0.0,0
ImageNette|always_int8|1,ImageNette,always_int8,1,45,100.0,25.1,62.809,INT8,1,Stressed,golf ball,golf ball,1,0.9297,89.39,0.0,0
ImageNette|always_int8|1,ImageNette,always_int8,1,46,100.0,25.1,63.783,INT8,1,Stressed,cassette player,carton,0,0.1797,89.68,0.0,0
ImageNette|always_int8|1,ImageNette,always_int8,1,47,100.0,25.1,63.296,INT8,1,Stressed,English springer,clumber,0,0.3086,93.68,0.0,0
ImageNette|always_int8|1,ImageNette,always_int8,1,48,100.0,25.1,64.27,INT8,1,Stressed,tench,tench,1,0.2305,89.69,0.0,0
ImageNette|always_int8|1,ImageNette,always_int8,1,49,100.0,25.1,64.757,INT8,1,Stressed,French horn,cornet,0,0.5117,93.69,0.0,0
ImageNette|always_int8|1,ImageNette,always_int8,1,50,100.0,25.1,64.757,INT8,1,Stressed,cassette player,cassette player,1,0.9453,89.68,0.0,0
ImageNette|always_int8|1,ImageNette,always_int8,1,51,100.0,25.1,64.757,INT8,1,Stressed,parachute,miniskirt,0,0.2188,93.75,0.0,0
ImageNette|always_int8|1,ImageNette,always_int8,1,52,100.0,25.1,66.705,INT8,1,Stressed,parachute,parachute,1,0.8438,89.82,0.0,0
ImageNette|always_int8|1,ImageNette,always_int8,1,53,100.0,25.1,66.218,INT8,1,Stressed,chain saw,chain saw,1,0.0547,93.75,0.0,0
ImageNette|always_int8|1,ImageNette,always_int8,1,54,100.0,25.1,65.731,INT8,1,Stressed,tench,tench,1,0.7227,89.66,0.0,0
ImageNette|always_int8|1,ImageNette,always_int8,1,55,100.0,25.1,66.705,INT8,1,Stressed,church,palace,0,0.3047,88.84,0.0,0
ImageNette|always_int8|1,ImageNette,always_int8,1,56,100.0,25.1,66.218,INT8,1,Stressed,French horn,French horn,1,0.9727,93.69,0.0,0
ImageNette|always_int8|1,ImageNette,always_int8,1,57,100.0,25.1,67.192,INT8,1,Stressed,garbage truck,garbage truck,1,0.3906,93.55,0.0,0
ImageNette|always_int8|1,ImageNette,always_int8,1,58,100.0,25.1,67.192,INT8,1,Stressed,gas pump,forklift,0,0.7031,89.51,0.0,0
ImageNette|always_int8|1,ImageNette,always_int8,1,59,100.0,25.1,67.192,INT8,1,Stressed,parachute,parachute,1,0.3242,94.22,0.0,0
ImageNette|always_int8|1,ImageNette,always_int8,1,60,100.0,25.1,66.705,INT8,1,Stressed,tench,tench,1,0.9297,45.33,0.0,0
ImageNette|always_int8|1,ImageNette,always_int8,1,61,100.0,25.1,68.166,INT8,1,Stressed,English springer,sloth bear,0,0.375,89.38,0.0,0
ImageNette|always_int8|1,ImageNette,always_int8,1,62,100.0,25.1,68.166,INT8,1,Stressed,garbage truck,garbage truck,1,0.1797,93.52,0.0,0
ImageNette|always_int8|1,ImageNette,always_int8,1,63,100.0,25.1,68.653,INT8,1,Stressed,French horn,French horn,1,0.9141,89.29,0.0,0
ImageNette|always_int8|1,ImageNette,always_int8,1,64,100.0,25.1,69.14,INT8,1,Stressed,gas pump,gas pump,1,0.6719,93.31,0.0,0
ImageNette|always_int8|1,ImageNette,always_int8,1,65,100.0,25.1,68.653,INT8,1,Stressed,parachute,parachute,1,0.9219,93.86,0.0,0
ImageNette|always_int8|1,ImageNette,always_int8,1,66,100.0,25.1,68.166,INT8,1,Stressed,parachute,sandbar,0,0.2578,89.83,0.0,0
ImageNette|always_int8|1,ImageNette,always_int8,1,67,100.0,25.1,69.14,INT8,1,Stressed,parachute,parachute,1,0.9844,94.29,0.0,0
ImageNette|always_int8|1,ImageNette,always_int8,1,68,100.0,25.1,68.166,INT8,1,Stressed,French horn,paper towel,0,0.0898,97.38,0.0,0
ImageNette|always_int8|1,ImageNette,always_int8,1,69,100.0,25.1,69.14,INT8,1,Stressed,tench,tench,1,0.7773,90.36,0.0,0
ImageNette|always_int8|1,ImageNette,always_int8,1,70,100.0,25.1,68.166,INT8,1,Stressed,gas pump,vending machine,0,0.2266,93.88,0.0,0
ImageNette|always_int8|1,ImageNette,always_int8,1,71,100.0,25.1,69.627,INT8,1,Stressed,golf ball,golf ball,1,0.9062,89.65,0.0,0
ImageNette|always_int8|1,ImageNette,always_int8,1,72,100.0,25.1,69.627,INT8,1,Stressed,garbage truck,garbage truck,1,0.5977,89.38,0.0,0
ImageNette|always_int8|1,ImageNette,always_int8,1,73,100.0,25.1,69.627,INT8,1,Stressed,chain saw,chain saw,1,0.9492,89.36,0.0,0
ImageNette|always_int8|1,ImageNette,always_int8,1,74,100.0,25.1,69.627,INT8,1,Stressed,French horn,French horn,1,0.9688,89.41,0.0,0
ImageNette|always_int8|1,ImageNette,always_int8,1,75,100.0,25.1,70.114,INT8,1,Stressed,tench,tench,1,0.6133,94.14,0.0,0
ImageNette|always_int8|1,ImageNette,always_int8,1,76,100.0,25.1,69.627,INT8,1,Stressed,tench,tench,1,0.4961,93.36,0.0,0
ImageNette|always_int8|1,ImageNette,always_int8,1,77,100.0,25.1,68.653,INT8,1,Stressed,church,church,1,0.8164,89.81,0.0,0
ImageNette|always_int8|1,ImageNette,always_int8,1,78,100.0,25.1,70.601,INT8,1,Stressed,golf ball,golf ball,1,0.8203,89.59,0.0,0
ImageNette|always_int8|1,ImageNette,always_int8,1,79,100.0,25.1,70.601,INT8,1,Stressed,parachute,parachute,1,0.8047,89.59,0.0,0
ImageNette|always_int8|1,ImageNette,always_int8,1,80,100.0,25.1,70.114,INT8,1,Stressed,church,church,1,0.3672,89.65,0.0,0
ImageNette|always_int8|1,ImageNette,always_int8,1,81,100.0,25.1,70.114,INT8,1,Stressed,golf ball,golf ball,1,0.1016,89.69,0.0,0
ImageNette|always_int8|1,ImageNette,always_int8,1,82,100.0,25.1,70.601,INT8,1,Stressed,golf ball,bathing cap,0,0.1328,89.68,0.0,0
ImageNette|always_int8|1,ImageNette,always_int8,1,83,100.0,25.1,69.627,INT8,1,Stressed,English springer,German short-haired pointer,0,0.5664,93.73,0.0,0
ImageNette|always_int8|1,ImageNette,always_int8,1,84,100.0,25.1,70.114,INT8,1,Stressed,tench,tench,1,0.7305,89.71,0.0,0
ImageNette|always_int8|1,ImageNette,always_int8,1,85,100.0,25.1,70.114,INT8,1,Stressed,garbage truck,garbage truck,1,0.7188,93.78,0.0,0
ImageNette|always_int8|1,ImageNette,always_int8,1,86,100.0,25.1,71.575,INT8,1,Stressed,parachute,parachute,1,0.918,89.65,0.0,0
ImageNette|always_int8|1,ImageNette,always_int8,1,87,100.0,25.1,70.114,INT8,1,Stressed,cassette player,marimba,0,0.1289,93.55,0.0,0
ImageNette|always_int8|1,ImageNette,always_int8,1,88,100.0,25.1,71.088,INT8,1,Stressed,cassette player,printer,0,0.625,89.48,0.0,0
ImageNette|always_int8|1,ImageNette,always_int8,1,89,100.0,25.1,70.601,INT8,1,Stressed,tench,tench,1,0.707,89.43,0.0,0
ImageNette|always_int8|1,ImageNette,always_int8,1,90,100.0,25.1,70.601,INT8,1,Stressed,parachute,parachute,1,0.957,93.38,0.0,0
ImageNette|always_int8|1,ImageNette,always_int8,1,91,100.0,25.1,70.601,INT8,1,Stressed,gas pump,gas pump,1,0.1016,89.41,0.0,0
ImageNette|always_int8|1,ImageNette,always_int8,1,92,100.0,25.1,70.601,INT8,1,Stressed,English springer,standard schnauzer,0,0.1055,90.03,0.0,0
ImageNette|always_int8|1,ImageNette,always_int8,1,93,100.0,25.1,71.575,INT8,1,Stressed,gas pump,gas pump,1,0.8203,94.13,0.0,0
ImageNette|always_int8|1,ImageNette,always_int8,1,94,100.0,25.1,71.088,INT8,1,Stressed,tench,tench,1,0.3164,90.04,0.0,0
ImageNette|always_int8|1,ImageNette,always_int8,1,95,100.0,25.1,71.088,INT8,1,Stressed,tench,plastic bag,0,0.9336,89.64,0.0,0
ImageNette|always_int8|1,ImageNette,always_int8,1,96,100.0,25.1,72.062,INT8,1,Stressed,gas pump,ambulance,0,0.332,93.98,0.0,0
ImageNette|always_int8|1,ImageNette,always_int8,1,97,100.0,25.1,71.088,INT8,1,Stressed,gas pump,street sign,0,0.0703,90.36,0.0,0
ImageNette|always_int8|1,ImageNette,always_int8,1,98,100.0,25.1,71.575,INT8,1,Stressed,church,church,1,0.7109,89.83,0.0,0
ImageNette|always_int8|1,ImageNette,always_int8,1,99,100.0,25.1,72.062,INT8,1,Stressed,golf ball,golf ball,1,0.7852,93.55,0.0,0
ImageNette|always_int8|2,ImageNette,always_int8,2,0,0.0,25.8,80.828,INT8,1,Normal,cassette player,cassette player,1,0.6289,45.49,0.0,0
ImageNette|always_int8|2,ImageNette,always_int8,2,1,0.0,25.8,79.367,INT8,1,Normal,gas pump,gas pump,1,0.668,45.39,0.0,0
ImageNette|always_int8|2,ImageNette,always_int8,2,2,0.0,25.8,78.393,INT8,1,Normal,garbage truck,garbage truck,1,0.8438,45.37,0.0,0
ImageNette|always_int8|2,ImageNette,always_int8,2,3,0.0,25.8,77.906,INT8,1,Normal,chain saw,street sign,0,0.1602,45.36,0.0,0
ImageNette|always_int8|2,ImageNette,always_int8,2,4,2.0,25.8,78.393,INT8,1,Normal,tench,tench,1,0.9609,45.35,0.0,0
ImageNette|always_int8|2,ImageNette,always_int8,2,5,0.0,25.8,77.419,INT8,1,Normal,tench,tench,1,0.8438,45.46,0.0,0
ImageNette|always_int8|2,ImageNette,always_int8,2,6,2.0,25.8,75.958,INT8,1,Normal,French horn,French horn,1,0.8203,45.36,0.0,0
ImageNette|always_int8|2,ImageNette,always_int8,2,7,0.0,25.8,74.984,INT8,1,Normal,cassette player,cassette player,1,0.5703,45.33,0.0,0
ImageNette|always_int8|2,ImageNette,always_int8,2,8,0.0,25.8,74.984,INT8,1,Normal,English springer,English springer,1,0.2695,45.38,0.0,0
ImageNette|always_int8|2,ImageNette,always_int8,2,9,0.0,25.8,74.01,INT8,1,Normal,cassette player,modem,0,0.1797,82.08,0.0,0
ImageNette|always_int8|2,ImageNette,always_int8,2,10,0.0,25.8,73.036,INT8,1,Normal,parachute,parachute,1,0.9844,99.47,0.0,0
ImageNette|always_int8|2,ImageNette,always_int8,2,11,0.0,25.8,73.523,INT8,1,Normal,French horn,French horn,1,0.8438,45.37,0.0,0
ImageNette|always_int8|2,ImageNette,always_int8,2,12,0.0,25.8,73.036,INT8,1,Normal,garbage truck,patio,0,0.0625,45.47,0.0,0
ImageNette|always_int8|2,ImageNette,always_int8,2,13,0.0,25.8,73.036,INT8,1,Normal,English springer,English springer,1,0.2734,45.38,0.0,0
ImageNette|always_int8|2,ImageNette,always_int8,2,14,0.0,25.8,73.036,INT8,1,Normal,chain saw,chain saw,1,0.2305,45.36,0.0,0
ImageNette|always_int8|2,ImageNette,always_int8,2,15,0.0,25.8,72.062,INT8,1,Normal,garbage truck,garbage truck,1,0.8477,45.35,0.0,0
ImageNette|always_int8|2,ImageNette,always_int8,2,16,0.0,25.8,73.036,INT8,1,Normal,English springer,wire-haired fox terrier,0,0.2148,45.36,0.0,0
ImageNette|always_int8|2,ImageNette,always_int8,2,17,0.0,25.8,72.062,INT8,1,Normal,garbage truck,garbage truck,1,0.5977,45.38,0.0,0
ImageNette|always_int8|2,ImageNette,always_int8,2,18,0.0,25.8,71.575,INT8,1,Normal,tench,tench,1,0.8789,45.44,0.0,0
ImageNette|always_int8|2,ImageNette,always_int8,2,19,0.0,25.8,71.575,INT8,1,Normal,chain saw,snowmobile,0,0.1406,85.19,0.0,0
ImageNette|always_int8|2,ImageNette,always_int8,2,20,2.0,25.8,71.088,INT8,1,Normal,chain saw,chain saw,1,0.9766,91.79,0.0,0
ImageNette|always_int8|2,ImageNette,always_int8,2,21,0.0,25.8,71.088,INT8,1,Normal,chain saw,chain saw,1,0.3398,45.35,0.0,0
ImageNette|always_int8|2,ImageNette,always_int8,2,22,0.0,25.8,70.601,INT8,1,Normal,cassette player,cassette player,1,0.4453,45.37,0.0,0
ImageNette|always_int8|2,ImageNette,always_int8,2,23,2.0,25.8,70.601,INT8,1,Normal,chain saw,chain saw,1,0.4727,45.38,0.0,0
ImageNette|always_int8|2,ImageNette,always_int8,2,24,0.0,25.8,72.062,INT8,1,Normal,golf ball,golf ball,1,0.8906,45.39,0.0,0
ImageNette|always_int8|2,ImageNette,always_int8,2,25,2.0,25.8,70.114,INT8,1,Normal,French horn,French horn,1,0.418,45.4,0.0,0
ImageNette|always_int8|2,ImageNette,always_int8,2,26,0.0,25.8,70.601,INT8,1,Normal,English springer,English springer,1,0.7578,45.38,0.0,0
ImageNette|always_int8|2,ImageNette,always_int8,2,27,0.0,25.8,70.601,INT8,1,Normal,cassette player,radio,0,0.3438,45.47,0.0,0
ImageNette|always_int8|2,ImageNette,always_int8,2,28,0.0,25.8,70.114,INT8,1,Normal,garbage truck,garbage truck,1,0.6719,45.4,0.0,0
ImageNette|always_int8|2,ImageNette,always_int8,2,29,0.0,25.8,70.114,INT8,1,Normal,tench,tench,1,0.9453,86.56,0.0,0
ImageNette|always_int8|2,ImageNette,always_int8,2,30,0.0,25.8,69.14,INT8,1,Normal,golf ball,golf ball,1,0.9062,97.92,0.0,0
ImageNette|always_int8|2,ImageNette,always_int8,2,31,0.0,25.8,70.114,INT8,1,Normal,French horn,French horn,1,0.5469,45.33,0.0,0
ImageNette|always_int8|2,ImageNette,always_int8,2,32,2.0,25.8,69.627,INT8,1,Normal,golf ball,golf ball,1,0.7695,45.4,0.0,0
ImageNette|always_int8|2,ImageNette,always_int8,2,33,0.0,25.8,70.114,INT8,1,Normal,cassette player,cassette player,1,0.625,45.35,0.0,0
ImageNette|always_int8|2,ImageNette,always_int8,2,34,0.0,25.8,70.114,INT8,1,Normal,golf ball,golf ball,1,0.9258,45.38,0.0,0
ImageNette|always_int8|2,ImageNette,always_int8,2,35,0.0,25.8,68.653,INT8,1,Normal,French horn,French horn,1,0.9219,45.36,0.0,0
ImageNette|always_int8|2,ImageNette,always_int8,2,36,0.0,25.8,68.166,INT8,1,Normal,French horn,French horn,1,0.8711,45.37,0.0,0
ImageNette|always_int8|2,ImageNette,always_int8,2,37,0.0,25.8,69.14,INT8,1,Normal,golf ball,golf ball,1,0.8711,45.4,0.0,0
ImageNette|always_int8|2,ImageNette,always_int8,2,38,2.0,25.8,70.114,INT8,1,Normal,parachute,parachute,1,0.5625,45.38,0.0,0
ImageNette|always_int8|2,ImageNette,always_int8,2,39,2.0,25.8,69.627,INT8,1,Normal,English springer,English springer,1,0.1523,81.78,0.0,0
ImageNette|always_int8|2,ImageNette,always_int8,2,40,100.0,26.2,75.958,INT8,1,Stressed,gas pump,gas pump,1,0.2188,89.32,0.0,0
ImageNette|always_int8|2,ImageNette,always_int8,2,41,100.0,26.2,76.932,INT8,1,Stressed,French horn,French horn,1,0.9336,93.38,0.0,0
ImageNette|always_int8|2,ImageNette,always_int8,2,42,100.0,26.2,77.906,INT8,1,Stressed,tench,tench,1,0.918,89.39,0.0,0
ImageNette|always_int8|2,ImageNette,always_int8,2,43,100.0,26.2,77.419,INT8,1,Stressed,gas pump,moped,0,0.3945,94.38,0.0,0
ImageNette|always_int8|2,ImageNette,always_int8,2,44,100.0,26.2,79.367,INT8,1,Stressed,gas pump,gas pump,1,0.9688,89.95,0.0,0
ImageNette|always_int8|2,ImageNette,always_int8,2,45,100.0,26.2,79.367,INT8,1,Stressed,golf ball,golf ball,1,0.9297,89.8,0.0,0
ImageNette|always_int8|2,ImageNette,always_int8,2,46,100.0,26.2,80.828,INT8,1,Stressed,cassette player,carton,0,0.1797,89.67,0.0,0
ImageNette|always_int8|2,ImageNette,always_int8,2,47,100.0,26.2,80.828,INT8,1,Stressed,English springer,clumber,0,0.3086,93.69,0.0,0
ImageNette|always_int8|2,ImageNette,always_int8,2,48,100.0,26.2,80.828,INT8,1,Stressed,tench,tench,1,0.2305,89.62,0.0,0
ImageNette|always_int8|2,ImageNette,always_int8,2,49,100.0,26.2,82.776,INT8,1,Stressed,French horn,cornet,0,0.5117,93.64,0.0,0
ImageNette|always_int8|2,ImageNette,always_int8,2,50,100.0,26.2,82.289,INT8,1,Stressed,cassette player,cassette player,1,0.9453,94.19,0.0,0
ImageNette|always_int8|2,ImageNette,always_int8,2,51,100.0,26.2,82.289,INT8,1,Stressed,parachute,miniskirt,0,0.2188,94.55,0.0,0
ImageNette|always_int8|2,ImageNette,always_int8,2,52,100.0,26.2,81.315,INT8,1,Stressed,parachute,parachute,1,0.8438,95.23,0.0,0
ImageNette|always_int8|2,ImageNette,always_int8,2,53,100.0,26.2,82.776,INT8,1,Stressed,chain saw,chain saw,1,0.0547,91.6,0.0,0
ImageNette|always_int8|2,ImageNette,always_int8,2,54,100.0,26.2,83.263,INT8,1,Stressed,tench,tench,1,0.7227,96.77,0.0,0
ImageNette|always_int8|2,ImageNette,always_int8,2,55,100.0,26.2,82.289,INT8,1,Stressed,church,palace,0,0.3047,94.42,0.0,0
ImageNette|always_int8|2,ImageNette,always_int8,2,56,100.0,26.2,82.776,INT8,1,Stressed,French horn,French horn,1,0.9727,95.73,0.0,0
ImageNette|always_int8|2,ImageNette,always_int8,2,57,100.0,26.2,83.75,INT8,1,Stressed,garbage truck,garbage truck,1,0.3906,101.8,0.0,0
ImageNette|always_int8|2,ImageNette,always_int8,2,58,100.0,26.2,83.263,INT8,1,Stressed,gas pump,forklift,0,0.7031,95.59,0.0,0
ImageNette|always_int8|2,ImageNette,always_int8,2,59,100.0,26.2,83.263,INT8,1,Stressed,parachute,parachute,1,0.3242,96.68,0.0,0
ImageNette|always_int8|2,ImageNette,always_int8,2,60,100.0,26.2,83.75,INT8,1,Stressed,tench,tench,1,0.9297,95.55,0.0,0
ImageNette|always_int8|2,ImageNette,always_int8,2,61,100.0,26.2,84.237,INT8,1,Stressed,English springer,sloth bear,0,0.375,95.46,0.0,0
ImageNette|always_int8|2,ImageNette,always_int8,2,62,100.0,26.2,82.776,INT8,1,Stressed,garbage truck,garbage truck,1,0.1797,95.72,0.0,0
ImageNette|always_int8|2,ImageNette,always_int8,2,63,100.0,26.2,83.263,INT8,1,Stressed,French horn,French horn,1,0.9141,96.15,0.0,0
ImageNette|always_int8|2,ImageNette,always_int8,2,64,100.0,26.2,82.776,INT8,1,Stressed,gas pump,gas pump,1,0.6719,97.17,0.0,0
ImageNette|always_int8|2,ImageNette,always_int8,2,65,100.0,26.2,83.75,INT8,1,Stressed,parachute,parachute,1,0.9219,105.43,0.0,0
ImageNette|always_int8|2,ImageNette,always_int8,2,66,100.0,26.2,82.776,INT8,1,Stressed,parachute,sandbar,0,0.2578,96.01,0.0,0
ImageNette|always_int8|2,ImageNette,always_int8,2,67,100.0,26.2,83.75,INT8,1,Stressed,parachute,parachute,1,0.9844,102.18,0.0,0
ImageNette|always_int8|2,ImageNette,always_int8,2,68,100.0,26.2,84.237,INT8,1,Stressed,French horn,paper towel,0,0.0898,96.55,0.0,0
ImageNette|always_int8|2,ImageNette,always_int8,2,69,100.0,26.2,83.75,INT8,1,Stressed,tench,tench,1,0.7773,102.92,0.0,0
ImageNette|always_int8|2,ImageNette,always_int8,2,70,100.0,26.2,83.75,INT8,1,Stressed,gas pump,vending machine,0,0.2266,101.87,0.0,0
ImageNette|always_int8|2,ImageNette,always_int8,2,71,100.0,26.2,83.263,INT8,1,Stressed,golf ball,golf ball,1,0.9062,96.13,0.0,0
ImageNette|always_int8|2,ImageNette,always_int8,2,72,100.0,26.2,83.75,INT8,1,Stressed,garbage truck,garbage truck,1,0.5977,96.46,0.0,0
ImageNette|always_int8|2,ImageNette,always_int8,2,73,100.0,26.2,83.263,INT8,1,Stressed,chain saw,chain saw,1,0.9492,102.3,0.0,0
ImageNette|always_int8|2,ImageNette,always_int8,2,74,100.0,26.2,84.237,INT8,1,Stressed,French horn,French horn,1,0.9688,104.04,0.0,0
ImageNette|always_int8|2,ImageNette,always_int8,2,75,100.0,26.2,83.75,INT8,1,Stressed,tench,tench,1,0.6133,103.37,0.0,0
ImageNette|always_int8|2,ImageNette,always_int8,2,76,100.0,26.2,82.776,INT8,1,Stressed,tench,tench,1,0.4961,97.08,0.0,0
ImageNette|always_int8|2,ImageNette,always_int8,2,77,100.0,26.2,83.263,INT8,1,Stressed,church,church,1,0.8164,102.6,0.0,0
ImageNette|always_int8|2,ImageNette,always_int8,2,78,100.0,26.2,83.263,INT8,1,Stressed,golf ball,golf ball,1,0.8203,101.99,0.0,0
ImageNette|always_int8|2,ImageNette,always_int8,2,79,100.0,26.2,84.724,INT8,1,Stressed,parachute,parachute,1,0.8047,97.9,0.0,0
ImageNette|always_int8|2,ImageNette,always_int8,2,80,100.0,26.2,82.776,INT8,1,Stressed,church,church,1,0.3672,101.42,0.0,0
ImageNette|always_int8|2,ImageNette,always_int8,2,81,100.0,26.2,83.263,INT8,1,Stressed,golf ball,golf ball,1,0.1016,102.33,0.0,0
ImageNette|always_int8|2,ImageNette,always_int8,2,82,100.0,26.2,83.263,INT8,1,Stressed,golf ball,bathing cap,0,0.1328,97.51,0.0,0
ImageNette|always_int8|2,ImageNette,always_int8,2,83,100.0,26.2,82.776,INT8,1,Stressed,English springer,German short-haired pointer,0,0.5664,98.4,0.0,0
ImageNette|always_int8|2,ImageNette,always_int8,2,84,100.0,26.2,83.75,INT8,1,Stressed,tench,tench,1,0.7305,102.56,0.0,0
ImageNette|always_int8|2,ImageNette,always_int8,2,85,100.0,26.2,84.237,INT8,1,Stressed,garbage truck,garbage truck,1,0.7188,101.94,0.0,0
ImageNette|always_int8|2,ImageNette,always_int8,2,86,100.0,26.2,84.724,INT8,1,Stressed,parachute,parachute,1,0.918,95.58,0.0,0
ImageNette|always_int8|2,ImageNette,always_int8,2,87,100.0,26.2,83.263,INT8,1,Stressed,cassette player,marimba,0,0.1289,103.65,0.0,0
ImageNette|always_int8|2,ImageNette,always_int8,2,88,100.0,26.2,83.75,INT8,1,Stressed,cassette player,printer,0,0.625,102.92,0.0,0
ImageNette|always_int8|2,ImageNette,always_int8,2,89,100.0,26.2,83.263,INT8,1,Stressed,tench,tench,1,0.707,102.51,0.0,0
ImageNette|always_int8|2,ImageNette,always_int8,2,90,100.0,26.2,82.776,INT8,1,Stressed,parachute,parachute,1,0.957,95.84,0.0,0
ImageNette|always_int8|2,ImageNette,always_int8,2,91,100.0,26.2,83.263,INT8,1,Stressed,gas pump,gas pump,1,0.1016,96.5,0.0,0
ImageNette|always_int8|2,ImageNette,always_int8,2,92,100.0,26.2,83.263,INT8,1,Stressed,English springer,standard schnauzer,0,0.1055,98.07,0.0,0
ImageNette|always_int8|2,ImageNette,always_int8,2,93,100.0,26.2,83.75,INT8,1,Stressed,gas pump,gas pump,1,0.8203,99.79,0.0,0
ImageNette|always_int8|2,ImageNette,always_int8,2,94,100.0,26.2,84.237,INT8,1,Stressed,tench,tench,1,0.3164,101.02,0.0,0
ImageNette|always_int8|2,ImageNette,always_int8,2,95,100.0,26.2,83.263,INT8,1,Stressed,tench,plastic bag,0,0.9336,97.93,0.0,0
ImageNette|always_int8|2,ImageNette,always_int8,2,96,100.0,26.2,84.237,INT8,1,Stressed,gas pump,ambulance,0,0.332,102.18,0.0,0
ImageNette|always_int8|2,ImageNette,always_int8,2,97,100.0,26.2,82.776,INT8,1,Stressed,gas pump,street sign,0,0.0703,95.78,0.0,0
ImageNette|always_int8|2,ImageNette,always_int8,2,98,100.0,26.2,84.237,INT8,1,Stressed,church,church,1,0.7109,103.66,0.0,0
ImageNette|always_int8|2,ImageNette,always_int8,2,99,100.0,26.2,83.263,INT8,1,Stressed,golf ball,golf ball,1,0.7852,98.9,0.0,0
ImageNette|always_int8|3,ImageNette,always_int8,3,0,0.0,25.6,80.341,INT8,1,Normal,cassette player,cassette player,1,0.6289,45.4,0.0,0
ImageNette|always_int8|3,ImageNette,always_int8,3,1,0.0,25.6,80.341,INT8,1,Normal,gas pump,gas pump,1,0.668,45.39,0.0,0
ImageNette|always_int8|3,ImageNette,always_int8,3,2,0.0,25.6,78.88,INT8,1,Normal,garbage truck,garbage truck,1,0.8438,45.38,0.0,0
ImageNette|always_int8|3,ImageNette,always_int8,3,3,0.0,25.6,77.906,INT8,1,Normal,chain saw,street sign,0,0.1602,45.4,0.0,0
ImageNette|always_int8|3,ImageNette,always_int8,3,4,0.0,25.6,77.419,INT8,1,Normal,tench,tench,1,0.9609,45.42,0.0,0
ImageNette|always_int8|3,ImageNette,always_int8,3,5,0.0,25.6,76.445,INT8,1,Normal,tench,tench,1,0.8438,45.41,0.0,0
ImageNette|always_int8|3,ImageNette,always_int8,3,6,0.0,25.6,76.932,INT8,1,Normal,French horn,French horn,1,0.8203,45.39,0.0,0
ImageNette|always_int8|3,ImageNette,always_int8,3,7,2.0,25.6,75.958,INT8,1,Normal,cassette player,cassette player,1,0.5703,45.47,0.0,0
ImageNette|always_int8|3,ImageNette,always_int8,3,8,0.0,25.6,75.471,INT8,1,Normal,English springer,English springer,1,0.2695,45.43,0.0,0
ImageNette|always_int8|3,ImageNette,always_int8,3,9,0.0,25.6,75.471,INT8,1,Normal,cassette player,modem,0,0.1797,45.42,0.0,0
ImageNette|always_int8|3,ImageNette,always_int8,3,10,0.0,25.6,74.497,INT8,1,Normal,parachute,parachute,1,0.9844,97.5,0.0,0
ImageNette|always_int8|3,ImageNette,always_int8,3,11,0.0,25.6,73.523,INT8,1,Normal,French horn,French horn,1,0.8438,45.4,0.0,0
ImageNette|always_int8|3,ImageNette,always_int8,3,12,0.0,25.6,73.523,INT8,1,Normal,garbage truck,patio,0,0.0625,45.39,0.0,0
ImageNette|always_int8|3,ImageNette,always_int8,3,13,0.0,25.6,74.01,INT8,1,Normal,English springer,English springer,1,0.2734,45.39,0.0,0
ImageNette|always_int8|3,ImageNette,always_int8,3,14,0.0,25.6,74.497,INT8,1,Normal,chain saw,chain saw,1,0.2305,45.4,0.0,0
ImageNette|always_int8|3,ImageNette,always_int8,3,15,0.0,25.6,74.01,INT8,1,Normal,garbage truck,garbage truck,1,0.8477,45.53,0.0,0
ImageNette|always_int8|3,ImageNette,always_int8,3,16,2.0,25.6,74.01,INT8,1,Normal,English springer,wire-haired fox terrier,0,0.2148,45.46,0.0,0
ImageNette|always_int8|3,ImageNette,always_int8,3,17,0.0,25.6,73.036,INT8,1,Normal,garbage truck,garbage truck,1,0.5977,45.4,0.0,0
ImageNette|always_int8|3,ImageNette,always_int8,3,18,0.0,25.6,72.549,INT8,1,Normal,tench,tench,1,0.8789,45.37,0.0,0
ImageNette|always_int8|3,ImageNette,always_int8,3,19,0.0,25.6,73.036,INT8,1,Normal,chain saw,snowmobile,0,0.1406,75.29,0.0,0
ImageNette|always_int8|3,ImageNette,always_int8,3,20,0.0,25.6,71.575,INT8,1,Normal,chain saw,chain saw,1,0.9766,91.69,0.0,0
ImageNette|always_int8|3,ImageNette,always_int8,3,21,0.0,25.6,71.575,INT8,1,Normal,chain saw,chain saw,1,0.3398,45.42,0.0,0
ImageNette|always_int8|3,ImageNette,always_int8,3,22,0.0,25.6,71.575,INT8,1,Normal,cassette player,cassette player,1,0.4453,45.39,0.0,0
ImageNette|always_int8|3,ImageNette,always_int8,3,23,0.0,25.6,72.549,INT8,1,Normal,chain saw,chain saw,1,0.4727,45.4,0.0,0
ImageNette|always_int8|3,ImageNette,always_int8,3,24,0.0,25.6,72.062,INT8,1,Normal,golf ball,golf ball,1,0.8906,45.56,0.0,0
ImageNette|always_int8|3,ImageNette,always_int8,3,25,0.0,25.6,72.062,INT8,1,Normal,French horn,French horn,1,0.418,45.4,0.0,0
ImageNette|always_int8|3,ImageNette,always_int8,3,26,0.0,25.6,70.114,INT8,1,Normal,English springer,English springer,1,0.7578,45.37,0.0,0
ImageNette|always_int8|3,ImageNette,always_int8,3,27,0.0,25.6,70.601,INT8,1,Normal,cassette player,radio,0,0.3438,45.42,0.0,0
ImageNette|always_int8|3,ImageNette,always_int8,3,28,0.0,25.6,71.088,INT8,1,Normal,garbage truck,garbage truck,1,0.6719,45.39,0.0,0
ImageNette|always_int8|3,ImageNette,always_int8,3,29,0.0,25.6,69.627,INT8,1,Normal,tench,tench,1,0.9453,84.87,0.0,0
ImageNette|always_int8|3,ImageNette,always_int8,3,30,2.0,25.6,70.601,INT8,1,Normal,golf ball,golf ball,1,0.9062,89.11,0.0,0
ImageNette|always_int8|3,ImageNette,always_int8,3,31,0.0,25.6,71.088,INT8,1,Normal,French horn,French horn,1,0.5469,45.38,0.0,0
ImageNette|always_int8|3,ImageNette,always_int8,3,32,0.0,25.6,70.114,INT8,1,Normal,golf ball,golf ball,1,0.7695,45.39,0.0,0
ImageNette|always_int8|3,ImageNette,always_int8,3,33,0.0,25.6,70.114,INT8,1,Normal,cassette player,cassette player,1,0.625,45.4,0.0,0
ImageNette|always_int8|3,ImageNette,always_int8,3,34,0.0,25.6,70.601,INT8,1,Normal,golf ball,golf ball,1,0.9258,45.39,0.0,0
ImageNette|always_int8|3,ImageNette,always_int8,3,35,2.0,25.6,69.627,INT8,1,Normal,French horn,French horn,1,0.9219,45.38,0.0,0
ImageNette|always_int8|3,ImageNette,always_int8,3,36,0.0,25.6,69.627,INT8,1,Normal,French horn,French horn,1,0.8711,45.5,0.0,0
ImageNette|always_int8|3,ImageNette,always_int8,3,37,0.0,25.6,70.114,INT8,1,Normal,golf ball,golf ball,1,0.8711,45.4,0.0,0
ImageNette|always_int8|3,ImageNette,always_int8,3,38,0.0,25.6,70.114,INT8,1,Normal,parachute,parachute,1,0.5625,45.38,0.0,0
ImageNette|always_int8|3,ImageNette,always_int8,3,39,0.0,25.6,69.14,INT8,1,Normal,English springer,English springer,1,0.1523,57.41,0.0,0
ImageNette|always_int8|3,ImageNette,always_int8,3,40,100.0,26.0,76.445,INT8,1,Stressed,gas pump,gas pump,1,0.2188,89.36,0.0,0
ImageNette|always_int8|3,ImageNette,always_int8,3,41,100.0,26.0,76.932,INT8,1,Stressed,French horn,French horn,1,0.9336,93.41,0.0,0
ImageNette|always_int8|3,ImageNette,always_int8,3,42,100.0,26.0,78.393,INT8,1,Stressed,tench,tench,1,0.918,89.81,0.0,0
ImageNette|always_int8|3,ImageNette,always_int8,3,43,100.0,26.0,78.393,INT8,1,Stressed,gas pump,moped,0,0.3945,89.42,0.0,0
ImageNette|always_int8|3,ImageNette,always_int8,3,44,100.0,26.0,78.88,INT8,1,Stressed,gas pump,gas pump,1,0.9688,93.49,0.0,0
ImageNette|always_int8|3,ImageNette,always_int8,3,45,100.0,26.0,80.341,INT8,1,Stressed,golf ball,golf ball,1,0.9297,89.36,0.0,0
ImageNette|always_int8|3,ImageNette,always_int8,3,46,100.0,26.0,80.828,INT8,1,Stressed,cassette player,carton,0,0.1797,93.91,0.0,0
ImageNette|always_int8|3,ImageNette,always_int8,3,47,100.0,26.0,80.341,INT8,1,Stressed,English springer,clumber,0,0.3086,93.74,0.0,0
ImageNette|always_int8|3,ImageNette,always_int8,3,48,100.0,26.0,81.802,INT8,1,Stressed,tench,tench,1,0.2305,89.76,0.0,0
ImageNette|always_int8|3,ImageNette,always_int8,3,49,100.0,26.0,82.289,INT8,1,Stressed,French horn,cornet,0,0.5117,94.28,0.0,0
ImageNette|always_int8|3,ImageNette,always_int8,3,50,100.0,26.0,81.315,INT8,1,Stressed,cassette player,cassette player,1,0.9453,94.13,0.0,0
ImageNette|always_int8|3,ImageNette,always_int8,3,51,100.0,26.0,82.776,INT8,1,Stressed,parachute,miniskirt,0,0.2188,97.14,0.0,0
ImageNette|always_int8|3,ImageNette,always_int8,3,52,100.0,26.0,81.802,INT8,1,Stressed,parachute,parachute,1,0.8438,90.96,0.0,0
ImageNette|always_int8|3,ImageNette,always_int8,3,53,100.0,26.0,81.802,INT8,1,Stressed,chain saw,chain saw,1,0.0547,95.83,0.0,0
ImageNette|always_int8|3,ImageNette,always_int8,3,54,100.0,26.0,83.263,INT8,1,Stressed,tench,tench,1,0.7227,95.67,0.0,0
ImageNette|always_int8|3,ImageNette,always_int8,3,55,100.0,26.0,82.776,INT8,1,Stressed,church,palace,0,0.3047,94.46,0.0,0
ImageNette|always_int8|3,ImageNette,always_int8,3,56,100.0,26.0,82.776,INT8,1,Stressed,French horn,French horn,1,0.9727,95.27,0.0,0
ImageNette|always_int8|3,ImageNette,always_int8,3,57,100.0,26.0,83.263,INT8,1,Stressed,garbage truck,garbage truck,1,0.3906,100.51,0.0,0
ImageNette|always_int8|3,ImageNette,always_int8,3,58,100.0,26.0,83.263,INT8,1,Stressed,gas pump,forklift,0,0.7031,101.48,0.0,0
ImageNette|always_int8|3,ImageNette,always_int8,3,59,100.0,26.0,82.776,INT8,1,Stressed,parachute,parachute,1,0.3242,95.81,0.0,0
ImageNette|always_int8|3,ImageNette,always_int8,3,60,100.0,26.0,83.75,INT8,1,Stressed,tench,tench,1,0.9297,96.88,0.0,0
ImageNette|always_int8|3,ImageNette,always_int8,3,61,100.0,26.0,83.75,INT8,1,Stressed,English springer,sloth bear,0,0.375,102.27,0.0,0
ImageNette|always_int8|3,ImageNette,always_int8,3,62,100.0,26.0,83.263,INT8,1,Stressed,garbage truck,garbage truck,1,0.1797,100.77,0.0,0
ImageNette|always_int8|3,ImageNette,always_int8,3,63,100.0,26.0,83.263,INT8,1,Stressed,French horn,French horn,1,0.9141,98.12,0.0,0
ImageNette|always_int8|3,ImageNette,always_int8,3,64,100.0,26.0,83.263,INT8,1,Stressed,gas pump,gas pump,1,0.6719,102.0,0.0,0
ImageNette|always_int8|3,ImageNette,always_int8,3,65,100.0,26.0,83.263,INT8,1,Stressed,parachute,parachute,1,0.9219,96.72,0.0,0
ImageNette|always_int8|3,ImageNette,always_int8,3,66,100.0,26.0,83.263,INT8,1,Stressed,parachute,sandbar,0,0.2578,101.11,0.0,0
ImageNette|always_int8|3,ImageNette,always_int8,3,67,100.0,26.0,84.237,INT8,1,Stressed,parachute,parachute,1,0.9844,90.12,0.0,0
ImageNette|always_int8|3,ImageNette,always_int8,3,68,100.0,26.0,84.237,INT8,1,Stressed,French horn,paper towel,0,0.0898,100.96,0.0,0
ImageNette|always_int8|3,ImageNette,always_int8,3,69,100.0,26.0,83.263,INT8,1,Stressed,tench,tench,1,0.7773,96.92,0.0,0
ImageNette|always_int8|3,ImageNette,always_int8,3,70,100.0,26.0,83.75,INT8,1,Stressed,gas pump,vending machine,0,0.2266,102.32,0.0,0
ImageNette|always_int8|3,ImageNette,always_int8,3,71,100.0,26.0,83.263,INT8,1,Stressed,golf ball,golf ball,1,0.9062,105.07,0.0,0
ImageNette|always_int8|3,ImageNette,always_int8,3,72,100.0,26.0,83.263,INT8,1,Stressed,garbage truck,garbage truck,1,0.5977,96.96,0.0,0
ImageNette|always_int8|3,ImageNette,always_int8,3,73,100.0,26.0,84.237,INT8,1,Stressed,chain saw,chain saw,1,0.9492,102.56,0.0,0
ImageNette|always_int8|3,ImageNette,always_int8,3,74,100.0,26.0,83.263,INT8,1,Stressed,French horn,French horn,1,0.9688,96.63,0.0,0
ImageNette|always_int8|3,ImageNette,always_int8,3,75,100.0,26.0,84.724,INT8,1,Stressed,tench,tench,1,0.6133,100.33,0.0,0
ImageNette|always_int8|3,ImageNette,always_int8,3,76,100.0,26.0,83.75,INT8,1,Stressed,tench,tench,1,0.4961,104.08,0.0,0
ImageNette|always_int8|3,ImageNette,always_int8,3,77,100.0,26.0,83.75,INT8,1,Stressed,church,church,1,0.8164,91.24,0.0,0
ImageNette|always_int8|3,ImageNette,always_int8,3,78,100.0,26.0,83.75,INT8,1,Stressed,golf ball,golf ball,1,0.8203,102.25,0.0,0
ImageNette|always_int8|3,ImageNette,always_int8,3,79,100.0,26.0,83.263,INT8,1,Stressed,parachute,parachute,1,0.8047,101.06,0.0,0
ImageNette|always_int8|3,ImageNette,always_int8,3,80,100.0,26.0,83.75,INT8,1,Stressed,church,church,1,0.3672,97.74,0.0,0
ImageNette|always_int8|3,ImageNette,always_int8,3,81,100.0,26.0,83.263,INT8,1,Stressed,golf ball,golf ball,1,0.1016,97.37,0.0,0
ImageNette|always_int8|3,ImageNette,always_int8,3,82,100.0,26.0,84.237,INT8,1,Stressed,golf ball,bathing cap,0,0.1328,98.7,0.0,0
ImageNette|always_int8|3,ImageNette,always_int8,3,83,100.0,26.0,83.263,INT8,1,Stressed,English springer,German short-haired pointer,0,0.5664,102.38,0.0,0
ImageNette|always_int8|3,ImageNette,always_int8,3,84,100.0,26.0,83.263,INT8,1,Stressed,tench,tench,1,0.7305,102.16,0.0,0
ImageNette|always_int8|3,ImageNette,always_int8,3,85,100.0,26.0,84.237,INT8,1,Stressed,garbage truck,garbage truck,1,0.7188,102.65,0.0,0
ImageNette|always_int8|3,ImageNette,always_int8,3,86,100.0,26.0,84.237,INT8,1,Stressed,parachute,parachute,1,0.918,104.47,0.0,0
ImageNette|always_int8|3,ImageNette,always_int8,3,87,100.0,26.0,83.75,INT8,1,Stressed,cassette player,marimba,0,0.1289,96.77,0.0,0
ImageNette|always_int8|3,ImageNette,always_int8,3,88,100.0,26.0,82.776,INT8,1,Stressed,cassette player,printer,0,0.625,101.55,0.0,0
ImageNette|always_int8|3,ImageNette,always_int8,3,89,100.0,26.0,83.75,INT8,1,Stressed,tench,tench,1,0.707,165.18,0.0,0
ImageNette|always_int8|3,ImageNette,always_int8,3,90,100.0,26.0,83.75,INT8,1,Stressed,parachute,parachute,1,0.957,101.69,0.0,0
ImageNette|always_int8|3,ImageNette,always_int8,3,91,100.0,26.0,83.263,INT8,1,Stressed,gas pump,gas pump,1,0.1016,97.61,0.0,0
ImageNette|always_int8|3,ImageNette,always_int8,3,92,100.0,26.0,82.776,INT8,1,Stressed,English springer,standard schnauzer,0,0.1055,97.36,0.0,0
ImageNette|always_int8|3,ImageNette,always_int8,3,93,100.0,26.0,82.776,INT8,1,Stressed,gas pump,gas pump,1,0.8203,102.63,0.0,0
ImageNette|always_int8|3,ImageNette,always_int8,3,94,100.0,26.0,84.237,INT8,1,Stressed,tench,tench,1,0.3164,104.04,0.0,0
ImageNette|always_int8|3,ImageNette,always_int8,3,95,100.0,26.0,84.724,INT8,1,Stressed,tench,plastic bag,0,0.9336,102.25,0.0,0
ImageNette|always_int8|3,ImageNette,always_int8,3,96,100.0,26.0,83.75,INT8,1,Stressed,gas pump,ambulance,0,0.332,104.37,0.0,0
ImageNette|always_int8|3,ImageNette,always_int8,3,97,100.0,26.0,84.237,INT8,1,Stressed,gas pump,street sign,0,0.0703,102.52,0.0,0
ImageNette|always_int8|3,ImageNette,always_int8,3,98,100.0,26.0,83.263,INT8,1,Stressed,church,church,1,0.7109,95.4,0.0,0
ImageNette|always_int8|3,ImageNette,always_int8,3,99,100.0,26.0,83.75,INT8,1,Stressed,golf ball,golf ball,1,0.7852,98.4,0.0,0
ImageNette|egreedy|1,ImageNette,egreedy,1,0,0.0,24.4,73.036,INT8,1,Normal,cassette player,cassette player,1,0.6289,45.42,111.053,0
ImageNette|egreedy|1,ImageNette,egreedy,1,1,0.0,24.8,70.601,FP32,0,Normal,gas pump,gas pump,1,0.7784,64.84,0.045,1
ImageNette|egreedy|1,ImageNette,egreedy,1,2,0.0,24.8,69.627,FP32,0,Normal,garbage truck,garbage truck,1,0.8858,64.7,0.04,0
ImageNette|egreedy|1,ImageNette,egreedy,1,3,0.0,24.8,69.627,FP32,0,Normal,chain saw,street sign,0,0.1295,64.73,0.039,0
ImageNette|egreedy|1,ImageNette,egreedy,1,4,0.0,24.8,69.14,FP32,0,Normal,tench,tench,1,0.9637,64.7,0.04,0
ImageNette|egreedy|1,ImageNette,egreedy,1,5,0.0,24.8,67.192,FP32,0,Normal,tench,tench,1,0.8553,64.77,0.042,0
ImageNette|egreedy|1,ImageNette,egreedy,1,6,0.0,24.8,64.757,FP32,0,Normal,French horn,French horn,1,0.7895,64.7,0.039,0
ImageNette|egreedy|1,ImageNette,egreedy,1,7,0.0,24.8,66.218,FP32,0,Normal,cassette player,cassette player,1,0.4806,64.79,0.038,0
ImageNette|egreedy|1,ImageNette,egreedy,1,8,0.0,24.8,65.731,FP32,0,Normal,English springer,English springer,1,0.29,64.85,0.232,0
ImageNette|egreedy|1,ImageNette,egreedy,1,9,0.0,24.8,66.218,FP32,0,Normal,cassette player,modem,0,0.318,65.08,0.038,0
ImageNette|egreedy|1,ImageNette,egreedy,1,10,0.0,24.6,65.244,FP32,0,Normal,parachute,parachute,1,0.9907,65.09,0.038,0
ImageNette|egreedy|1,ImageNette,egreedy,1,11,0.0,24.7,64.27,FP32,0,Normal,French horn,French horn,1,0.7794,65.23,0.041,0
ImageNette|egreedy|1,ImageNette,egreedy,1,12,0.0,24.7,64.27,FP32,0,Normal,garbage truck,mobile home,0,0.0621,102.3,0.066,0
ImageNette|egreedy|1,ImageNette,egreedy,1,13,0.0,24.7,64.27,FP32,0,Normal,English springer,English springer,1,0.25,65.15,0.038,0
ImageNette|egreedy|1,ImageNette,egreedy,1,14,0.0,24.6,62.809,FP32,0,Normal,chain saw,chain saw,1,0.3724,65.22,0.223,0
ImageNette|egreedy|1,ImageNette,egreedy,1,15,0.0,24.6,62.809,FP32,0,Normal,garbage truck,garbage truck,1,0.9131,65.33,0.039,0
ImageNette|egreedy|1,ImageNette,egreedy,1,16,0.0,24.6,61.348,FP32,0,Normal,English springer,wire-haired fox terrier,0,0.1974,65.26,0.039,0
ImageNette|egreedy|1,ImageNette,egreedy,1,17,0.0,24.6,62.322,FP32,0,Normal,garbage truck,garbage truck,1,0.6205,65.15,0.04,0
ImageNette|egreedy|1,ImageNette,egreedy,1,18,0.0,24.6,61.835,FP32,0,Normal,tench,tench,1,0.8855,65.15,0.039,0
ImageNette|egreedy|1,ImageNette,egreedy,1,19,0.0,24.6,62.322,FP32,0,Normal,chain saw,snowmobile,0,0.2455,65.24,0.038,0
ImageNette|egreedy|1,ImageNette,egreedy,1,20,2.0,24.6,60.861,FP32,0,Normal,chain saw,chain saw,1,0.9898,65.24,0.039,0
ImageNette|egreedy|1,ImageNette,egreedy,1,21,0.0,24.6,61.835,FP32,0,Normal,chain saw,chain saw,1,0.4957,107.99,0.083,0
ImageNette|egreedy|1,ImageNette,egreedy,1,22,0.0,24.6,61.348,FP32,0,Normal,cassette player,loudspeaker,0,0.3373,65.2,0.037,0
ImageNette|egreedy|1,ImageNette,egreedy,1,23,0.0,24.6,59.887,FP32,0,Normal,chain saw,chain saw,1,0.4287,65.22,0.228,0
ImageNette|egreedy|1,ImageNette,egreedy,1,24,0.0,24.6,60.861,FP32,0,Normal,golf ball,golf ball,1,0.7976,65.26,0.039,0
ImageNette|egreedy|1,ImageNette,egreedy,1,25,2.0,24.6,59.887,INT8,1,Normal,French horn,French horn,1,0.418,45.62,0.224,1
ImageNette|egreedy|1,ImageNette,egreedy,1,26,0.0,24.6,60.374,FP32,0,Normal,English springer,English springer,1,0.7752,65.24,0.044,1
ImageNette|egreedy|1,ImageNette,egreedy,1,27,0.0,24.6,60.374,FP32,0,Normal,cassette player,radio,0,0.3819,65.14,0.224,0
ImageNette|egreedy|1,ImageNette,egreedy,1,28,0.0,24.6,59.4,FP32,0,Normal,garbage truck,garbage truck,1,0.7635,65.24,0.042,0
ImageNette|egreedy|1,ImageNette,egreedy,1,29,0.0,24.6,58.426,INT8,1,Normal,tench,tench,1,0.9453,45.51,0.227,1
ImageNette|egreedy|1,ImageNette,egreedy,1,30,2.0,24.6,59.887,FP32,0,Normal,golf ball,golf ball,1,0.8779,101.18,0.434,1
ImageNette|egreedy|1,ImageNette,egreedy,1,31,0.0,24.5,59.4,FP32,0,Normal,French horn,French horn,1,0.7019,65.11,0.039,0
ImageNette|egreedy|1,ImageNette,egreedy,1,32,0.0,24.5,59.887,FP32,0,Normal,golf ball,golf ball,1,0.9662,65.3,0.038,0
ImageNette|egreedy|1,ImageNette,egreedy,1,33,0.0,24.5,58.913,FP32,0,Normal,cassette player,cassette player,1,0.5805,65.17,0.039,0
ImageNette|egreedy|1,ImageNette,egreedy,1,34,0.0,24.5,58.913,FP32,0,Normal,golf ball,golf ball,1,0.8831,65.23,0.039,0
ImageNette|egreedy|1,ImageNette,egreedy,1,35,0.0,24.5,58.426,FP32,0,Normal,French horn,French horn,1,0.9398,65.26,0.039,0
ImageNette|egreedy|1,ImageNette,egreedy,1,36,0.0,24.5,59.4,FP32,0,Normal,French horn,French horn,1,0.9176,65.12,0.038,0
ImageNette|egreedy|1,ImageNette,egreedy,1,37,0.0,24.5,58.913,FP32,0,Normal,golf ball,golf ball,1,0.9336,65.18,0.037,0
ImageNette|egreedy|1,ImageNette,egreedy,1,38,0.0,24.5,57.939,FP32,0,Normal,parachute,parachute,1,0.8589,65.2,0.039,0
ImageNette|egreedy|1,ImageNette,egreedy,1,39,0.0,24.5,58.426,FP32,0,Normal,English springer,Brittany spaniel,0,0.1223,105.14,0.039,0
ImageNette|egreedy|1,ImageNette,egreedy,1,40,100.0,25.1,64.757,FP32,0,Stressed,gas pump,gas pump,1,0.3287,132.53,0.041,0
ImageNette|egreedy|1,ImageNette,egreedy,1,41,100.0,25.3,66.705,FP32,0,Stressed,French horn,French horn,1,0.8986,118.5,0.041,0
ImageNette|egreedy|1,ImageNette,egreedy,1,42,100.0,25.3,67.192,FP32,0,Stressed,tench,tench,1,0.9158,130.11,0.041,0
ImageNette|egreedy|1,ImageNette,egreedy,1,43,100.0,25.3,67.679,FP32,0,Stressed,gas pump,moped,0,0.3624,122.1,0.041,0
ImageNette|egreedy|1,ImageNette,egreedy,1,44,100.0,25.3,68.166,FP32,0,Stressed,gas pump,gas pump,1,0.9698,130.55,0.04,0
ImageNette|egreedy|1,ImageNette,egreedy,1,45,100.0,25.1,67.679,FP32,0,Stressed,golf ball,golf ball,1,0.9341,129.93,0.045,0
ImageNette|egreedy|1,ImageNette,egreedy,1,46,100.0,25.3,68.166,FP32,0,Stressed,cassette player,cassette player,1,0.304,125.6,0.06,0
ImageNette|egreedy|1,ImageNette,egreedy,1,47,100.0,25.3,68.653,FP32,0,Stressed,English springer,English springer,1,0.392,129.29,0.044,0
ImageNette|egreedy|1,ImageNette,egreedy,1,48,100.0,25.2,70.601,FP32,0,Stressed,tench,tench,1,0.1609,113.46,0.041,0
ImageNette|egreedy|1,ImageNette,egreedy,1,49,100.0,25.2,70.114,FP32,0,Stressed,French horn,cornet,0,0.421,129.54,0.041,0
ImageNette|egreedy|1,ImageNette,egreedy,1,50,100.0,25.2,71.575,FP32,0,Stressed,cassette player,cassette player,1,0.942,134.74,0.044,0
ImageNette|egreedy|1,ImageNette,egreedy,1,51,100.0,25.2,70.601,FP32,0,Stressed,parachute,sarong,0,0.1213,135.38,0.041,0
ImageNette|egreedy|1,ImageNette,egreedy,1,52,100.0,25.2,71.575,FP32,0,Stressed,parachute,parachute,1,0.8609,135.61,0.04,0
ImageNette|egreedy|1,ImageNette,egreedy,1,53,100.0,25.2,71.575,FP32,0,Stressed,chain saw,chain saw,1,0.052,117.39,0.042,0
ImageNette|egreedy|1,ImageNette,egreedy,1,54,100.0,25.2,72.062,FP32,0,Stressed,tench,tench,1,0.7481,129.3,0.039,0
ImageNette|egreedy|1,ImageNette,egreedy,1,55,100.0,25.2,72.062,FP32,0,Stressed,church,palace,0,0.3559,134.06,0.041,0
ImageNette|egreedy|1,ImageNette,egreedy,1,56,100.0,25.2,72.549,FP32,0,Stressed,French horn,French horn,1,0.9494,130.22,0.041,0
ImageNette|egreedy|1,ImageNette,egreedy,1,57,100.0,25.2,73.036,FP32,0,Stressed,garbage truck,garbage truck,1,0.4972,130.18,0.042,0
ImageNette|egreedy|1,ImageNette,egreedy,1,58,100.0,25.2,73.523,FP32,0,Stressed,gas pump,gas pump,1,0.4681,135.25,0.04,0
ImageNette|egreedy|1,ImageNette,egreedy,1,59,100.0,25.2,74.01,FP32,0,Stressed,parachute,parachute,1,0.3177,125.82,0.044,0
ImageNette|egreedy|1,ImageNette,egreedy,1,60,100.0,25.2,74.497,FP32,0,Stressed,tench,tench,1,0.9192,133.02,0.043,0
ImageNette|egreedy|1,ImageNette,egreedy,1,61,100.0,25.2,74.497,INT8,1,Stressed,English springer,sloth bear,0,0.375,94.13,0.237,1
ImageNette|egreedy|1,ImageNette,egreedy,1,62,100.0,25.2,74.497,FP32,0,Stressed,garbage truck,garbage truck,1,0.2104,130.34,0.041,1
ImageNette|egreedy|1,ImageNette,egreedy,1,63,100.0,25.2,74.01,FP32,0,Stressed,French horn,French horn,1,0.8855,134.74,0.046,0
ImageNette|egreedy|1,ImageNette,egreedy,1,64,100.0,25.2,74.01,FP32,0,Stressed,gas pump,gas pump,1,0.5836,129.85,0.042,0
ImageNette|egreedy|1,ImageNette,egreedy,1,65,100.0,25.2,74.01,FP32,0,Stressed,parachute,parachute,1,0.9439,132.96,0.046,0
ImageNette|egreedy|1,ImageNette,egreedy,1,66,100.0,25.2,74.984,FP32,0,Stressed,parachute,bubble,0,0.1968,133.38,0.045,0
ImageNette|egreedy|1,ImageNette,egreedy,1,67,100.0,25.2,74.984,INT8,1,Stressed,parachute,parachute,1,0.9844,93.92,0.239,1
ImageNette|egreedy|1,ImageNette,egreedy,1,68,100.0,25.2,74.01,FP32,0,Stressed,French horn,paper towel,0,0.125,118.33,0.041,1
ImageNette|egreedy|1,ImageNette,egreedy,1,69,100.0,25.2,75.471,FP32,0,Stressed,tench,tench,1,0.7747,135.16,0.04,0
ImageNette|egreedy|1,ImageNette,egreedy,1,70,100.0,25.2,75.471,FP32,0,Stressed,gas pump,gas pump,1,0.2226,135.27,0.243,0
ImageNette|egreedy|1,ImageNette,egreedy,1,71,100.0,25.2,75.471,FP32,0,Stressed,golf ball,golf ball,1,0.9209,110.29,0.041,0
ImageNette|egreedy|1,ImageNette,egreedy,1,72,100.0,25.2,74.497,FP32,0,Stressed,garbage truck,garbage truck,1,0.5843,129.08,0.04,0
ImageNette|egreedy|1,ImageNette,egreedy,1,73,100.0,25.2,74.984,FP32,0,Stressed,chain saw,chain saw,1,0.9989,133.81,0.042,0
ImageNette|egreedy|1,ImageNette,egreedy,1,74,100.0,25.2,76.445,FP32,0,Stressed,French horn,French horn,1,0.9705,129.64,0.042,0
ImageNette|egreedy|1,ImageNette,egreedy,1,75,100.0,25.2,75.958,FP32,0,Stressed,tench,tench,1,0.6226,117.62,0.042,0
ImageNette|egreedy|1,ImageNette,egreedy,1,76,100.0,25.2,76.932,FP32,0,Stressed,tench,tench,1,0.4544,128.87,0.043,0
ImageNette|egreedy|1,ImageNette,egreedy,1,77,100.0,25.2,76.445,INT8,1,Stressed,church,church,1,0.8164,90.09,0.247,1
ImageNette|egreedy|1,ImageNette,egreedy,1,78,100.0,25.4,76.445,FP32,0,Stressed,golf ball,golf ball,1,0.8426,134.85,0.047,1
ImageNette|egreedy|1,ImageNette,egreedy,1,79,100.0,25.4,76.445,FP32,0,Stressed,parachute,parachute,1,0.8524,129.11,0.062,0
ImageNette|egreedy|1,ImageNette,egreedy,1,80,100.0,25.4,76.932,FP32,0,Stressed,church,church,1,0.3991,121.25,0.05,0
ImageNette|egreedy|1,ImageNette,egreedy,1,81,100.0,25.1,76.932,FP32,0,Stressed,golf ball,golf ball,1,0.7063,129.46,0.043,0
ImageNette|egreedy|1,ImageNette,egreedy,1,82,100.0,25.1,76.932,FP32,0,Stressed,golf ball,shower cap,0,0.1519,133.77,0.046,0
ImageNette|egreedy|1,ImageNette,egreedy,1,83,100.0,25.1,76.932,FP32,0,Stressed,English springer,German short-haired pointer,0,0.4392,129.75,0.043,0
ImageNette|egreedy|1,ImageNette,egreedy,1,84,100.0,25.1,76.932,FP32,0,Stressed,tench,tench,1,0.827,133.1,0.047,0
ImageNette|egreedy|1,ImageNette,egreedy,1,85,100.0,25.1,75.958,INT8,1,Stressed,garbage truck,garbage truck,1,0.7188,93.41,0.25,1
ImageNette|egreedy|1,ImageNette,egreedy,1,86,100.0,25.1,76.445,FP32,0,Stressed,parachute,parachute,1,0.9443,124.88,0.041,1
ImageNette|egreedy|1,ImageNette,egreedy,1,87,100.0,25.1,77.419,FP32,0,Stressed,cassette player,marimba,0,0.1479,125.84,0.043,0
ImageNette|egreedy|1,ImageNette,egreedy,1,88,100.0,25.1,77.906,FP32,0,Stressed,cassette player,printer,0,0.7214,130.4,0.243,0
ImageNette|egreedy|1,ImageNette,egreedy,1,89,100.0,25.1,77.906,FP32,0,Stressed,tench,tench,1,0.755,134.12,0.041,0
ImageNette|egreedy|1,ImageNette,egreedy,1,90,100.0,25.1,78.393,FP32,0,Stressed,parachute,parachute,1,0.983,130.02,0.039,0
ImageNette|egreedy|1,ImageNette,egreedy,1,91,100.0,25.1,78.393,FP32,0,Stressed,gas pump,gas pump,1,0.2898,133.76,0.041,0
ImageNette|egreedy|1,ImageNette,egreedy,1,92,100.0,25.1,76.932,FP32,0,Stressed,English springer,English setter,0,0.0983,134.0,0.239,0
ImageNette|egreedy|1,ImageNette,egreedy,1,93,100.0,25.1,77.419,FP32,0,Stressed,gas pump,gas pump,1,0.868,130.31,0.045,0
ImageNette|egreedy|1,ImageNette,egreedy,1,94,100.0,25.1,77.906,FP32,0,Stressed,tench,tench,1,0.3967,134.98,0.041,0
ImageNette|egreedy|1,ImageNette,egreedy,1,95,100.0,25.1,77.906,FP32,0,Stressed,tench,plastic bag,0,0.8379,130.25,0.043,0
ImageNette|egreedy|1,ImageNette,egreedy,1,96,100.0,25.1,78.88,FP32,0,Stressed,gas pump,ambulance,0,0.3753,133.91,0.238,0
ImageNette|egreedy|1,ImageNette,egreedy,1,97,100.0,25.1,77.906,FP32,0,Stressed,gas pump,street sign,0,0.1799,129.07,0.041,0
ImageNette|egreedy|1,ImageNette,egreedy,1,98,100.0,25.1,78.393,FP32,0,Stressed,church,church,1,0.7075,134.05,0.04,0
ImageNette|egreedy|1,ImageNette,egreedy,1,99,100.0,25.1,77.906,FP32,0,Stressed,golf ball,golf ball,1,0.6524,126.2,0.04,0
ImageNette|egreedy|2,ImageNette,egreedy,2,0,0.0,25.5,80.341,FP32,0,Normal,cassette player,cassette player,1,0.6148,64.78,0.036,0
ImageNette|egreedy|2,ImageNette,egreedy,2,1,0.0,25.5,79.854,FP32,0,Normal,gas pump,gas pump,1,0.7784,64.82,0.037,0
ImageNette|egreedy|2,ImageNette,egreedy,2,2,0.0,25.5,80.341,FP32,0,Normal,garbage truck,garbage truck,1,0.8858,64.91,0.038,0
ImageNette|egreedy|2,ImageNette,egreedy,2,3,2.0,25.5,77.906,INT8,1,Normal,chain saw,street sign,0,0.1602,45.41,0.222,1
ImageNette|egreedy|2,ImageNette,egreedy,2,4,0.0,25.5,77.419,FP32,0,Normal,tench,tench,1,0.9637,65.12,0.039,1
ImageNette|egreedy|2,ImageNette,egreedy,2,5,0.0,25.5,76.445,FP32,0,Normal,tench,tench,1,0.8553,64.99,0.043,0
ImageNette|egreedy|2,ImageNette,egreedy,2,6,0.0,25.5,75.958,FP32,0,Normal,French horn,French horn,1,0.7895,64.97,0.037,0
ImageNette|egreedy|2,ImageNette,egreedy,2,7,0.0,25.5,75.958,FP32,0,Normal,cassette player,cassette player,1,0.4806,65.07,0.04,0
ImageNette|egreedy|2,ImageNette,egreedy,2,8,0.0,25.5,75.471,FP32,0,Normal,English springer,English springer,1,0.29,65.02,0.039,0
ImageNette|egreedy|2,ImageNette,egreedy,2,9,0.0,25.5,74.497,FP32,0,Normal,cassette player,modem,0,0.318,87.43,0.066,0
ImageNette|egreedy|2,ImageNette,egreedy,2,10,0.0,25.5,74.497,FP32,0,Normal,parachute,parachute,1,0.9907,64.98,0.039,0
ImageNette|egreedy|2,ImageNette,egreedy,2,11,2.0,25.5,72.549,FP32,0,Normal,French horn,French horn,1,0.7794,65.0,0.037,0
ImageNette|egreedy|2,ImageNette,egreedy,2,12,0.0,25.5,73.523,FP32,0,Normal,garbage truck,mobile home,0,0.0621,65.04,0.039,0
ImageNette|egreedy|2,ImageNette,egreedy,2,13,0.0,25.5,73.523,FP32,0,Normal,English springer,English springer,1,0.25,65.01,0.038,0
ImageNette|egreedy|2,ImageNette,egreedy,2,14,0.0,25.5,73.523,FP32,0,Normal,chain saw,chain saw,1,0.3724,64.94,0.038,0
ImageNette|egreedy|2,ImageNette,egreedy,2,15,0.0,25.5,72.549,FP32,0,Normal,garbage truck,garbage truck,1,0.9131,65.24,0.226,0
ImageNette|egreedy|2,ImageNette,egreedy,2,16,0.0,25.5,72.062,FP32,0,Normal,English springer,wire-haired fox terrier,0,0.1974,64.99,0.228,0
ImageNette|egreedy|2,ImageNette,egreedy,2,17,0.0,25.5,73.036,FP32,0,Normal,garbage truck,garbage truck,1,0.6205,65.01,0.037,0
ImageNette|egreedy|2,ImageNette,egreedy,2,18,0.0,25.5,72.549,FP32,0,Normal,tench,tench,1,0.8855,110.98,0.484,0
ImageNette|egreedy|2,ImageNette,egreedy,2,19,2.0,25.5,72.549,FP32,0,Normal,chain saw,snowmobile,0,0.2455,65.09,0.038,0
ImageNette|egreedy|2,ImageNette,egreedy,2,20,0.0,25.5,72.549,FP32,0,Normal,chain saw,chain saw,1,0.9898,64.98,0.038,0
ImageNette|egreedy|2,ImageNette,egreedy,2,21,0.0,25.5,71.088,FP32,0,Normal,chain saw,chain saw,1,0.4957,64.95,0.041,0
ImageNette|egreedy|2,ImageNette,egreedy,2,22,0.0,25.5,71.575,FP32,0,Normal,cassette player,loudspeaker,0,0.3373,65.05,0.038,0
ImageNette|egreedy|2,ImageNette,egreedy,2,23,0.0,25.5,72.549,INT8,1,Normal,chain saw,chain saw,1,0.4727,45.41,0.227,1
ImageNette|egreedy|2,ImageNette,egreedy,2,24,0.0,25.5,71.088,FP32,0,Normal,golf ball,golf ball,1,0.7976,64.99,0.038,1
ImageNette|egreedy|2,ImageNette,egreedy,2,25,0.0,25.5,71.088,FP32,0,Normal,French horn,French horn,1,0.4559,64.94,0.038,0
ImageNette|egreedy|2,ImageNette,egreedy,2,26,0.0,25.5,70.601,FP32,0,Normal,English springer,English springer,1,0.7752,65.01,0.039,0
ImageNette|egreedy|2,ImageNette,egreedy,2,27,0.0,25.5,70.601,FP32,0,Normal,cassette player,radio,0,0.3819,82.85,0.072,0
ImageNette|egreedy|2,ImageNette,egreedy,2,28,0.0,25.5,69.14,FP32,0,Normal,garbage truck,garbage truck,1,0.7635,65.03,0.038,0
ImageNette|egreedy|2,ImageNette,egreedy,2,29,0.0,25.5,71.575,FP32,0,Normal,tench,tench,1,0.9563,65.09,0.039,0
ImageNette|egreedy|2,ImageNette,egreedy,2,30,0.0,25.5,70.114,FP32,0,Normal,golf ball,golf ball,1,0.8779,65.08,0.038,0
ImageNette|egreedy|2,ImageNette,egreedy,2,31,0.0,25.5,69.627,FP32,0,Normal,French horn,French horn,1,0.7019,65.01,0.039,0
ImageNette|egreedy|2,ImageNette,egreedy,2,32,0.0,25.5,69.627,FP32,0,Normal,golf ball,golf ball,1,0.9662,65.05,0.038,0
ImageNette|egreedy|2,ImageNette,egreedy,2,33,0.0,25.5,68.653,FP32,0,Normal,cassette player,cassette player,1,0.5805,65.05,0.038,0
ImageNette|egreedy|2,ImageNette,egreedy,2,34,0.0,25.5,69.627,INT8,1,Normal,golf ball,golf ball,1,0.9258,45.43,0.226,1
ImageNette|egreedy|2,ImageNette,egreedy,2,35,0.0,25.5,70.114,INT8,1,Normal,French horn,French horn,1,0.9219,45.42,0.039,0
ImageNette|egreedy|2,ImageNette,egreedy,2,36,0.0,25.5,69.14,FP32,0,Normal,French horn,French horn,1,0.9176,82.38,0.394,1
ImageNette|egreedy|2,ImageNette,egreedy,2,37,0.0,25.5,69.14,INT8,1,Normal,golf ball,golf ball,1,0.8711,45.55,0.041,1
ImageNette|egreedy|2,ImageNette,egreedy,2,38,0.0,25.5,69.627,INT8,1,Normal,parachute,parachute,1,0.5625,45.41,0.039,0
ImageNette|egreedy|2,ImageNette,egreedy,2,39,0.0,25.5,69.627,INT8,1,Normal,English springer,English springer,1,0.1523,45.4,0.038,0
ImageNette|egreedy|2,ImageNette,egreedy,2,40,100.0,26.0,76.932,INT8,1,Stressed,gas pump,gas pump,1,0.2188,93.4,0.039,0
ImageNette|egreedy|2,ImageNette,egreedy,2,41,100.0,26.0,76.445,FP32,0,Stressed,French horn,French horn,1,0.8986,133.83,0.041,1
ImageNette|egreedy|2,ImageNette,egreedy,2,42,100.0,26.0,78.393,FP32,0,Stressed,tench,tench,1,0.9158,64.91,0.04,0
ImageNette|egreedy|2,ImageNette,egreedy,2,43,100.0,26.0,78.88,FP32,0,Stressed,gas pump,moped,0,0.3624,134.5,0.04,0
ImageNette|egreedy|2,ImageNette,egreedy,2,44,100.0,26.0,79.367,INT8,1,Stressed,gas pump,gas pump,1,0.9688,93.85,0.04,1
ImageNette|egreedy|2,ImageNette,egreedy,2,45,100.0,26.0,81.315,FP32,0,Stressed,golf ball,golf ball,1,0.9341,130.59,0.04,1
ImageNette|egreedy|2,ImageNette,egreedy,2,46,100.0,26.0,80.341,FP32,0,Stressed,cassette player,cassette player,1,0.304,122.73,0.045,0
ImageNette|egreedy|2,ImageNette,egreedy,2,47,100.0,26.0,80.828,INT8,1,Stressed,English springer,clumber,0,0.3086,93.62,0.044,1
ImageNette|egreedy|2,ImageNette,egreedy,2,48,100.0,26.0,81.315,FP32,0,Stressed,tench,tench,1,0.1609,134.01,0.043,1
ImageNette|egreedy|2,ImageNette,egreedy,2,49,100.0,26.0,81.315,FP32,0,Stressed,French horn,cornet,0,0.421,129.61,0.043,0
ImageNette|egreedy|2,ImageNette,egreedy,2,50,100.0,26.0,82.776,FP32,0,Stressed,cassette player,cassette player,1,0.942,136.5,0.041,0
ImageNette|egreedy|2,ImageNette,egreedy,2,51,100.0,26.0,81.315,FP32,0,Stressed,parachute,sarong,0,0.1213,136.06,0.04,0
ImageNette|egreedy|2,ImageNette,egreedy,2,52,100.0,26.0,82.289,INT8,1,Stressed,parachute,parachute,1,0.8438,96.28,0.043,1
ImageNette|egreedy|2,ImageNette,egreedy,2,53,100.0,26.0,82.289,FP32,0,Stressed,chain saw,chain saw,1,0.052,136.22,0.042,1
ImageNette|egreedy|2,ImageNette,egreedy,2,54,100.0,26.0,82.289,INT8,1,Stressed,tench,tench,1,0.7227,94.42,0.04,1
ImageNette|egreedy|2,ImageNette,egreedy,2,55,100.0,26.0,83.263,INT8,1,Stressed,church,palace,0,0.3047,89.71,0.236,0
ImageNette|egreedy|2,ImageNette,egreedy,2,56,100.0,26.0,82.289,FP32,0,Stressed,French horn,French horn,1,0.9494,143.27,0.044,1
ImageNette|egreedy|2,ImageNette,egreedy,2,57,100.0,26.0,83.263,INT8,1,Stressed,garbage truck,garbage truck,1,0.3906,100.48,0.261,1
ImageNette|egreedy|2,ImageNette,egreedy,2,58,100.0,26.0,82.289,FP32,0,Stressed,gas pump,gas pump,1,0.4681,143.33,0.045,1
ImageNette|egreedy|2,ImageNette,egreedy,2,59,100.0,26.0,83.263,FP32,0,Stressed,parachute,parachute,1,0.3177,125.47,0.039,0
ImageNette|egreedy|2,ImageNette,egreedy,2,60,100.0,26.0,83.263,FP32,0,Stressed,tench,tench,1,0.9192,140.24,0.041,0
ImageNette|egreedy|2,ImageNette,egreedy,2,61,100.0,26.0,83.263,FP32,0,Stressed,English springer,sloth bear,0,0.2391,141.34,0.043,0
ImageNette|egreedy|2,ImageNette,egreedy,2,62,100.0,26.0,83.75,FP32,0,Stressed,garbage truck,garbage truck,1,0.2104,134.05,0.045,0
ImageNette|egreedy|2,ImageNette,egreedy,2,63,100.0,26.0,81.802,FP32,0,Stressed,French horn,French horn,1,0.8855,142.02,0.046,0
ImageNette|egreedy|2,ImageNette,egreedy,2,64,100.0,26.0,83.263,FP32,0,Stressed,gas pump,gas pump,1,0.5836,137.34,0.044,0
ImageNette|egreedy|2,ImageNette,egreedy,2,65,100.0,26.0,83.75,FP32,0,Stressed,parachute,parachute,1,0.9439,138.5,0.043,0
ImageNette|egreedy|2,ImageNette,egreedy,2,66,100.0,26.0,83.75,FP32,0,Stressed,parachute,bubble,0,0.1968,132.11,0.271,0
ImageNette|egreedy|2,ImageNette,egreedy,2,67,100.0,26.0,83.263,FP32,0,Stressed,parachute,parachute,1,0.9766,129.08,0.045,0
ImageNette|egreedy|2,ImageNette,egreedy,2,68,100.0,26.0,82.776,FP32,0,Stressed,French horn,paper towel,0,0.125,124.94,0.05,0
ImageNette|egreedy|2,ImageNette,egreedy,2,69,100.0,26.0,84.237,FP32,0,Stressed,tench,tench,1,0.7747,130.56,0.044,0
ImageNette|egreedy|2,ImageNette,egreedy,2,70,100.0,26.0,82.776,FP32,0,Stressed,gas pump,gas pump,1,0.2226,138.76,0.045,0
ImageNette|egreedy|2,ImageNette,egreedy,2,71,100.0,26.0,83.75,INT8,1,Stressed,golf ball,golf ball,1,0.9062,99.89,0.045,1
ImageNette|egreedy|2,ImageNette,egreedy,2,72,100.0,26.0,83.75,FP32,0,Stressed,garbage truck,garbage truck,1,0.5843,118.17,0.046,1
ImageNette|egreedy|2,ImageNette,egreedy,2,73,100.0,26.0,83.263,INT8,1,Stressed,chain saw,chain saw,1,0.9492,96.65,0.045,1
ImageNette|egreedy|2,ImageNette,egreedy,2,74,100.0,26.0,82.776,INT8,1,Stressed,French horn,French horn,1,0.9688,95.99,0.054,0
ImageNette|egreedy|2,ImageNette,egreedy,2,75,100.0,26.0,84.237,INT8,1,Stressed,tench,tench,1,0.6133,103.35,0.041,0
ImageNette|egreedy|2,ImageNette,egreedy,2,76,100.0,26.0,83.75,FP32,0,Stressed,tench,tench,1,0.4544,118.27,0.043,1
ImageNette|egreedy|2,ImageNette,egreedy,2,77,100.0,26.0,82.776,FP32,0,Stressed,church,church,1,0.8333,131.07,0.044,0
ImageNette|egreedy|2,ImageNette,egreedy,2,78,100.0,26.0,84.237,FP32,0,Stressed,golf ball,golf ball,1,0.8426,143.52,0.043,0
ImageNette|egreedy|2,ImageNette,egreedy,2,79,100.0,26.0,83.75,FP32,0,Stressed,parachute,parachute,1,0.8524,141.75,0.29,0
ImageNette|egreedy|2,ImageNette,egreedy,2,80,100.0,26.0,83.75,INT8,1,Stressed,church,church,1,0.3672,101.45,0.046,1
ImageNette|egreedy|2,ImageNette,egreedy,2,81,100.0,26.0,83.263,FP32,0,Stressed,golf ball,golf ball,1,0.7063,116.75,0.045,1
ImageNette|egreedy|2,ImageNette,egreedy,2,82,100.0,26.0,83.75,FP32,0,Stressed,golf ball,shower cap,0,0.1519,138.27,0.047,0
ImageNette|egreedy|2,ImageNette,egreedy,2,83,100.0,25.9,83.75,FP32,0,Stressed,English springer,German short-haired pointer,0,0.4392,135.07,0.046,0
ImageNette|egreedy|2,ImageNette,egreedy,2,84,100.0,25.9,84.237,FP32,0,Stressed,tench,tench,1,0.827,143.88,0.045,0
ImageNette|egreedy|2,ImageNette,egreedy,2,85,100.0,25.9,83.75,FP32,0,Stressed,garbage truck,garbage truck,1,0.7821,133.89,0.045,0
ImageNette|egreedy|2,ImageNette,egreedy,2,86,100.0,25.9,82.776,FP32,0,Stressed,parachute,parachute,1,0.9443,137.79,0.048,0
ImageNette|egreedy|2,ImageNette,egreedy,2,87,100.0,25.9,82.776,FP32,0,Stressed,cassette player,marimba,0,0.1479,138.24,0.046,0
ImageNette|egreedy|2,ImageNette,egreedy,2,88,100.0,25.9,83.75,INT8,1,Stressed,cassette player,printer,0,0.625,98.48,0.047,1
ImageNette|egreedy|2,ImageNette,egreedy,2,89,100.0,25.9,83.75,FP32,0,Stressed,tench,tench,1,0.755,145.41,0.047,1
ImageNette|egreedy|2,ImageNette,egreedy,2,90,100.0,25.9,83.263,FP32,0,Stressed,parachute,parachute,1,0.983,143.45,0.045,0
ImageNette|egreedy|2,ImageNette,egreedy,2,91,100.0,25.9,83.75,FP32,0,Stressed,gas pump,gas pump,1,0.2898,137.23,0.045,0
ImageNette|egreedy|2,ImageNette,egreedy,2,92,100.0,25.9,83.75,INT8,1,Stressed,English springer,standard schnauzer,0,0.1055,98.71,0.276,1
ImageNette|egreedy|2,ImageNette,egreedy,2,93,100.0,25.9,84.237,FP32,0,Stressed,gas pump,gas pump,1,0.868,143.43,0.044,1
ImageNette|egreedy|2,ImageNette,egreedy,2,94,100.0,25.9,83.263,FP32,0,Stressed,tench,tench,1,0.3967,143.66,0.046,0
ImageNette|egreedy|2,ImageNette,egreedy,2,95,100.0,25.9,83.75,FP32,0,Stressed,tench,plastic bag,0,0.8379,137.19,0.044,0
ImageNette|egreedy|2,ImageNette,egreedy,2,96,100.0,25.9,83.263,FP32,0,Stressed,gas pump,ambulance,0,0.3753,135.95,0.046,0
ImageNette|egreedy|2,ImageNette,egreedy,2,97,100.0,25.9,83.263,FP32,0,Stressed,gas pump,street sign,0,0.1799,134.88,0.046,0
ImageNette|egreedy|2,ImageNette,egreedy,2,98,100.0,25.9,83.263,FP32,0,Stressed,church,church,1,0.7075,138.74,0.045,0
ImageNette|egreedy|2,ImageNette,egreedy,2,99,100.0,25.9,83.75,FP32,0,Stressed,golf ball,golf ball,1,0.6524,133.69,0.042,0
ImageNette|egreedy|3,ImageNette,egreedy,3,0,0.0,25.7,80.341,FP32,0,Normal,cassette player,cassette player,1,0.6148,64.91,0.037,0
ImageNette|egreedy|3,ImageNette,egreedy,3,1,0.0,25.7,81.315,FP32,0,Normal,gas pump,gas pump,1,0.7784,64.78,0.037,0
ImageNette|egreedy|3,ImageNette,egreedy,3,2,0.0,25.7,78.393,FP32,0,Normal,garbage truck,garbage truck,1,0.8858,65.07,0.04,0
ImageNette|egreedy|3,ImageNette,egreedy,3,3,0.0,25.7,77.906,FP32,0,Normal,chain saw,street sign,0,0.1295,65.18,0.039,0
ImageNette|egreedy|3,ImageNette,egreedy,3,4,0.0,25.7,77.419,FP32,0,Normal,tench,tench,1,0.9637,65.25,0.039,0
ImageNette|egreedy|3,ImageNette,egreedy,3,5,0.0,25.7,76.932,FP32,0,Normal,tench,tench,1,0.8553,65.22,0.038,0
ImageNette|egreedy|3,ImageNette,egreedy,3,6,2.0,25.7,76.445,FP32,0,Normal,French horn,French horn,1,0.7895,64.98,0.04,0
ImageNette|egreedy|3,ImageNette,egreedy,3,7,0.0,25.7,75.471,FP32,0,Normal,cassette player,cassette player,1,0.4806,64.96,0.108,0
ImageNette|egreedy|3,ImageNette,egreedy,3,8,0.0,25.7,75.958,FP32,0,Normal,English springer,English springer,1,0.29,65.33,0.039,0
ImageNette|egreedy|3,ImageNette,egreedy,3,9,0.0,25.7,74.497,FP32,0,Normal,cassette player,modem,0,0.318,65.02,0.039,0
ImageNette|egreedy|3,ImageNette,egreedy,3,10,0.0,25.7,74.984,FP32,0,Normal,parachute,parachute,1,0.9907,110.2,0.082,0
ImageNette|egreedy|3,ImageNette,egreedy,3,11,0.0,25.7,74.497,FP32,0,Normal,French horn,French horn,1,0.7794,65.07,0.038,0
ImageNette|egreedy|3,ImageNette,egreedy,3,12,0.0,25.7,73.523,FP32,0,Normal,garbage truck,mobile home,0,0.0621,64.98,0.038,0
ImageNette|egreedy|3,ImageNette,egreedy,3,13,2.0,25.7,75.471,FP32,0,Normal,English springer,English springer,1,0.25,65.01,0.038,0
ImageNette|egreedy|3,ImageNette,egreedy,3,14,0.0,25.7,73.523,FP32,0,Normal,chain saw,chain saw,1,0.3724,64.94,0.038,0
ImageNette|egreedy|3,ImageNette,egreedy,3,15,0.0,25.7,72.549,FP32,0,Normal,garbage truck,garbage truck,1,0.9131,65.04,0.038,0
ImageNette|egreedy|3,ImageNette,egreedy,3,16,2.0,25.7,72.062,FP32,0,Normal,English springer,wire-haired fox terrier,0,0.1974,65.05,0.038,0
ImageNette|egreedy|3,ImageNette,egreedy,3,17,0.0,25.7,72.062,FP32,0,Normal,garbage truck,garbage truck,1,0.6205,65.27,0.038,0
ImageNette|egreedy|3,ImageNette,egreedy,3,18,0.0,25.7,72.549,FP32,0,Normal,tench,tench,1,0.8855,65.12,0.039,0
ImageNette|egreedy|3,ImageNette,egreedy,3,19,0.0,25.7,72.062,FP32,0,Normal,chain saw,snowmobile,0,0.2455,107.86,0.065,0
ImageNette|egreedy|3,ImageNette,egreedy,3,20,0.0,25.7,72.062,FP32,0,Normal,chain saw,chain saw,1,0.9898,65.16,0.038,0
ImageNette|egreedy|3,ImageNette,egreedy,3,21,0.0,25.7,72.549,FP32,0,Normal,chain saw,chain saw,1,0.4957,65.01,0.038,0
ImageNette|egreedy|3,ImageNette,egreedy,3,22,0.0,25.7,72.549,FP32,0,Normal,cassette player,loudspeaker,0,0.3373,64.95,0.038,0
ImageNette|egreedy|3,ImageNette,egreedy,3,23,0.0,25.7,71.575,FP32,0,Normal,chain saw,chain saw,1,0.4287,65.04,0.037,0
ImageNette|egreedy|3,ImageNette,egreedy,3,24,0.0,25.7,71.088,FP32,0,Normal,golf ball,golf ball,1,0.7976,65.11,0.038,0
ImageNette|egreedy|3,ImageNette,egreedy,3,25,0.0,25.7,72.062,FP32,0,Normal,French horn,French horn,1,0.4559,65.15,0.038,0
ImageNette|egreedy|3,ImageNette,egreedy,3,26,0.0,25.7,72.062,FP32,0,Normal,English springer,English springer,1,0.7752,65.02,0.039,0
ImageNette|egreedy|3,ImageNette,egreedy,3,27,0.0,25.7,71.088,FP32,0,Normal,cassette player,radio,0,0.3819,64.95,0.039,0
ImageNette|egreedy|3,ImageNette,egreedy,3,28,0.0,25.7,71.088,FP32,0,Normal,garbage truck,garbage truck,1,0.7635,111.82,0.037,0
ImageNette|egreedy|3,ImageNette,egreedy,3,29,0.0,25.7,71.088,FP32,0,Normal,tench,tench,1,0.9563,64.96,0.037,0
ImageNette|egreedy|3,ImageNette,egreedy,3,30,0.0,25.7,70.114,FP32,0,Normal,golf ball,golf ball,1,0.8779,64.99,0.037,0
ImageNette|egreedy|3,ImageNette,egreedy,3,31,0.0,25.7,70.114,FP32,0,Normal,French horn,French horn,1,0.7019,65.06,0.037,0
ImageNette|egreedy|3,ImageNette,egreedy,3,32,0.0,25.7,69.627,FP32,0,Normal,golf ball,golf ball,1,0.9662,65.0,0.225,0
ImageNette|egreedy|3,ImageNette,egreedy,3,33,2.0,25.7,70.114,FP32,0,Normal,cassette player,cassette player,1,0.5805,64.9,0.038,0
ImageNette|egreedy|3,ImageNette,egreedy,3,34,0.0,25.7,70.114,FP32,0,Normal,golf ball,golf ball,1,0.8831,64.94,0.037,0
ImageNette|egreedy|3,ImageNette,egreedy,3,35,0.0,25.7,70.601,FP32,0,Normal,French horn,French horn,1,0.9398,65.01,0.038,0
ImageNette|egreedy|3,ImageNette,egreedy,3,36,0.0,25.7,70.114,FP32,0,Normal,French horn,French horn,1,0.9176,64.99,0.037,0
ImageNette|egreedy|3,ImageNette,egreedy,3,37,0.0,25.7,69.627,FP32,0,Normal,golf ball,golf ball,1,0.9336,109.05,0.081,0
ImageNette|egreedy|3,ImageNette,egreedy,3,38,2.0,25.7,70.601,FP32,0,Normal,parachute,parachute,1,0.8589,64.94,0.228,0
ImageNette|egreedy|3,ImageNette,egreedy,3,39,0.0,25.7,69.627,INT8,1,Normal,English springer,English springer,1,0.1523,45.4,0.223,1
ImageNette|egreedy|3,ImageNette,egreedy,3,40,100.0,26.2,75.958,FP32,0,Stressed,gas pump,gas pump,1,0.3287,128.4,0.234,1
ImageNette|egreedy|3,ImageNette,egreedy,3,41,100.0,26.2,77.419,FP32,0,Stressed,French horn,French horn,1,0.8986,133.69,0.04,0
ImageNette|egreedy|3,ImageNette,egreedy,3,42,100.0,26.2,78.393,FP32,0,Stressed,tench,tench,1,0.9158,130.17,0.038,0
ImageNette|egreedy|3,ImageNette,egreedy,3,43,100.0,26.2,79.854,FP32,0,Stressed,gas pump,moped,0,0.3624,129.63,0.041,0
ImageNette|egreedy|3,ImageNette,egreedy,3,44,100.0,26.2,78.88,FP32,0,Stressed,gas pump,gas pump,1,0.9698,129.99,0.054,0
ImageNette|egreedy|3,ImageNette,egreedy,3,45,100.0,26.2,80.828,FP32,0,Stressed,golf ball,golf ball,1,0.9341,129.58,0.047,0
ImageNette|egreedy|3,ImageNette,egreedy,3,46,100.0,26.2,81.802,FP32,0,Stressed,cassette player,cassette player,1,0.304,129.98,0.039,0
ImageNette|egreedy|3,ImageNette,egreedy,3,47,100.0,26.2,82.289,FP32,0,Stressed,English springer,English springer,1,0.392,126.09,0.054,0
ImageNette|egreedy|3,ImageNette,egreedy,3,48,100.0,26.2,82.289,INT8,1,Stressed,tench,tench,1,0.2305,90.37,4.395,1
ImageNette|egreedy|3,ImageNette,egreedy,3,49,100.0,26.2,81.802,FP32,0,Stressed,French horn,cornet,0,0.421,134.27,0.046,1
ImageNette|egreedy|3,ImageNette,egreedy,3,50,100.0,26.2,82.776,FP32,0,Stressed,cassette player,cassette player,1,0.942,136.34,0.052,0
ImageNette|egreedy|3,ImageNette,egreedy,3,51,100.0,26.2,82.776,FP32,0,Stressed,parachute,sarong,0,0.1213,136.39,0.046,0
ImageNette|egreedy|3,ImageNette,egreedy,3,52,100.0,26.2,82.776,FP32,0,Stressed,parachute,parachute,1,0.8609,135.73,0.046,0
ImageNette|egreedy|3,ImageNette,egreedy,3,53,100.0,26.2,82.289,FP32,0,Stressed,chain saw,chain saw,1,0.052,129.16,0.047,0
ImageNette|egreedy|3,ImageNette,egreedy,3,54,100.0,26.2,82.289,FP32,0,Stressed,tench,tench,1,0.7481,135.99,0.048,0
ImageNette|egreedy|3,ImageNette,egreedy,3,55,100.0,26.2,82.776,FP32,0,Stressed,church,palace,0,0.3559,142.55,0.049,0
ImageNette|egreedy|3,ImageNette,egreedy,3,56,100.0,26.2,83.263,FP32,0,Stressed,French horn,French horn,1,0.9494,137.53,0.052,0
ImageNette|egreedy|3,ImageNette,egreedy,3,57,100.0,26.2,83.263,FP32,0,Stressed,garbage truck,garbage truck,1,0.4972,116.92,0.05,0
ImageNette|egreedy|3,ImageNette,egreedy,3,58,100.0,26.2,82.776,FP32,0,Stressed,gas pump,gas pump,1,0.4681,136.24,0.048,0
ImageNette|egreedy|3,ImageNette,egreedy,3,59,100.0,26.2,83.75,FP32,0,Stressed,parachute,parachute,1,0.3177,127.05,0.05,0
ImageNette|egreedy|3,ImageNette,egreedy,3,60,100.0,26.2,82.289,FP32,0,Stressed,tench,tench,1,0.9192,136.27,0.049,0
ImageNette|egreedy|3,ImageNette,egreedy,3,61,100.0,26.2,84.237,FP32,0,Stressed,English springer,sloth bear,0,0.2391,136.63,0.048,0
ImageNette|egreedy|3,ImageNette,egreedy,3,62,100.0,26.2,83.263,FP32,0,Stressed,garbage truck,garbage truck,1,0.2104,143.12,0.047,0
ImageNette|egreedy|3,ImageNette,egreedy,3,63,100.0,26.2,83.75,FP32,0,Stressed,French horn,French horn,1,0.8855,123.97,0.047,0
ImageNette|egreedy|3,ImageNette,egreedy,3,64,100.0,26.2,83.263,FP32,0,Stressed,gas pump,gas pump,1,0.5836,143.94,4.439,0
ImageNette|egreedy|3,ImageNette,egreedy,3,65,100.0,26.2,82.776,FP32,0,Stressed,parachute,parachute,1,0.9439,138.07,0.052,0
ImageNette|egreedy|3,ImageNette,egreedy,3,66,100.0,26.2,83.75,FP32,0,Stressed,parachute,bubble,0,0.1968,133.07,0.049,0
ImageNette|egreedy|3,ImageNette,egreedy,3,67,100.0,26.2,83.263,FP32,0,Stressed,parachute,parachute,1,0.9766,135.91,0.051,0
ImageNette|egreedy|3,ImageNette,egreedy,3,68,100.0,26.2,84.237,FP32,0,Stressed,French horn,paper towel,0,0.125,144.63,0.051,0
ImageNette|egreedy|3,ImageNette,egreedy,3,69,100.0,26.2,81.802,FP32,0,Stressed,tench,tench,1,0.7747,128.13,0.05,0
ImageNette|egreedy|3,ImageNette,egreedy,3,70,100.0,26.2,83.75,FP32,0,Stressed,gas pump,gas pump,1,0.2226,137.69,0.045,0
ImageNette|egreedy|3,ImageNette,egreedy,3,71,100.0,26.2,83.263,FP32,0,Stressed,golf ball,golf ball,1,0.9209,143.33,0.048,0
ImageNette|egreedy|3,ImageNette,egreedy,3,72,100.0,26.2,83.75,FP32,0,Stressed,garbage truck,garbage truck,1,0.5843,136.75,0.048,0
ImageNette|egreedy|3,ImageNette,egreedy,3,73,100.0,26.2,84.724,FP32,0,Stressed,chain saw,chain saw,1,0.9989,144.05,0.057,0
ImageNette|egreedy|3,ImageNette,egreedy,3,74,100.0,26.2,82.776,FP32,0,Stressed,French horn,French horn,1,0.9705,143.16,0.051,0
ImageNette|egreedy|3,ImageNette,egreedy,3,75,100.0,26.2,83.75,FP32,0,Stressed,tench,tench,1,0.6226,138.49,0.049,0
ImageNette|egreedy|3,ImageNette,egreedy,3,76,100.0,26.2,84.237,FP32,0,Stressed,tench,tench,1,0.4544,143.18,0.067,0
ImageNette|egreedy|3,ImageNette,egreedy,3,77,100.0,26.2,84.237,FP32,0,Stressed,church,church,1,0.8333,139.22,0.048,0
ImageNette|egreedy|3,ImageNette,egreedy,3,78,100.0,26.2,84.237,FP32,0,Stressed,golf ball,golf ball,1,0.8426,144.33,0.261,0
ImageNette|egreedy|3,ImageNette,egreedy,3,79,100.0,26.2,83.75,FP32,0,Stressed,parachute,parachute,1,0.8524,122.82,0.05,0
ImageNette|egreedy|3,ImageNette,egreedy,3,80,100.0,26.2,83.75,FP32,0,Stressed,church,church,1,0.3991,137.86,0.049,0
ImageNette|egreedy|3,ImageNette,egreedy,3,81,100.0,26.2,84.237,FP32,0,Stressed,golf ball,golf ball,1,0.7063,144.79,0.051,0
ImageNette|egreedy|3,ImageNette,egreedy,3,82,100.0,26.2,82.776,FP32,0,Stressed,golf ball,shower cap,0,0.1519,137.33,0.049,0
ImageNette|egreedy|3,ImageNette,egreedy,3,83,100.0,26.2,83.75,FP32,0,Stressed,English springer,German short-haired pointer,0,0.4392,143.11,0.048,0
ImageNette|egreedy|3,ImageNette,egreedy,3,84,100.0,26.2,83.75,FP32,0,Stressed,tench,tench,1,0.827,126.79,0.059,0
ImageNette|egreedy|3,ImageNette,egreedy,3,85,100.0,26.2,83.75,FP32,0,Stressed,garbage truck,garbage truck,1,0.7821,151.34,0.055,0
ImageNette|egreedy|3,ImageNette,egreedy,3,86,100.0,26.2,83.263,FP32,0,Stressed,parachute,parachute,1,0.9443,127.25,0.05,0
ImageNette|egreedy|3,ImageNette,egreedy,3,87,100.0,26.2,84.237,FP32,0,Stressed,cassette player,marimba,0,0.1479,144.89,0.279,0
ImageNette|egreedy|3,ImageNette,egreedy,3,88,100.0,26.2,83.75,FP32,0,Stressed,cassette player,printer,0,0.7214,127.94,0.051,0
ImageNette|egreedy|3,ImageNette,egreedy,3,89,100.0,26.2,84.237,FP32,0,Stressed,tench,tench,1,0.755,137.92,0.049,0
ImageNette|egreedy|3,ImageNette,egreedy,3,90,100.0,26.2,83.263,FP32,0,Stressed,parachute,parachute,1,0.983,121.08,0.058,0
ImageNette|egreedy|3,ImageNette,egreedy,3,91,100.0,26.2,83.75,FP32,0,Stressed,gas pump,gas pump,1,0.2898,133.29,0.049,0
ImageNette|egreedy|3,ImageNette,egreedy,3,92,100.0,26.2,84.237,FP32,0,Stressed,English springer,English setter,0,0.0983,140.57,0.048,0
ImageNette|egreedy|3,ImageNette,egreedy,3,93,100.0,26.2,84.237,FP32,0,Stressed,gas pump,gas pump,1,0.868,145.61,0.048,0
ImageNette|egreedy|3,ImageNette,egreedy,3,94,100.0,26.2,83.75,FP32,0,Stressed,tench,tench,1,0.3967,138.98,0.051,0
ImageNette|egreedy|3,ImageNette,egreedy,3,95,100.0,26.2,84.724,FP32,0,Stressed,tench,plastic bag,0,0.8379,137.95,0.052,0
ImageNette|egreedy|3,ImageNette,egreedy,3,96,100.0,26.2,83.75,FP32,0,Stressed,gas pump,ambulance,0,0.3753,145.11,0.048,0
ImageNette|egreedy|3,ImageNette,egreedy,3,97,100.0,26.2,83.75,FP32,0,Stressed,gas pump,street sign,0,0.1799,144.26,0.048,0
ImageNette|egreedy|3,ImageNette,egreedy,3,98,100.0,26.2,84.724,FP32,0,Stressed,church,church,1,0.7075,141.58,0.049,0
ImageNette|egreedy|3,ImageNette,egreedy,3,99,100.0,26.2,84.237,FP32,0,Stressed,golf ball,golf ball,1,0.6524,143.43,0.267,0
ImageNette|linucb_cold|1,ImageNette,linucb_cold,1,0,0.0,24.6,69.14,FP32,0,Normal,cassette player,cassette player,1,0.6148,65.2,0.657,0
ImageNette|linucb_cold|1,ImageNette,linucb_cold,1,1,0.0,24.6,68.166,INT8,1,Normal,gas pump,gas pump,1,0.668,45.44,0.315,1
ImageNette|linucb_cold|1,ImageNette,linucb_cold,1,2,0.0,24.6,67.679,INT8,1,Normal,garbage truck,garbage truck,1,0.8438,45.5,0.316,0
ImageNette|linucb_cold|1,ImageNette,linucb_cold,1,3,0.0,24.6,66.705,INT8,1,Normal,chain saw,street sign,0,0.1602,45.44,0.308,0
ImageNette|linucb_cold|1,ImageNette,linucb_cold,1,4,0.0,24.6,64.757,FP32,0,Normal,tench,tench,1,0.9637,65.21,0.311,1
ImageNette|linucb_cold|1,ImageNette,linucb_cold,1,5,0.0,24.6,64.27,FP32,0,Normal,tench,tench,1,0.8553,65.2,0.316,0
ImageNette|linucb_cold|1,ImageNette,linucb_cold,1,6,0.0,24.6,64.27,FP32,0,Normal,French horn,French horn,1,0.7895,65.32,0.311,0
ImageNette|linucb_cold|1,ImageNette,linucb_cold,1,7,0.0,24.6,63.296,FP32,0,Normal,cassette player,cassette player,1,0.4806,65.28,0.307,0
ImageNette|linucb_cold|1,ImageNette,linucb_cold,1,8,0.0,24.6,62.809,INT8,1,Normal,English springer,English springer,1,0.2695,45.42,0.314,1
ImageNette|linucb_cold|1,ImageNette,linucb_cold,1,9,0.0,24.6,62.322,FP32,0,Normal,cassette player,modem,0,0.318,65.1,0.314,1
ImageNette|linucb_cold|1,ImageNette,linucb_cold,1,10,0.0,24.6,61.835,INT8,1,Normal,parachute,parachute,1,0.9844,45.37,0.311,1
ImageNette|linucb_cold|1,ImageNette,linucb_cold,1,11,0.0,24.6,60.861,INT8,1,Normal,French horn,French horn,1,0.8438,71.06,0.619,0
ImageNette|linucb_cold|1,ImageNette,linucb_cold,1,12,0.0,24.6,60.861,INT8,1,Normal,garbage truck,patio,0,0.0625,45.39,0.312,0
ImageNette|linucb_cold|1,ImageNette,linucb_cold,1,13,0.0,24.6,60.861,FP32,0,Normal,English springer,English springer,1,0.25,65.04,0.314,1
ImageNette|linucb_cold|1,ImageNette,linucb_cold,1,14,0.0,24.6,60.374,INT8,1,Normal,chain saw,chain saw,1,0.2305,45.4,0.311,1
ImageNette|linucb_cold|1,ImageNette,linucb_cold,1,15,0.0,24.6,59.887,FP32,0,Normal,garbage truck,garbage truck,1,0.9131,64.99,0.371,1
ImageNette|linucb_cold|1,ImageNette,linucb_cold,1,16,0.0,24.6,59.4,FP32,0,Normal,English springer,wire-haired fox terrier,0,0.1974,64.97,0.311,0
ImageNette|linucb_cold|1,ImageNette,linucb_cold,1,17,0.0,24.6,59.4,INT8,1,Normal,garbage truck,garbage truck,1,0.5977,45.45,0.309,1
ImageNette|linucb_cold|1,ImageNette,linucb_cold,1,18,2.0,24.6,58.913,INT8,1,Normal,tench,tench,1,0.8789,45.42,0.312,0
ImageNette|linucb_cold|1,ImageNette,linucb_cold,1,19,0.0,24.6,59.4,INT8,1,Normal,chain saw,snowmobile,0,0.1406,45.4,0.362,0
ImageNette|linucb_cold|1,ImageNette,linucb_cold,1,20,0.0,24.6,59.887,FP32,0,Normal,chain saw,chain saw,1,0.9898,105.83,0.315,1
ImageNette|linucb_cold|1,ImageNette,linucb_cold,1,21,0.0,24.6,57.939,FP32,0,Normal,chain saw,chain saw,1,0.4957,64.96,0.314,0
ImageNette|linucb_cold|1,ImageNette,linucb_cold,1,22,0.0,24.6,58.426,INT8,1,Normal,cassette player,cassette player,1,0.4453,45.41,0.312,1
ImageNette|linucb_cold|1,ImageNette,linucb_cold,1,23,0.0,24.6,57.452,FP32,0,Normal,chain saw,chain saw,1,0.4287,65.18,0.311,1
ImageNette|linucb_cold|1,ImageNette,linucb_cold,1,24,0.0,24.6,57.939,INT8,1,Normal,golf ball,golf ball,1,0.8906,45.48,0.314,1
ImageNette|linucb_cold|1,ImageNette,linucb_cold,1,25,0.0,24.6,58.426,INT8,1,Normal,French horn,French horn,1,0.418,45.4,0.311,0
ImageNette|linucb_cold|1,ImageNette,linucb_cold,1,26,0.0,24.6,57.939,INT8,1,Normal,English springer,English springer,1,0.7578,45.41,0.314,0
ImageNette|linucb_cold|1,ImageNette,linucb_cold,1,27,0.0,24.6,57.452,INT8,1,Normal,cassette player,radio,0,0.3438,45.45,0.311,0
ImageNette|linucb_cold|1,ImageNette,linucb_cold,1,28,0.0,24.6,57.939,FP32,0,Normal,garbage truck,garbage truck,1,0.7635,64.98,0.317,1
ImageNette|linucb_cold|1,ImageNette,linucb_cold,1,29,0.0,24.6,57.452,FP32,0,Normal,tench,tench,1,0.9563,93.3,0.614,0
ImageNette|linucb_cold|1,ImageNette,linucb_cold,1,30,0.0,24.6,57.452,FP32,0,Normal,golf ball,golf ball,1,0.8779,64.98,0.316,0
ImageNette|linucb_cold|1,ImageNette,linucb_cold,1,31,0.0,24.6,56.965,FP32,0,Normal,French horn,French horn,1,0.7019,65.13,0.313,0
ImageNette|linucb_cold|1,ImageNette,linucb_cold,1,32,0.0,24.6,56.965,FP32,0,Normal,golf ball,golf ball,1,0.9662,65.0,0.378,0
ImageNette|linucb_cold|1,ImageNette,linucb_cold,1,33,0.0,24.6,56.478,FP32,0,Normal,cassette player,cassette player,1,0.5805,65.2,0.311,0
ImageNette|linucb_cold|1,ImageNette,linucb_cold,1,34,0.0,24.6,56.965,FP32,0,Normal,golf ball,golf ball,1,0.8831,64.94,0.312,0
ImageNette|linucb_cold|1,ImageNette,linucb_cold,1,35,0.0,24.4,56.478,FP32,0,Normal,French horn,French horn,1,0.9398,65.0,0.314,0
ImageNette|linucb_cold|1,ImageNette,linucb_cold,1,36,0.0,24.4,57.452,FP32,0,Normal,French horn,French horn,1,0.9176,65.01,0.312,0
ImageNette|linucb_cold|1,ImageNette,linucb_cold,1,37,0.0,24.4,55.991,FP32,0,Normal,golf ball,golf ball,1,0.9336,65.04,0.314,0
ImageNette|linucb_cold|1,ImageNette,linucb_cold,1,38,0.0,24.4,55.991,FP32,0,Normal,parachute,parachute,1,0.8589,108.51,0.753,0
ImageNette|linucb_cold|1,ImageNette,linucb_cold,1,39,0.0,24.4,55.017,FP32,0,Normal,English springer,Brittany spaniel,0,0.1223,65.04,0.312,0
ImageNette|linucb_cold|1,ImageNette,linucb_cold,1,40,100.0,24.9,62.809,FP32,0,Stressed,gas pump,gas pump,1,0.3287,112.51,0.324,0
ImageNette|linucb_cold|1,ImageNette,linucb_cold,1,41,100.0,25.3,63.296,INT8,1,Stressed,French horn,French horn,1,0.9336,89.8,0.327,1
ImageNette|linucb_cold|1,ImageNette,linucb_cold,1,42,100.0,25.3,64.27,INT8,1,Stressed,tench,tench,1,0.918,97.77,0.328,0
ImageNette|linucb_cold|1,ImageNette,linucb_cold,1,43,100.0,25.3,66.218,FP32,0,Stressed,gas pump,moped,0,0.3624,122.61,0.327,1
ImageNette|linucb_cold|1,ImageNette,linucb_cold,1,44,100.0,25.3,65.731,INT8,1,Stressed,gas pump,gas pump,1,0.9688,89.52,0.382,1
ImageNette|linucb_cold|1,ImageNette,linucb_cold,1,45,100.0,25.3,66.218,INT8,1,Stressed,golf ball,golf ball,1,0.9297,93.69,0.345,0
ImageNette|linucb_cold|1,ImageNette,linucb_cold,1,46,100.0,25.3,66.705,INT8,1,Stressed,cassette player,carton,0,0.1797,93.61,0.339,0
ImageNette|linucb_cold|1,ImageNette,linucb_cold,1,47,100.0,25.3,66.705,FP32,0,Stressed,English springer,English springer,1,0.392,133.59,0.336,1
ImageNette|linucb_cold|1,ImageNette,linucb_cold,1,48,100.0,25.1,67.679,INT8,1,Stressed,tench,tench,1,0.2305,89.62,0.328,1
ImageNette|linucb_cold|1,ImageNette,linucb_cold,1,49,100.0,25.1,68.166,FP32,0,Stressed,French horn,cornet,0,0.421,129.64,0.33,1
ImageNette|linucb_cold|1,ImageNette,linucb_cold,1,50,100.0,25.1,68.166,INT8,1,Stressed,cassette player,cassette player,1,0.9453,89.95,0.324,1
ImageNette|linucb_cold|1,ImageNette,linucb_cold,1,51,100.0,25.1,68.166,INT8,1,Stressed,parachute,miniskirt,0,0.2188,89.66,0.346,0
ImageNette|linucb_cold|1,ImageNette,linucb_cold,1,52,100.0,25.1,69.627,FP32,0,Stressed,parachute,parachute,1,0.8609,130.02,0.338,1
ImageNette|linucb_cold|1,ImageNette,linucb_cold,1,53,100.0,25.1,69.14,FP32,0,Stressed,chain saw,chain saw,1,0.052,113.11,0.337,0
ImageNette|linucb_cold|1,ImageNette,linucb_cold,1,54,100.0,25.1,70.114,INT8,1,Stressed,tench,tench,1,0.7227,93.4,0.326,1
ImageNette|linucb_cold|1,ImageNette,linucb_cold,1,55,100.0,25.1,70.601,INT8,1,Stressed,church,palace,0,0.3047,93.4,0.392,0
ImageNette|linucb_cold|1,ImageNette,linucb_cold,1,56,100.0,25.1,69.627,FP32,0,Stressed,French horn,French horn,1,0.9494,133.8,0.326,1
ImageNette|linucb_cold|1,ImageNette,linucb_cold,1,57,100.0,25.1,70.114,FP32,0,Stressed,garbage truck,garbage truck,1,0.4972,130.35,0.346,0
ImageNette|linucb_cold|1,ImageNette,linucb_cold,1,58,100.0,25.1,71.088,INT8,1,Stressed,gas pump,forklift,0,0.7031,93.47,0.374,1
ImageNette|linucb_cold|1,ImageNette,linucb_cold,1,59,100.0,25.1,71.575,INT8,1,Stressed,parachute,parachute,1,0.3242,89.34,0.329,0
ImageNette|linucb_cold|1,ImageNette,linucb_cold,1,60,100.0,25.1,70.601,FP32,0,Stressed,tench,tench,1,0.9192,128.85,0.377,1
ImageNette|linucb_cold|1,ImageNette,linucb_cold,1,61,100.0,25.1,71.575,FP32,0,Stressed,English springer,sloth bear,0,0.2391,129.64,0.344,0
ImageNette|linucb_cold|1,ImageNette,linucb_cold,1,62,100.0,25.1,71.088,INT8,1,Stressed,garbage truck,garbage truck,1,0.1797,89.49,4.492,1
ImageNette|linucb_cold|1,ImageNette,linucb_cold,1,63,100.0,25.1,70.601,FP32,0,Stressed,French horn,French horn,1,0.8855,128.85,0.335,1
ImageNette|linucb_cold|1,ImageNette,linucb_cold,1,64,100.0,25.1,72.062,FP32,0,Stressed,gas pump,gas pump,1,0.5836,126.33,0.318,0
ImageNette|linucb_cold|1,ImageNette,linucb_cold,1,65,100.0,25.1,71.575,FP32,0,Stressed,parachute,parachute,1,0.9439,134.9,0.325,0
ImageNette|linucb_cold|1,ImageNette,linucb_cold,1,66,100.0,25.1,71.575,FP32,0,Stressed,parachute,bubble,0,0.1968,135.42,0.33,0
ImageNette|linucb_cold|1,ImageNette,linucb_cold,1,67,100.0,25.1,72.062,INT8,1,Stressed,parachute,parachute,1,0.9844,89.65,0.329,1
ImageNette|linucb_cold|1,ImageNette,linucb_cold,1,68,100.0,25.1,72.549,INT8,1,Stressed,French horn,paper towel,0,0.0898,94.01,4.401,0
ImageNette|linucb_cold|1,ImageNette,linucb_cold,1,69,100.0,25.1,71.575,FP32,0,Stressed,tench,tench,1,0.7747,129.9,0.329,1
ImageNette|linucb_cold|1,ImageNette,linucb_cold,1,70,100.0,25.1,72.062,FP32,0,Stressed,gas pump,gas pump,1,0.2226,133.72,0.341,0
ImageNette|linucb_cold|1,ImageNette,linucb_cold,1,71,100.0,25.1,72.062,INT8,1,Stressed,golf ball,golf ball,1,0.9062,93.61,0.324,1
ImageNette|linucb_cold|1,ImageNette,linucb_cold,1,72,100.0,25.1,73.036,INT8,1,Stressed,garbage truck,garbage truck,1,0.5977,94.22,0.324,0
ImageNette|linucb_cold|1,ImageNette,linucb_cold,1,73,100.0,25.1,72.062,INT8,1,Stressed,chain saw,chain saw,1,0.9492,93.73,0.341,0
ImageNette|linucb_cold|1,ImageNette,linucb_cold,1,74,100.0,25.1,73.036,INT8,1,Stressed,French horn,French horn,1,0.9688,89.55,0.329,0
ImageNette|linucb_cold|1,ImageNette,linucb_cold,1,75,100.0,25.1,73.036,INT8,1,Stressed,tench,tench,1,0.6133,93.94,0.329,0
ImageNette|linucb_cold|1,ImageNette,linucb_cold,1,76,100.0,25.1,72.549,INT8,1,Stressed,tench,tench,1,0.4961,89.74,0.326,0
ImageNette|linucb_cold|1,ImageNette,linucb_cold,1,77,100.0,25.1,72.549,FP32,0,Stressed,church,church,1,0.8333,128.84,0.327,1
ImageNette|linucb_cold|1,ImageNette,linucb_cold,1,78,100.0,25.1,72.549,FP32,0,Stressed,golf ball,golf ball,1,0.8426,128.55,0.334,0
ImageNette|linucb_cold|1,ImageNette,linucb_cold,1,79,100.0,25.1,72.549,FP32,0,Stressed,parachute,parachute,1,0.8524,130.77,0.332,0
ImageNette|linucb_cold|1,ImageNette,linucb_cold,1,80,100.0,25.1,73.523,FP32,0,Stressed,church,church,1,0.3991,129.32,0.329,0
ImageNette|linucb_cold|1,ImageNette,linucb_cold,1,81,100.0,25.1,73.523,INT8,1,Stressed,golf ball,golf ball,1,0.1016,89.39,0.335,1
ImageNette|linucb_cold|1,ImageNette,linucb_cold,1,82,100.0,25.1,72.549,FP32,0,Stressed,golf ball,shower cap,0,0.1519,65.63,4.422,1
ImageNette|linucb_cold|1,ImageNette,linucb_cold,1,83,100.0,25.1,73.036,INT8,1,Stressed,English springer,German short-haired pointer,0,0.5664,89.48,0.334,1
ImageNette|linucb_cold|1,ImageNette,linucb_cold,1,84,100.0,25.1,73.523,FP32,0,Stressed,tench,tench,1,0.827,129.88,0.326,1
ImageNette|linucb_cold|1,ImageNette,linucb_cold,1,85,100.0,25.1,74.984,FP32,0,Stressed,garbage truck,garbage truck,1,0.7821,130.5,0.334,0
ImageNette|linucb_cold|1,ImageNette,linucb_cold,1,86,100.0,25.1,74.01,INT8,1,Stressed,parachute,parachute,1,0.918,94.06,0.317,1
ImageNette|linucb_cold|1,ImageNette,linucb_cold,1,87,100.0,25.1,74.497,INT8,1,Stressed,cassette player,marimba,0,0.1289,96.98,0.324,0
ImageNette|linucb_cold|1,ImageNette,linucb_cold,1,88,100.0,25.1,73.036,FP32,0,Stressed,cassette player,printer,0,0.7214,121.53,0.329,1
ImageNette|linucb_cold|1,ImageNette,linucb_cold,1,89,100.0,25.1,74.01,FP32,0,Stressed,tench,tench,1,0.755,125.12,0.345,0
ImageNette|linucb_cold|1,ImageNette,linucb_cold,1,90,100.0,25.1,74.01,FP32,0,Stressed,parachute,parachute,1,0.983,120.57,0.36,0
ImageNette|linucb_cold|1,ImageNette,linucb_cold,1,91,100.0,25.1,73.523,FP32,0,Stressed,gas pump,gas pump,1,0.2898,134.22,0.333,0
ImageNette|linucb_cold|1,ImageNette,linucb_cold,1,92,100.0,25.1,73.036,INT8,1,Stressed,English springer,standard schnauzer,0,0.1055,93.53,0.32,1
ImageNette|linucb_cold|1,ImageNette,linucb_cold,1,93,100.0,25.1,74.01,FP32,0,Stressed,gas pump,gas pump,1,0.868,121.26,0.327,1
ImageNette|linucb_cold|1,ImageNette,linucb_cold,1,94,100.0,25.1,74.01,FP32,0,Stressed,tench,tench,1,0.3967,121.15,0.341,0
ImageNette|linucb_cold|1,ImageNette,linucb_cold,1,95,100.0,25.1,74.497,FP32,0,Stressed,tench,plastic bag,0,0.8379,133.82,0.349,0
ImageNette|linucb_cold|1,ImageNette,linucb_cold,1,96,100.0,25.1,74.01,FP32,0,Stressed,gas pump,ambulance,0,0.3753,122.58,0.329,0
ImageNette|linucb_cold|1,ImageNette,linucb_cold,1,97,100.0,25.1,74.01,INT8,1,Stressed,gas pump,street sign,0,0.0703,90.16,0.327,1
ImageNette|linucb_cold|1,ImageNette,linucb_cold,1,98,100.0,25.1,75.471,FP32,0,Stressed,church,church,1,0.7075,135.13,4.383,1
ImageNette|linucb_cold|1,ImageNette,linucb_cold,1,99,100.0,25.1,74.01,FP32,0,Stressed,golf ball,golf ball,1,0.6524,126.15,0.329,0
ImageNette|linucb_cold|2,ImageNette,linucb_cold,2,0,0.0,25.7,80.828,FP32,0,Normal,cassette player,cassette player,1,0.6148,64.83,0.314,0
ImageNette|linucb_cold|2,ImageNette,linucb_cold,2,1,0.0,25.7,79.367,INT8,1,Normal,gas pump,gas pump,1,0.668,45.4,0.311,1
ImageNette|linucb_cold|2,ImageNette,linucb_cold,2,2,0.0,25.7,78.393,INT8,1,Normal,garbage truck,garbage truck,1,0.8438,45.38,0.31,0
ImageNette|linucb_cold|2,ImageNette,linucb_cold,2,3,0.0,25.7,78.393,INT8,1,Normal,chain saw,street sign,0,0.1602,45.37,0.309,0
ImageNette|linucb_cold|2,ImageNette,linucb_cold,2,4,2.0,25.7,77.419,FP32,0,Normal,tench,tench,1,0.9637,64.83,0.314,1
ImageNette|linucb_cold|2,ImageNette,linucb_cold,2,5,0.0,25.7,76.932,FP32,0,Normal,tench,tench,1,0.8553,65.17,0.312,0
ImageNette|linucb_cold|2,ImageNette,linucb_cold,2,6,2.0,25.7,74.984,FP32,0,Normal,French horn,French horn,1,0.7895,65.22,0.314,0
ImageNette|linucb_cold|2,ImageNette,linucb_cold,2,7,0.0,25.7,75.471,FP32,0,Normal,cassette player,cassette player,1,0.4806,65.25,0.309,0
ImageNette|linucb_cold|2,ImageNette,linucb_cold,2,8,0.0,25.7,75.471,INT8,1,Normal,English springer,English springer,1,0.2695,81.27,0.546,1
ImageNette|linucb_cold|2,ImageNette,linucb_cold,2,9,0.0,25.7,74.984,FP32,0,Normal,cassette player,modem,0,0.318,65.2,0.309,1
ImageNette|linucb_cold|2,ImageNette,linucb_cold,2,10,0.0,25.7,74.497,FP32,0,Normal,parachute,parachute,1,0.9907,64.94,0.311,0
ImageNette|linucb_cold|2,ImageNette,linucb_cold,2,11,2.0,25.7,73.036,FP32,0,Normal,French horn,French horn,1,0.7794,65.01,0.312,0
ImageNette|linucb_cold|2,ImageNette,linucb_cold,2,12,0.0,25.7,74.01,INT8,1,Normal,garbage truck,patio,0,0.0625,45.48,0.311,1
ImageNette|linucb_cold|2,ImageNette,linucb_cold,2,13,2.0,25.7,74.01,FP32,0,Normal,English springer,English springer,1,0.25,65.0,0.311,1
ImageNette|linucb_cold|2,ImageNette,linucb_cold,2,14,0.0,25.7,73.036,FP32,0,Normal,chain saw,chain saw,1,0.3724,64.96,0.31,0
ImageNette|linucb_cold|2,ImageNette,linucb_cold,2,15,0.0,25.7,73.523,INT8,1,Normal,garbage truck,garbage truck,1,0.8477,45.56,0.31,1
ImageNette|linucb_cold|2,ImageNette,linucb_cold,2,16,0.0,25.7,73.036,INT8,1,Normal,English springer,wire-haired fox terrier,0,0.2148,45.4,0.314,0
ImageNette|linucb_cold|2,ImageNette,linucb_cold,2,17,0.0,25.7,71.575,FP32,0,Normal,garbage truck,garbage truck,1,0.6205,108.05,0.615,1
ImageNette|linucb_cold|2,ImageNette,linucb_cold,2,18,2.0,25.7,73.036,INT8,1,Normal,tench,tench,1,0.8789,45.4,0.314,1
ImageNette|linucb_cold|2,ImageNette,linucb_cold,2,19,0.0,25.7,73.523,INT8,1,Normal,chain saw,snowmobile,0,0.1406,45.41,0.311,0
ImageNette|linucb_cold|2,ImageNette,linucb_cold,2,20,2.0,25.7,73.523,FP32,0,Normal,chain saw,chain saw,1,0.9898,65.0,0.313,1
ImageNette|linucb_cold|2,ImageNette,linucb_cold,2,21,2.0,25.7,72.062,FP32,0,Normal,chain saw,chain saw,1,0.4957,64.93,0.31,0
ImageNette|linucb_cold|2,ImageNette,linucb_cold,2,22,0.0,25.7,72.062,FP32,0,Normal,cassette player,loudspeaker,0,0.3373,65.22,0.307,0
ImageNette|linucb_cold|2,ImageNette,linucb_cold,2,23,0.0,25.7,71.575,INT8,1,Normal,chain saw,chain saw,1,0.4727,45.42,0.312,1
ImageNette|linucb_cold|2,ImageNette,linucb_cold,2,24,0.0,25.7,71.088,FP32,0,Normal,golf ball,golf ball,1,0.7976,65.02,0.311,1
ImageNette|linucb_cold|2,ImageNette,linucb_cold,2,25,2.0,25.7,70.601,FP32,0,Normal,French horn,French horn,1,0.4559,64.96,0.314,0
ImageNette|linucb_cold|2,ImageNette,linucb_cold,2,26,0.0,25.7,71.575,INT8,1,Normal,English springer,English springer,1,0.7578,97.12,0.309,1
ImageNette|linucb_cold|2,ImageNette,linucb_cold,2,27,2.0,25.7,70.601,INT8,1,Normal,cassette player,radio,0,0.3438,45.38,0.314,0
ImageNette|linucb_cold|2,ImageNette,linucb_cold,2,28,0.0,25.7,70.601,FP32,0,Normal,garbage truck,garbage truck,1,0.7635,65.09,0.311,1
ImageNette|linucb_cold|2,ImageNette,linucb_cold,2,29,0.0,25.7,70.601,FP32,0,Normal,tench,tench,1,0.9563,65.04,0.313,0
ImageNette|linucb_cold|2,ImageNette,linucb_cold,2,30,0.0,25.7,70.601,FP32,0,Normal,golf ball,golf ball,1,0.8779,65.11,0.313,0
ImageNette|linucb_cold|2,ImageNette,linucb_cold,2,31,0.0,25.7,69.627,FP32,0,Normal,French horn,French horn,1,0.7019,64.97,0.31,0
ImageNette|linucb_cold|2,ImageNette,linucb_cold,2,32,0.0,25.7,70.601,FP32,0,Normal,golf ball,golf ball,1,0.9662,65.13,0.312,0
ImageNette|linucb_cold|2,ImageNette,linucb_cold,2,33,0.0,25.7,70.114,FP32,0,Normal,cassette player,cassette player,1,0.5805,64.96,0.31,0
ImageNette|linucb_cold|2,ImageNette,linucb_cold,2,34,2.0,25.7,69.627,FP32,0,Normal,golf ball,golf ball,1,0.8831,65.02,0.314,0
ImageNette|linucb_cold|2,ImageNette,linucb_cold,2,35,0.0,25.7,69.14,FP32,0,Normal,French horn,French horn,1,0.9398,95.39,0.617,0
ImageNette|linucb_cold|2,ImageNette,linucb_cold,2,36,0.0,25.7,69.627,FP32,0,Normal,French horn,French horn,1,0.9176,64.96,0.312,0
ImageNette|linucb_cold|2,ImageNette,linucb_cold,2,37,0.0,25.7,70.114,FP32,0,Normal,golf ball,golf ball,1,0.9336,65.11,0.313,0
ImageNette|linucb_cold|2,ImageNette,linucb_cold,2,38,0.0,25.7,69.14,FP32,0,Normal,parachute,parachute,1,0.8589,65.28,0.314,0
ImageNette|linucb_cold|2,ImageNette,linucb_cold,2,39,2.0,25.7,68.166,FP32,0,Normal,English springer,Brittany spaniel,0,0.1223,65.15,0.31,0
ImageNette|linucb_cold|2,ImageNette,linucb_cold,2,40,100.0,25.9,75.958,FP32,0,Stressed,gas pump,gas pump,1,0.3287,128.44,0.325,0
ImageNette|linucb_cold|2,ImageNette,linucb_cold,2,41,100.0,25.9,76.932,INT8,1,Stressed,French horn,French horn,1,0.9336,93.93,0.323,1
ImageNette|linucb_cold|2,ImageNette,linucb_cold,2,42,100.0,25.9,77.419,INT8,1,Stressed,tench,tench,1,0.918,89.86,0.328,0
ImageNette|linucb_cold|2,ImageNette,linucb_cold,2,43,100.0,25.9,78.393,FP32,0,Stressed,gas pump,moped,0,0.3624,120.1,0.327,1
ImageNette|linucb_cold|2,ImageNette,linucb_cold,2,44,100.0,25.9,78.88,INT8,1,Stressed,gas pump,gas pump,1,0.9688,93.52,0.348,1
ImageNette|linucb_cold|2,ImageNette,linucb_cold,2,45,100.0,25.9,79.854,INT8,1,Stressed,golf ball,golf ball,1,0.9297,89.77,0.343,0
ImageNette|linucb_cold|2,ImageNette,linucb_cold,2,46,100.0,25.9,80.828,FP32,0,Stressed,cassette player,cassette player,1,0.304,133.71,0.343,1
ImageNette|linucb_cold|2,ImageNette,linucb_cold,2,47,100.0,25.9,80.828,INT8,1,Stressed,English springer,clumber,0,0.3086,89.56,0.339,1
ImageNette|linucb_cold|2,ImageNette,linucb_cold,2,48,100.0,25.9,80.828,INT8,1,Stressed,tench,tench,1,0.2305,89.48,0.34,0
ImageNette|linucb_cold|2,ImageNette,linucb_cold,2,49,100.0,25.9,81.802,FP32,0,Stressed,French horn,cornet,0,0.421,117.91,0.355,1
ImageNette|linucb_cold|2,ImageNette,linucb_cold,2,50,100.0,25.9,81.802,INT8,1,Stressed,cassette player,cassette player,1,0.9453,96.28,0.352,1
ImageNette|linucb_cold|2,ImageNette,linucb_cold,2,51,100.0,25.9,82.289,INT8,1,Stressed,parachute,miniskirt,0,0.2188,95.1,0.336,0
ImageNette|linucb_cold|2,ImageNette,linucb_cold,2,52,100.0,25.9,82.776,FP32,0,Stressed,parachute,parachute,1,0.8609,136.76,0.337,1
ImageNette|linucb_cold|2,ImageNette,linucb_cold,2,53,100.0,25.9,82.289,FP32,0,Stressed,chain saw,chain saw,1,0.052,136.28,0.34,0
ImageNette|linucb_cold|2,ImageNette,linucb_cold,2,54,100.0,25.9,81.802,INT8,1,Stressed,tench,tench,1,0.7227,95.54,0.359,1
ImageNette|linucb_cold|2,ImageNette,linucb_cold,2,55,100.0,25.9,82.776,INT8,1,Stressed,church,palace,0,0.3047,98.05,4.609,0
ImageNette|linucb_cold|2,ImageNette,linucb_cold,2,56,100.0,25.9,82.776,FP32,0,Stressed,French horn,French horn,1,0.9494,115.9,0.336,1
ImageNette|linucb_cold|2,ImageNette,linucb_cold,2,57,100.0,25.9,83.263,FP32,0,Stressed,garbage truck,garbage truck,1,0.4972,138.23,0.379,0
ImageNette|linucb_cold|2,ImageNette,linucb_cold,2,58,100.0,25.9,82.776,INT8,1,Stressed,gas pump,forklift,0,0.7031,96.87,0.348,1
ImageNette|linucb_cold|2,ImageNette,linucb_cold,2,59,100.0,25.9,82.776,INT8,1,Stressed,parachute,parachute,1,0.3242,91.72,0.354,0
ImageNette|linucb_cold|2,ImageNette,linucb_cold,2,60,100.0,25.9,82.289,FP32,0,Stressed,tench,tench,1,0.9192,138.15,0.361,1
ImageNette|linucb_cold|2,ImageNette,linucb_cold,2,61,100.0,25.9,83.75,FP32,0,Stressed,English springer,sloth bear,0,0.2391,144.88,0.36,0
ImageNette|linucb_cold|2,ImageNette,linucb_cold,2,62,100.0,25.9,83.263,INT8,1,Stressed,garbage truck,garbage truck,1,0.1797,96.59,0.356,1
ImageNette|linucb_cold|2,ImageNette,linucb_cold,2,63,100.0,25.9,83.75,FP32,0,Stressed,French horn,French horn,1,0.8855,121.75,0.361,1
ImageNette|linucb_cold|2,ImageNette,linucb_cold,2,64,100.0,25.9,82.776,FP32,0,Stressed,gas pump,gas pump,1,0.5836,134.08,0.326,0
ImageNette|linucb_cold|2,ImageNette,linucb_cold,2,65,100.0,25.9,83.75,FP32,0,Stressed,parachute,parachute,1,0.9439,136.07,0.342,0
ImageNette|linucb_cold|2,ImageNette,linucb_cold,2,66,100.0,25.9,83.263,FP32,0,Stressed,parachute,bubble,0,0.1968,143.97,0.343,0
ImageNette|linucb_cold|2,ImageNette,linucb_cold,2,67,100.0,25.9,83.263,INT8,1,Stressed,parachute,parachute,1,0.9844,96.21,0.35,1
ImageNette|linucb_cold|2,ImageNette,linucb_cold,2,68,100.0,25.9,83.263,INT8,1,Stressed,French horn,paper towel,0,0.0898,95.62,0.384,0
ImageNette|linucb_cold|2,ImageNette,linucb_cold,2,69,100.0,25.9,82.776,FP32,0,Stressed,tench,tench,1,0.7747,142.69,0.419,1
ImageNette|linucb_cold|2,ImageNette,linucb_cold,2,70,100.0,25.9,82.776,INT8,1,Stressed,gas pump,vending machine,0,0.2266,94.4,0.336,1
ImageNette|linucb_cold|2,ImageNette,linucb_cold,2,71,100.0,25.9,83.263,FP32,0,Stressed,golf ball,golf ball,1,0.9209,141.83,0.346,1
ImageNette|linucb_cold|2,ImageNette,linucb_cold,2,72,100.0,25.9,82.776,FP32,0,Stressed,garbage truck,garbage truck,1,0.5843,145.9,0.357,0
ImageNette|linucb_cold|2,ImageNette,linucb_cold,2,73,100.0,25.9,84.724,FP32,0,Stressed,chain saw,chain saw,1,0.9989,148.29,0.351,0
ImageNette|linucb_cold|2,ImageNette,linucb_cold,2,74,100.0,25.9,83.263,FP32,0,Stressed,French horn,French horn,1,0.9705,143.78,0.356,0
ImageNette|linucb_cold|2,ImageNette,linucb_cold,2,75,100.0,25.9,83.75,FP32,0,Stressed,tench,tench,1,0.6226,141.54,0.416,0
ImageNette|linucb_cold|2,ImageNette,linucb_cold,2,76,100.0,25.9,84.237,FP32,0,Stressed,tench,tench,1,0.4544,138.68,0.349,0
ImageNette|linucb_cold|2,ImageNette,linucb_cold,2,77,100.0,25.9,83.263,INT8,1,Stressed,church,church,1,0.8164,96.74,0.351,1
ImageNette|linucb_cold|2,ImageNette,linucb_cold,2,78,100.0,25.9,83.75,INT8,1,Stressed,golf ball,golf ball,1,0.8203,102.39,0.357,0
ImageNette|linucb_cold|2,ImageNette,linucb_cold,2,79,100.0,25.9,83.263,INT8,1,Stressed,parachute,parachute,1,0.8047,101.85,0.355,0
ImageNette|linucb_cold|2,ImageNette,linucb_cold,2,80,100.0,25.9,84.237,INT8,1,Stressed,church,church,1,0.3672,97.83,0.458,0
ImageNette|linucb_cold|2,ImageNette,linucb_cold,2,81,100.0,25.9,83.75,FP32,0,Stressed,golf ball,golf ball,1,0.7063,139.29,0.36,1
ImageNette|linucb_cold|2,ImageNette,linucb_cold,2,82,100.0,25.9,83.75,FP32,0,Stressed,golf ball,shower cap,0,0.1519,139.12,0.359,0
ImageNette|linucb_cold|2,ImageNette,linucb_cold,2,83,100.0,25.9,82.776,INT8,1,Stressed,English springer,German short-haired pointer,0,0.5664,98.09,0.355,1
ImageNette|linucb_cold|2,ImageNette,linucb_cold,2,84,100.0,25.9,83.263,INT8,1,Stressed,tench,tench,1,0.7305,97.07,4.552,0
ImageNette|linucb_cold|2,ImageNette,linucb_cold,2,85,100.0,25.9,83.263,FP32,0,Stressed,garbage truck,garbage truck,1,0.7821,135.14,4.381,1
ImageNette|linucb_cold|2,ImageNette,linucb_cold,2,86,100.0,25.9,84.237,FP32,0,Stressed,parachute,parachute,1,0.9443,138.2,0.346,0
ImageNette|linucb_cold|2,ImageNette,linucb_cold,2,87,100.0,25.9,83.263,FP32,0,Stressed,cassette player,marimba,0,0.1479,149.83,0.397,0
ImageNette|linucb_cold|2,ImageNette,linucb_cold,2,88,100.0,25.9,83.263,INT8,1,Stressed,cassette player,printer,0,0.625,110.66,0.35,1
ImageNette|linucb_cold|2,ImageNette,linucb_cold,2,89,100.0,25.9,84.237,INT8,1,Stressed,tench,tench,1,0.707,103.92,0.351,0
ImageNette|linucb_cold|2,ImageNette,linucb_cold,2,90,100.0,25.9,83.263,INT8,1,Stressed,parachute,parachute,1,0.957,103.42,0.357,0
ImageNette|linucb_cold|2,ImageNette,linucb_cold,2,91,100.0,25.9,83.75,INT8,1,Stressed,gas pump,gas pump,1,0.1016,96.61,0.369,0
ImageNette|linucb_cold|2,ImageNette,linucb_cold,2,92,100.0,25.9,83.263,FP32,0,Stressed,English springer,English setter,0,0.0983,136.13,0.359,1
ImageNette|linucb_cold|2,ImageNette,linucb_cold,2,93,100.0,25.9,82.289,INT8,1,Stressed,gas pump,gas pump,1,0.8203,95.98,0.353,1
ImageNette|linucb_cold|2,ImageNette,linucb_cold,2,94,100.0,25.9,83.75,INT8,1,Stressed,tench,tench,1,0.3164,95.28,0.339,0
ImageNette|linucb_cold|2,ImageNette,linucb_cold,2,95,100.0,25.9,83.263,FP32,0,Stressed,tench,plastic bag,0,0.8379,138.37,0.364,1
ImageNette|linucb_cold|2,ImageNette,linucb_cold,2,96,100.0,25.9,83.263,FP32,0,Stressed,gas pump,ambulance,0,0.3753,143.53,0.362,0
ImageNette|linucb_cold|2,ImageNette,linucb_cold,2,97,100.0,25.9,82.776,INT8,1,Stressed,gas pump,street sign,0,0.0703,96.37,0.401,1
ImageNette|linucb_cold|2,ImageNette,linucb_cold,2,98,100.0,25.9,83.263,FP32,0,Stressed,church,church,1,0.7075,143.68,0.35,1
ImageNette|linucb_cold|2,ImageNette,linucb_cold,2,99,100.0,25.9,84.237,FP32,0,Stressed,golf ball,golf ball,1,0.6524,144.05,0.362,0
ImageNette|linucb_cold|3,ImageNette,linucb_cold,3,0,0.0,25.7,80.341,FP32,0,Normal,cassette player,cassette player,1,0.6148,64.76,0.316,0
ImageNette|linucb_cold|3,ImageNette,linucb_cold,3,1,2.0,25.7,79.367,INT8,1,Normal,gas pump,gas pump,1,0.668,45.35,0.309,1
ImageNette|linucb_cold|3,ImageNette,linucb_cold,3,2,2.0,25.7,78.393,INT8,1,Normal,garbage truck,garbage truck,1,0.8438,45.36,0.312,0
ImageNette|linucb_cold|3,ImageNette,linucb_cold,3,3,0.0,25.7,78.393,FP32,0,Normal,chain saw,street sign,0,0.1295,64.94,0.308,1
ImageNette|linucb_cold|3,ImageNette,linucb_cold,3,4,0.0,25.7,77.906,INT8,1,Normal,tench,tench,1,0.9609,45.36,0.315,1
ImageNette|linucb_cold|3,ImageNette,linucb_cold,3,5,0.0,25.7,76.932,INT8,1,Normal,tench,tench,1,0.8438,45.39,0.312,0
ImageNette|linucb_cold|3,ImageNette,linucb_cold,3,6,0.0,25.7,75.958,INT8,1,Normal,French horn,French horn,1,0.8203,45.38,0.309,0
ImageNette|linucb_cold|3,ImageNette,linucb_cold,3,7,0.0,25.7,75.958,INT8,1,Normal,cassette player,cassette player,1,0.5703,45.43,0.309,0
ImageNette|linucb_cold|3,ImageNette,linucb_cold,3,8,2.0,25.7,76.445,INT8,1,Normal,English springer,English springer,1,0.2695,85.14,0.615,0
ImageNette|linucb_cold|3,ImageNette,linucb_cold,3,9,0.0,25.7,74.984,INT8,1,Normal,cassette player,modem,0,0.1797,45.78,0.314,0
ImageNette|linucb_cold|3,ImageNette,linucb_cold,3,10,0.0,25.7,74.497,FP32,0,Normal,parachute,parachute,1,0.9907,65.03,0.379,1
ImageNette|linucb_cold|3,ImageNette,linucb_cold,3,11,0.0,25.7,74.497,FP32,0,Normal,French horn,French horn,1,0.7794,64.98,0.312,0
ImageNette|linucb_cold|3,ImageNette,linucb_cold,3,12,0.0,25.7,74.01,FP32,0,Normal,garbage truck,mobile home,0,0.0621,65.02,0.313,0
ImageNette|linucb_cold|3,ImageNette,linucb_cold,3,13,0.0,25.7,73.523,INT8,1,Normal,English springer,English springer,1,0.2734,45.4,0.308,1
ImageNette|linucb_cold|3,ImageNette,linucb_cold,3,14,0.0,25.7,74.01,INT8,1,Normal,chain saw,chain saw,1,0.2305,45.42,0.314,0
ImageNette|linucb_cold|3,ImageNette,linucb_cold,3,15,0.0,25.7,73.036,FP32,0,Normal,garbage truck,garbage truck,1,0.9131,65.09,0.309,1
ImageNette|linucb_cold|3,ImageNette,linucb_cold,3,16,2.0,25.7,73.523,FP32,0,Normal,English springer,wire-haired fox terrier,0,0.1974,64.99,0.311,0
ImageNette|linucb_cold|3,ImageNette,linucb_cold,3,17,0.0,25.7,74.01,INT8,1,Normal,garbage truck,garbage truck,1,0.5977,89.55,0.615,1
ImageNette|linucb_cold|3,ImageNette,linucb_cold,3,18,0.0,25.7,72.062,INT8,1,Normal,tench,tench,1,0.8789,96.42,0.695,0
ImageNette|linucb_cold|3,ImageNette,linucb_cold,3,19,0.0,25.7,72.549,INT8,1,Normal,chain saw,snowmobile,0,0.1406,45.41,0.311,0
ImageNette|linucb_cold|3,ImageNette,linucb_cold,3,20,0.0,25.7,72.062,FP32,0,Normal,chain saw,chain saw,1,0.9898,65.03,0.311,1
ImageNette|linucb_cold|3,ImageNette,linucb_cold,3,21,2.0,25.7,72.062,FP32,0,Normal,chain saw,chain saw,1,0.4957,65.03,0.313,0
ImageNette|linucb_cold|3,ImageNette,linucb_cold,3,22,0.0,25.7,72.062,FP32,0,Normal,cassette player,loudspeaker,0,0.3373,65.06,0.314,0
ImageNette|linucb_cold|3,ImageNette,linucb_cold,3,23,2.0,25.7,72.062,INT8,1,Normal,chain saw,chain saw,1,0.4727,45.45,0.313,1
ImageNette|linucb_cold|3,ImageNette,linucb_cold,3,24,2.0,25.7,72.062,INT8,1,Normal,golf ball,golf ball,1,0.8906,45.54,0.312,0
ImageNette|linucb_cold|3,ImageNette,linucb_cold,3,25,0.0,25.6,71.088,INT8,1,Normal,French horn,French horn,1,0.418,45.39,0.311,0
ImageNette|linucb_cold|3,ImageNette,linucb_cold,3,26,2.0,25.6,71.088,INT8,1,Normal,English springer,English springer,1,0.7578,45.39,0.314,0
ImageNette|linucb_cold|3,ImageNette,linucb_cold,3,27,0.0,25.6,71.575,INT8,1,Normal,cassette player,radio,0,0.3438,97.24,0.613,0
ImageNette|linucb_cold|3,ImageNette,linucb_cold,3,28,0.0,25.6,71.088,FP32,0,Normal,garbage truck,garbage truck,1,0.7635,65.06,0.311,1
ImageNette|linucb_cold|3,ImageNette,linucb_cold,3,29,0.0,25.6,70.601,FP32,0,Normal,tench,tench,1,0.9563,65.0,0.311,0
ImageNette|linucb_cold|3,ImageNette,linucb_cold,3,30,0.0,25.6,70.601,FP32,0,Normal,golf ball,golf ball,1,0.8779,64.98,0.313,0
ImageNette|linucb_cold|3,ImageNette,linucb_cold,3,31,2.0,25.6,70.601,FP32,0,Normal,French horn,French horn,1,0.7019,65.0,0.315,0
ImageNette|linucb_cold|3,ImageNette,linucb_cold,3,32,0.0,25.6,71.088,FP32,0,Normal,golf ball,golf ball,1,0.9662,64.96,0.312,0
ImageNette|linucb_cold|3,ImageNette,linucb_cold,3,33,0.0,25.6,70.114,FP32,0,Normal,cassette player,cassette player,1,0.5805,65.06,0.37,0
ImageNette|linucb_cold|3,ImageNette,linucb_cold,3,34,0.0,25.6,70.114,FP32,0,Normal,golf ball,golf ball,1,0.8831,65.25,0.312,0
ImageNette|linucb_cold|3,ImageNette,linucb_cold,3,35,0.0,25.7,69.627,FP32,0,Normal,French horn,French horn,1,0.9398,64.94,0.316,0
ImageNette|linucb_cold|3,ImageNette,linucb_cold,3,36,0.0,25.7,70.114,FP32,0,Normal,French horn,French horn,1,0.9176,111.19,0.314,0
ImageNette|linucb_cold|3,ImageNette,linucb_cold,3,37,0.0,25.7,69.14,FP32,0,Normal,golf ball,golf ball,1,0.9336,65.04,0.309,0
ImageNette|linucb_cold|3,ImageNette,linucb_cold,3,38,0.0,25.7,70.601,FP32,0,Normal,parachute,parachute,1,0.8589,64.95,0.315,0
ImageNette|linucb_cold|3,ImageNette,linucb_cold,3,39,0.0,25.7,70.114,FP32,0,Normal,English springer,Brittany spaniel,0,0.1223,65.0,0.312,0
ImageNette|linucb_cold|3,ImageNette,linucb_cold,3,40,100.0,26.1,76.932,FP32,0,Stressed,gas pump,gas pump,1,0.3287,132.51,0.327,0
ImageNette|linucb_cold|3,ImageNette,linucb_cold,3,41,100.0,26.1,77.419,INT8,1,Stressed,French horn,French horn,1,0.9336,89.33,0.323,1
ImageNette|linucb_cold|3,ImageNette,linucb_cold,3,42,100.0,26.1,78.393,INT8,1,Stressed,tench,tench,1,0.918,93.74,0.325,0
ImageNette|linucb_cold|3,ImageNette,linucb_cold,3,43,100.0,26.1,79.854,FP32,0,Stressed,gas pump,moped,0,0.3624,118.42,0.328,1
ImageNette|linucb_cold|3,ImageNette,linucb_cold,3,44,100.0,26.1,79.854,INT8,1,Stressed,gas pump,gas pump,1,0.9688,93.98,0.335,1
ImageNette|linucb_cold|3,ImageNette,linucb_cold,3,45,100.0,26.1,81.315,INT8,1,Stressed,golf ball,golf ball,1,0.9297,89.66,0.318,0
ImageNette|linucb_cold|3,ImageNette,linucb_cold,3,46,100.0,26.1,80.341,INT8,1,Stressed,cassette player,carton,0,0.1797,89.46,0.324,0
ImageNette|linucb_cold|3,ImageNette,linucb_cold,3,47,100.0,26.1,81.315,FP32,0,Stressed,English springer,English springer,1,0.392,129.79,0.345,1
ImageNette|linucb_cold|3,ImageNette,linucb_cold,3,48,100.0,26.1,82.289,INT8,1,Stressed,tench,tench,1,0.2305,94.66,0.362,1
ImageNette|linucb_cold|3,ImageNette,linucb_cold,3,49,100.0,26.1,82.776,FP32,0,Stressed,French horn,cornet,0,0.421,119.15,0.359,1
ImageNette|linucb_cold|3,ImageNette,linucb_cold,3,50,100.0,26.1,82.776,INT8,1,Stressed,cassette player,cassette player,1,0.9453,95.23,0.346,1
ImageNette|linucb_cold|3,ImageNette,linucb_cold,3,51,100.0,26.1,82.776,INT8,1,Stressed,parachute,miniskirt,0,0.2188,95.68,0.357,0
ImageNette|linucb_cold|3,ImageNette,linucb_cold,3,52,100.0,26.1,83.263,FP32,0,Stressed,parachute,parachute,1,0.8609,120.87,0.357,1
ImageNette|linucb_cold|3,ImageNette,linucb_cold,3,53,100.0,26.1,82.289,FP32,0,Stressed,chain saw,chain saw,1,0.052,132.72,0.356,0
ImageNette|linucb_cold|3,ImageNette,linucb_cold,3,54,100.0,26.1,83.263,INT8,1,Stressed,tench,tench,1,0.7227,95.93,0.359,1
ImageNette|linucb_cold|3,ImageNette,linucb_cold,3,55,100.0,26.1,83.263,INT8,1,Stressed,church,palace,0,0.3047,96.15,0.36,0
ImageNette|linucb_cold|3,ImageNette,linucb_cold,3,56,100.0,26.1,83.263,FP32,0,Stressed,French horn,French horn,1,0.9494,139.09,0.36,1
ImageNette|linucb_cold|3,ImageNette,linucb_cold,3,57,100.0,26.1,83.263,FP32,0,Stressed,garbage truck,garbage truck,1,0.4972,127.86,0.362,0
ImageNette|linucb_cold|3,ImageNette,linucb_cold,3,58,100.0,26.1,83.75,INT8,1,Stressed,gas pump,forklift,0,0.7031,95.28,0.357,1
ImageNette|linucb_cold|3,ImageNette,linucb_cold,3,59,100.0,26.1,81.802,INT8,1,Stressed,parachute,parachute,1,0.3242,96.68,0.367,0
ImageNette|linucb_cold|3,ImageNette,linucb_cold,3,60,100.0,26.1,82.289,FP32,0,Stressed,tench,tench,1,0.9192,130.46,4.531,1
ImageNette|linucb_cold|3,ImageNette,linucb_cold,3,61,100.0,26.1,84.237,FP32,0,Stressed,English springer,sloth bear,0,0.2391,132.6,0.366,0
ImageNette|linucb_cold|3,ImageNette,linucb_cold,3,62,100.0,26.1,84.237,INT8,1,Stressed,garbage truck,garbage truck,1,0.1797,96.61,0.349,1
ImageNette|linucb_cold|3,ImageNette,linucb_cold,3,63,100.0,26.1,83.263,FP32,0,Stressed,French horn,French horn,1,0.8855,130.98,0.376,1
ImageNette|linucb_cold|3,ImageNette,linucb_cold,3,64,100.0,26.1,83.263,INT8,1,Stressed,gas pump,gas pump,1,0.6719,97.49,0.37,1
ImageNette|linucb_cold|3,ImageNette,linucb_cold,3,65,100.0,26.1,83.263,FP32,0,Stressed,parachute,parachute,1,0.9439,130.56,0.359,1
ImageNette|linucb_cold|3,ImageNette,linucb_cold,3,66,100.0,26.1,82.776,FP32,0,Stressed,parachute,bubble,0,0.1968,133.86,0.343,0
ImageNette|linucb_cold|3,ImageNette,linucb_cold,3,67,100.0,26.1,84.237,INT8,1,Stressed,parachute,parachute,1,0.9844,96.69,0.353,1
ImageNette|linucb_cold|3,ImageNette,linucb_cold,3,68,100.0,26.1,83.263,INT8,1,Stressed,French horn,paper towel,0,0.0898,102.82,0.354,0
ImageNette|linucb_cold|3,ImageNette,linucb_cold,3,69,100.0,26.1,83.263,FP32,0,Stressed,tench,tench,1,0.7747,124.53,0.348,1
ImageNette|linucb_cold|3,ImageNette,linucb_cold,3,70,100.0,26.1,84.724,FP32,0,Stressed,gas pump,gas pump,1,0.2226,126.42,0.355,0
ImageNette|linucb_cold|3,ImageNette,linucb_cold,3,71,100.0,26.1,83.263,INT8,1,Stressed,golf ball,golf ball,1,0.9062,101.29,0.357,1
ImageNette|linucb_cold|3,ImageNette,linucb_cold,3,72,100.0,26.1,83.75,INT8,1,Stressed,garbage truck,garbage truck,1,0.5977,96.95,0.34,0
ImageNette|linucb_cold|3,ImageNette,linucb_cold,3,73,100.0,26.1,84.237,INT8,1,Stressed,chain saw,chain saw,1,0.9492,103.89,0.353,0
ImageNette|linucb_cold|3,ImageNette,linucb_cold,3,74,100.0,26.1,83.263,INT8,1,Stressed,French horn,French horn,1,0.9688,103.37,0.366,0
ImageNette|linucb_cold|3,ImageNette,linucb_cold,3,75,100.0,26.1,84.724,INT8,1,Stressed,tench,tench,1,0.6133,97.66,0.353,0
ImageNette|linucb_cold|3,ImageNette,linucb_cold,3,76,100.0,26.1,83.75,INT8,1,Stressed,tench,tench,1,0.4961,103.17,0.377,0
ImageNette|linucb_cold|3,ImageNette,linucb_cold,3,77,100.0,26.1,83.75,FP32,0,Stressed,church,church,1,0.8333,141.0,0.385,1
ImageNette|linucb_cold|3,ImageNette,linucb_cold,3,78,100.0,26.1,83.75,FP32,0,Stressed,golf ball,golf ball,1,0.8426,122.22,0.367,0
ImageNette|linucb_cold|3,ImageNette,linucb_cold,3,79,100.0,26.1,83.75,FP32,0,Stressed,parachute,parachute,1,0.8524,134.46,4.422,0
ImageNette|linucb_cold|3,ImageNette,linucb_cold,3,80,100.0,26.1,85.211,INT8,1,Stressed,church,church,1,0.3672,103.06,0.384,1
ImageNette|linucb_cold|3,ImageNette,linucb_cold,3,81,100.0,26.1,84.237,FP32,0,Stressed,golf ball,golf ball,1,0.7063,144.25,0.379,1
ImageNette|linucb_cold|3,ImageNette,linucb_cold,3,82,100.0,26.1,83.75,FP32,0,Stressed,golf ball,shower cap,0,0.1519,127.98,0.368,0
ImageNette|linucb_cold|3,ImageNette,linucb_cold,3,83,100.0,26.1,83.75,INT8,1,Stressed,English springer,German short-haired pointer,0,0.5664,98.19,0.367,1
ImageNette|linucb_cold|3,ImageNette,linucb_cold,3,84,100.0,26.1,82.776,INT8,1,Stressed,tench,tench,1,0.7305,105.02,0.427,0
ImageNette|linucb_cold|3,ImageNette,linucb_cold,3,85,100.0,26.1,83.75,INT8,1,Stressed,garbage truck,garbage truck,1,0.7188,102.19,0.371,0
ImageNette|linucb_cold|3,ImageNette,linucb_cold,3,86,100.0,26.1,83.263,FP32,0,Stressed,parachute,parachute,1,0.9443,141.09,0.371,1
ImageNette|linucb_cold|3,ImageNette,linucb_cold,3,87,100.0,26.1,83.75,FP32,0,Stressed,cassette player,marimba,0,0.1479,143.42,0.435,0
ImageNette|linucb_cold|3,ImageNette,linucb_cold,3,88,100.0,26.1,83.75,INT8,1,Stressed,cassette player,printer,0,0.625,103.46,0.365,1
ImageNette|linucb_cold|3,ImageNette,linucb_cold,3,89,100.0,26.1,84.237,INT8,1,Stressed,tench,tench,1,0.707,101.56,0.337,0
ImageNette|linucb_cold|3,ImageNette,linucb_cold,3,90,100.0,26.1,84.237,INT8,1,Stressed,parachute,parachute,1,0.957,102.42,0.35,0
ImageNette|linucb_cold|3,ImageNette,linucb_cold,3,91,100.0,26.1,83.75,INT8,1,Stressed,gas pump,gas pump,1,0.1016,98.39,0.422,0
ImageNette|linucb_cold|3,ImageNette,linucb_cold,3,92,100.0,26.1,83.263,FP32,0,Stressed,English springer,English setter,0,0.0983,72.87,0.368,1
ImageNette|linucb_cold|3,ImageNette,linucb_cold,3,93,100.0,26.1,83.75,INT8,1,Stressed,gas pump,gas pump,1,0.8203,102.02,0.369,1
ImageNette|linucb_cold|3,ImageNette,linucb_cold,3,94,100.0,26.1,85.211,INT8,1,Stressed,tench,tench,1,0.3164,120.92,4.771,0
ImageNette|linucb_cold|3,ImageNette,linucb_cold,3,95,100.0,26.1,84.237,FP32,0,Stressed,tench,plastic bag,0,0.8379,144.01,0.427,1
ImageNette|linucb_cold|3,ImageNette,linucb_cold,3,96,100.0,26.1,83.75,FP32,0,Stressed,gas pump,ambulance,0,0.3753,130.5,0.391,0
ImageNette|linucb_cold|3,ImageNette,linucb_cold,3,97,100.0,26.1,84.724,INT8,1,Stressed,gas pump,street sign,0,0.0703,95.88,4.4,1
ImageNette|linucb_cold|3,ImageNette,linucb_cold,3,98,100.0,26.1,83.263,FP32,0,Stressed,church,church,1,0.7075,122.94,0.343,1
ImageNette|linucb_cold|3,ImageNette,linucb_cold,3,99,100.0,26.1,82.776,FP32,0,Stressed,golf ball,golf ball,1,0.6524,125.58,4.789,0
ImageNette|linucb_warm|1,ImageNette,linucb_warm,1,0,0.0,24.7,72.062,FP32,0,Normal,cassette player,cassette player,1,0.6148,64.73,0.313,0
ImageNette|linucb_warm|1,ImageNette,linucb_warm,1,1,0.0,24.7,70.114,INT8,1,Normal,gas pump,gas pump,1,0.668,45.41,0.384,1
ImageNette|linucb_warm|1,ImageNette,linucb_warm,1,2,0.0,24.7,68.653,INT8,1,Normal,garbage truck,garbage truck,1,0.8438,45.41,0.312,0
ImageNette|linucb_warm|1,ImageNette,linucb_warm,1,3,0.0,24.7,67.679,INT8,1,Normal,chain saw,street sign,0,0.1602,45.41,0.311,0
ImageNette|linucb_warm|1,ImageNette,linucb_warm,1,4,0.0,24.7,67.192,FP32,0,Normal,tench,tench,1,0.9637,65.02,0.315,1
ImageNette|linucb_warm|1,ImageNette,linucb_warm,1,5,0.0,24.7,66.218,FP32,0,Normal,tench,tench,1,0.8553,65.18,0.314,0
ImageNette|linucb_warm|1,ImageNette,linucb_warm,1,6,0.0,24.7,65.731,FP32,0,Normal,French horn,French horn,1,0.7895,65.21,0.309,0
ImageNette|linucb_warm|1,ImageNette,linucb_warm,1,7,0.0,24.7,64.757,FP32,0,Normal,cassette player,cassette player,1,0.4806,108.11,0.692,0
ImageNette|linucb_warm|1,ImageNette,linucb_warm,1,8,0.0,24.7,64.27,INT8,1,Normal,English springer,English springer,1,0.2695,45.47,0.311,1
ImageNette|linucb_warm|1,ImageNette,linucb_warm,1,9,0.0,24.7,63.296,FP32,0,Normal,cassette player,modem,0,0.318,65.32,0.313,1
ImageNette|linucb_warm|1,ImageNette,linucb_warm,1,10,2.0,24.7,63.296,INT8,1,Normal,parachute,parachute,1,0.9844,45.45,0.316,1
ImageNette|linucb_warm|1,ImageNette,linucb_warm,1,11,0.0,24.7,63.296,INT8,1,Normal,French horn,French horn,1,0.8438,45.56,0.309,0
ImageNette|linucb_warm|1,ImageNette,linucb_warm,1,12,0.0,24.7,62.322,INT8,1,Normal,garbage truck,patio,0,0.0625,45.46,0.312,0
ImageNette|linucb_warm|1,ImageNette,linucb_warm,1,13,0.0,24.7,61.835,FP32,0,Normal,English springer,English springer,1,0.25,65.3,0.311,1
ImageNette|linucb_warm|1,ImageNette,linucb_warm,1,14,0.0,24.7,62.809,INT8,1,Normal,chain saw,chain saw,1,0.2305,45.45,0.312,1
ImageNette|linucb_warm|1,ImageNette,linucb_warm,1,15,0.0,24.7,62.809,FP32,0,Normal,garbage truck,garbage truck,1,0.9131,65.0,0.311,1
ImageNette|linucb_warm|1,ImageNette,linucb_warm,1,16,0.0,24.7,60.861,FP32,0,Normal,English springer,wire-haired fox terrier,0,0.1974,104.44,0.617,0
ImageNette|linucb_warm|1,ImageNette,linucb_warm,1,17,0.0,24.7,62.322,INT8,1,Normal,garbage truck,garbage truck,1,0.5977,45.56,0.31,1
ImageNette|linucb_warm|1,ImageNette,linucb_warm,1,18,0.0,24.7,60.861,INT8,1,Normal,tench,tench,1,0.8789,45.44,0.311,0
ImageNette|linucb_warm|1,ImageNette,linucb_warm,1,19,0.0,24.7,62.322,INT8,1,Normal,chain saw,snowmobile,0,0.1406,45.42,0.31,0
ImageNette|linucb_warm|1,ImageNette,linucb_warm,1,20,0.0,24.7,61.835,INT8,1,Normal,chain saw,chain saw,1,0.9766,45.43,0.31,0
ImageNette|linucb_warm|1,ImageNette,linucb_warm,1,21,0.0,24.7,59.887,INT8,1,Normal,chain saw,chain saw,1,0.3398,45.42,0.386,0
ImageNette|linucb_warm|1,ImageNette,linucb_warm,1,22,0.0,24.7,59.887,INT8,1,Normal,cassette player,cassette player,1,0.4453,45.47,0.309,0
ImageNette|linucb_warm|1,ImageNette,linucb_warm,1,23,0.0,24.7,59.887,FP32,0,Normal,chain saw,chain saw,1,0.4287,64.69,0.317,1
ImageNette|linucb_warm|1,ImageNette,linucb_warm,1,24,0.0,24.7,58.913,INT8,1,Normal,golf ball,golf ball,1,0.8906,45.46,0.311,1
ImageNette|linucb_warm|1,ImageNette,linucb_warm,1,25,0.0,24.7,59.887,INT8,1,Normal,French horn,French horn,1,0.418,97.04,0.308,0
ImageNette|linucb_warm|1,ImageNette,linucb_warm,1,26,0.0,24.7,59.4,INT8,1,Normal,English springer,English springer,1,0.7578,45.6,0.31,0
ImageNette|linucb_warm|1,ImageNette,linucb_warm,1,27,0.0,24.7,58.913,INT8,1,Normal,cassette player,radio,0,0.3438,45.41,0.312,0
ImageNette|linucb_warm|1,ImageNette,linucb_warm,1,28,0.0,24.7,58.426,FP32,0,Normal,garbage truck,garbage truck,1,0.7635,64.67,0.312,1
ImageNette|linucb_warm|1,ImageNette,linucb_warm,1,29,0.0,24.7,58.913,FP32,0,Normal,tench,tench,1,0.9563,64.68,0.365,0
ImageNette|linucb_warm|1,ImageNette,linucb_warm,1,30,0.0,24.7,58.913,FP32,0,Normal,golf ball,golf ball,1,0.8779,64.25,0.313,0
ImageNette|linucb_warm|1,ImageNette,linucb_warm,1,31,0.0,24.7,58.426,FP32,0,Normal,French horn,French horn,1,0.7019,64.12,0.317,0
ImageNette|linucb_warm|1,ImageNette,linucb_warm,1,32,0.0,24.7,57.939,FP32,0,Normal,golf ball,golf ball,1,0.9662,64.2,0.313,0
ImageNette|linucb_warm|1,ImageNette,linucb_warm,1,33,0.0,24.7,58.426,FP32,0,Normal,cassette player,cassette player,1,0.5805,64.43,0.311,0
ImageNette|linucb_warm|1,ImageNette,linucb_warm,1,34,0.0,24.7,59.4,FP32,0,Normal,golf ball,golf ball,1,0.8831,108.97,0.31,0
ImageNette|linucb_warm|1,ImageNette,linucb_warm,1,35,0.0,24.7,58.426,FP32,0,Normal,French horn,French horn,1,0.9398,64.38,0.309,0
ImageNette|linucb_warm|1,ImageNette,linucb_warm,1,36,0.0,24.7,57.452,FP32,0,Normal,French horn,French horn,1,0.9176,64.32,0.314,0
ImageNette|linucb_warm|1,ImageNette,linucb_warm,1,37,0.0,24.7,57.939,FP32,0,Normal,golf ball,golf ball,1,0.9336,64.44,0.313,0
ImageNette|linucb_warm|1,ImageNette,linucb_warm,1,38,0.0,24.7,56.965,FP32,0,Normal,parachute,parachute,1,0.8589,64.46,0.314,0
ImageNette|linucb_warm|1,ImageNette,linucb_warm,1,39,0.0,24.7,56.965,FP32,0,Normal,English springer,Brittany spaniel,0,0.1223,64.84,0.314,0
ImageNette|linucb_warm|1,ImageNette,linucb_warm,1,40,100.0,25.0,63.783,FP32,0,Stressed,gas pump,gas pump,1,0.3287,159.74,0.328,0
ImageNette|linucb_warm|1,ImageNette,linucb_warm,1,41,100.0,25.2,65.244,INT8,1,Stressed,French horn,French horn,1,0.9336,89.69,0.324,1
ImageNette|linucb_warm|1,ImageNette,linucb_warm,1,42,100.0,25.2,66.705,INT8,1,Stressed,tench,tench,1,0.918,89.83,0.324,0
ImageNette|linucb_warm|1,ImageNette,linucb_warm,1,43,100.0,25.2,67.679,FP32,0,Stressed,gas pump,moped,0,0.3624,126.33,0.331,1
ImageNette|linucb_warm|1,ImageNette,linucb_warm,1,44,100.0,25.2,68.653,INT8,1,Stressed,gas pump,gas pump,1,0.9688,89.5,0.322,1
ImageNette|linucb_warm|1,ImageNette,linucb_warm,1,45,100.0,25.2,67.679,INT8,1,Stressed,golf ball,golf ball,1,0.9297,89.73,0.334,0
ImageNette|linucb_warm|1,ImageNette,linucb_warm,1,46,100.0,25.2,67.192,INT8,1,Stressed,cassette player,carton,0,0.1797,89.66,0.333,0
ImageNette|linucb_warm|1,ImageNette,linucb_warm,1,47,100.0,25.2,69.14,FP32,0,Stressed,English springer,English springer,1,0.392,129.44,0.34,1
ImageNette|linucb_warm|1,ImageNette,linucb_warm,1,48,100.0,25.2,69.627,INT8,1,Stressed,tench,tench,1,0.2305,93.51,0.333,1
ImageNette|linucb_warm|1,ImageNette,linucb_warm,1,49,100.0,25.3,69.627,FP32,0,Stressed,French horn,cornet,0,0.421,130.01,0.333,1
ImageNette|linucb_warm|1,ImageNette,linucb_warm,1,50,100.0,25.1,70.114,INT8,1,Stressed,cassette player,cassette player,1,0.9453,89.67,0.339,1
ImageNette|linucb_warm|1,ImageNette,linucb_warm,1,51,100.0,25.1,69.627,INT8,1,Stressed,parachute,miniskirt,0,0.2188,89.68,0.347,0
ImageNette|linucb_warm|1,ImageNette,linucb_warm,1,52,100.0,25.1,70.601,FP32,0,Stressed,parachute,parachute,1,0.8609,129.83,4.435,1
ImageNette|linucb_warm|1,ImageNette,linucb_warm,1,53,100.0,25.2,72.062,FP32,0,Stressed,chain saw,chain saw,1,0.052,128.6,0.349,0
ImageNette|linucb_warm|1,ImageNette,linucb_warm,1,54,100.0,25.2,71.575,INT8,1,Stressed,tench,tench,1,0.7227,93.52,0.336,1
ImageNette|linucb_warm|1,ImageNette,linucb_warm,1,55,100.0,25.2,72.549,INT8,1,Stressed,church,palace,0,0.3047,93.45,0.324,0
ImageNette|linucb_warm|1,ImageNette,linucb_warm,1,56,100.0,25.2,71.575,INT8,1,Stressed,French horn,French horn,1,0.9727,90.48,0.327,0
ImageNette|linucb_warm|1,ImageNette,linucb_warm,1,57,100.0,25.2,72.549,INT8,1,Stressed,garbage truck,garbage truck,1,0.3906,89.94,0.326,0
ImageNette|linucb_warm|1,ImageNette,linucb_warm,1,58,100.0,25.2,72.549,FP32,0,Stressed,gas pump,gas pump,1,0.4681,130.58,0.334,1
ImageNette|linucb_warm|1,ImageNette,linucb_warm,1,59,100.0,25.2,72.549,INT8,1,Stressed,parachute,parachute,1,0.3242,93.9,0.432,1
ImageNette|linucb_warm|1,ImageNette,linucb_warm,1,60,100.0,25.2,72.549,FP32,0,Stressed,tench,tench,1,0.9192,133.44,0.33,1
ImageNette|linucb_warm|1,ImageNette,linucb_warm,1,61,100.0,25.2,72.062,FP32,0,Stressed,English springer,sloth bear,0,0.2391,133.83,0.32,0
ImageNette|linucb_warm|1,ImageNette,linucb_warm,1,62,100.0,25.2,73.523,INT8,1,Stressed,garbage truck,garbage truck,1,0.1797,94.05,0.331,1
ImageNette|linucb_warm|1,ImageNette,linucb_warm,1,63,100.0,25.2,73.036,FP32,0,Stressed,French horn,French horn,1,0.8855,118.73,0.33,1
ImageNette|linucb_warm|1,ImageNette,linucb_warm,1,64,100.0,25.0,72.549,FP32,0,Stressed,gas pump,gas pump,1,0.5836,129.56,0.33,0
ImageNette|linucb_warm|1,ImageNette,linucb_warm,1,65,100.0,25.2,72.549,INT8,1,Stressed,parachute,parachute,1,0.9219,89.54,0.345,1
ImageNette|linucb_warm|1,ImageNette,linucb_warm,1,66,100.0,25.2,72.549,INT8,1,Stressed,parachute,sandbar,0,0.2578,94.29,0.33,0
ImageNette|linucb_warm|1,ImageNette,linucb_warm,1,67,100.0,25.2,73.523,FP32,0,Stressed,parachute,parachute,1,0.9766,133.8,0.328,1
ImageNette|linucb_warm|1,ImageNette,linucb_warm,1,68,100.0,25.2,74.497,FP32,0,Stressed,French horn,paper towel,0,0.125,134.24,0.327,0
ImageNette|linucb_warm|1,ImageNette,linucb_warm,1,69,100.0,25.2,74.01,INT8,1,Stressed,tench,tench,1,0.7773,94.21,0.321,1
ImageNette|linucb_warm|1,ImageNette,linucb_warm,1,70,100.0,25.2,73.523,INT8,1,Stressed,gas pump,vending machine,0,0.2266,94.12,0.331,0
ImageNette|linucb_warm|1,ImageNette,linucb_warm,1,71,100.0,25.2,73.523,FP32,0,Stressed,golf ball,golf ball,1,0.9209,130.79,0.338,1
ImageNette|linucb_warm|1,ImageNette,linucb_warm,1,72,100.0,25.2,74.497,FP32,0,Stressed,garbage truck,garbage truck,1,0.5843,129.05,0.335,0
ImageNette|linucb_warm|1,ImageNette,linucb_warm,1,73,100.0,25.2,73.523,FP32,0,Stressed,chain saw,chain saw,1,0.9989,133.63,0.337,0
ImageNette|linucb_warm|1,ImageNette,linucb_warm,1,74,100.0,25.0,73.523,FP32,0,Stressed,French horn,French horn,1,0.9705,134.91,0.317,0
ImageNette|linucb_warm|1,ImageNette,linucb_warm,1,75,100.0,25.2,74.01,FP32,0,Stressed,tench,tench,1,0.6226,129.98,0.351,0
ImageNette|linucb_warm|1,ImageNette,linucb_warm,1,76,100.0,25.2,74.01,FP32,0,Stressed,tench,tench,1,0.4544,116.99,0.328,0
ImageNette|linucb_warm|1,ImageNette,linucb_warm,1,77,100.0,25.2,74.984,INT8,1,Stressed,church,church,1,0.8164,89.39,0.325,1
ImageNette|linucb_warm|1,ImageNette,linucb_warm,1,78,100.0,25.2,74.984,INT8,1,Stressed,golf ball,golf ball,1,0.8203,89.32,0.32,0
ImageNette|linucb_warm|1,ImageNette,linucb_warm,1,79,100.0,25.2,74.497,INT8,1,Stressed,parachute,parachute,1,0.8047,94.26,0.329,0
ImageNette|linucb_warm|1,ImageNette,linucb_warm,1,80,100.0,25.2,75.471,INT8,1,Stressed,church,church,1,0.3672,93.89,0.326,0
ImageNette|linucb_warm|1,ImageNette,linucb_warm,1,81,100.0,25.2,74.984,FP32,0,Stressed,golf ball,golf ball,1,0.7063,130.04,0.329,1
ImageNette|linucb_warm|1,ImageNette,linucb_warm,1,82,100.0,24.9,74.984,FP32,0,Stressed,golf ball,shower cap,0,0.1519,117.55,0.34,0
ImageNette|linucb_warm|1,ImageNette,linucb_warm,1,83,100.0,25.4,75.471,INT8,1,Stressed,English springer,German short-haired pointer,0,0.5664,93.57,0.332,1
ImageNette|linucb_warm|1,ImageNette,linucb_warm,1,84,100.0,25.4,75.471,INT8,1,Stressed,tench,tench,1,0.7305,93.54,0.33,0
ImageNette|linucb_warm|1,ImageNette,linucb_warm,1,85,100.0,25.4,74.984,INT8,1,Stressed,garbage truck,garbage truck,1,0.7188,93.91,0.337,0
ImageNette|linucb_warm|1,ImageNette,linucb_warm,1,86,100.0,25.4,74.497,FP32,0,Stressed,parachute,parachute,1,0.9443,126.02,0.338,1
ImageNette|linucb_warm|1,ImageNette,linucb_warm,1,87,100.0,25.2,75.471,FP32,0,Stressed,cassette player,marimba,0,0.1479,130.22,0.321,0
ImageNette|linucb_warm|1,ImageNette,linucb_warm,1,88,100.0,25.1,74.497,INT8,1,Stressed,cassette player,printer,0,0.625,89.57,4.439,1
ImageNette|linucb_warm|1,ImageNette,linucb_warm,1,89,100.0,25.1,75.471,INT8,1,Stressed,tench,tench,1,0.707,89.69,0.35,0
ImageNette|linucb_warm|1,ImageNette,linucb_warm,1,90,100.0,25.1,76.445,INT8,1,Stressed,parachute,parachute,1,0.957,89.43,0.408,0
ImageNette|linucb_warm|1,ImageNette,linucb_warm,1,91,100.0,25.1,74.984,INT8,1,Stressed,gas pump,gas pump,1,0.1016,89.52,0.339,0
ImageNette|linucb_warm|1,ImageNette,linucb_warm,1,92,100.0,25.1,76.445,FP32,0,Stressed,English springer,English setter,0,0.0983,129.26,0.336,1
ImageNette|linucb_warm|1,ImageNette,linucb_warm,1,93,100.0,25.1,76.445,INT8,1,Stressed,gas pump,gas pump,1,0.8203,93.67,0.326,1
ImageNette|linucb_warm|1,ImageNette,linucb_warm,1,94,100.0,25.1,75.958,INT8,1,Stressed,tench,tench,1,0.3164,90.16,0.33,0
ImageNette|linucb_warm|1,ImageNette,linucb_warm,1,95,100.0,25.1,74.497,FP32,0,Stressed,tench,plastic bag,0,0.8379,133.05,0.323,1
ImageNette|linucb_warm|1,ImageNette,linucb_warm,1,96,100.0,25.1,74.984,FP32,0,Stressed,gas pump,ambulance,0,0.3753,130.11,0.331,0
ImageNette|linucb_warm|1,ImageNette,linucb_warm,1,97,100.0,25.1,74.984,INT8,1,Stressed,gas pump,street sign,0,0.0703,89.31,0.328,1
ImageNette|linucb_warm|1,ImageNette,linucb_warm,1,98,100.0,25.1,76.445,FP32,0,Stressed,church,church,1,0.7075,117.18,0.332,1
ImageNette|linucb_warm|1,ImageNette,linucb_warm,1,99,100.0,25.1,76.932,FP32,0,Stressed,golf ball,golf ball,1,0.6524,129.47,0.321,0
ImageNette|linucb_warm|2,ImageNette,linucb_warm,2,0,0.0,25.8,81.315,FP32,0,Normal,cassette player,cassette player,1,0.6148,64.84,0.314,0
ImageNette|linucb_warm|2,ImageNette,linucb_warm,2,1,0.0,25.8,78.88,INT8,1,Normal,gas pump,gas pump,1,0.668,45.45,0.308,1
ImageNette|linucb_warm|2,ImageNette,linucb_warm,2,2,0.0,25.7,78.393,INT8,1,Normal,garbage truck,garbage truck,1,0.8438,45.48,0.312,0
ImageNette|linucb_warm|2,ImageNette,linucb_warm,2,3,0.0,25.7,78.88,INT8,1,Normal,chain saw,street sign,0,0.1602,45.35,0.311,0
ImageNette|linucb_warm|2,ImageNette,linucb_warm,2,4,0.0,25.7,77.906,FP32,0,Normal,tench,tench,1,0.9637,64.78,0.37,1
ImageNette|linucb_warm|2,ImageNette,linucb_warm,2,5,2.0,25.7,76.932,FP32,0,Normal,tench,tench,1,0.8553,65.1,0.31,0
ImageNette|linucb_warm|2,ImageNette,linucb_warm,2,6,0.0,25.7,75.958,FP32,0,Normal,French horn,French horn,1,0.7895,65.2,0.31,0
ImageNette|linucb_warm|2,ImageNette,linucb_warm,2,7,2.0,25.7,76.445,FP32,0,Normal,cassette player,cassette player,1,0.4806,65.08,0.314,0
ImageNette|linucb_warm|2,ImageNette,linucb_warm,2,8,0.0,25.7,75.471,INT8,1,Normal,English springer,English springer,1,0.2695,45.41,0.312,1
ImageNette|linucb_warm|2,ImageNette,linucb_warm,2,9,0.0,25.7,74.497,FP32,0,Normal,cassette player,modem,0,0.318,65.47,0.312,1
ImageNette|linucb_warm|2,ImageNette,linucb_warm,2,10,0.0,25.7,74.984,INT8,1,Normal,parachute,parachute,1,0.9844,45.53,0.315,1
ImageNette|linucb_warm|2,ImageNette,linucb_warm,2,11,0.0,25.7,74.01,INT8,1,Normal,French horn,French horn,1,0.8438,45.43,0.311,0
ImageNette|linucb_warm|2,ImageNette,linucb_warm,2,12,0.0,25.7,74.984,INT8,1,Normal,garbage truck,patio,0,0.0625,45.41,0.314,0
ImageNette|linucb_warm|2,ImageNette,linucb_warm,2,13,0.0,25.7,74.01,FP32,0,Normal,English springer,English springer,1,0.25,107.06,0.772,1
ImageNette|linucb_warm|2,ImageNette,linucb_warm,2,14,2.0,25.7,74.01,INT8,1,Normal,chain saw,chain saw,1,0.2305,45.39,0.309,1
ImageNette|linucb_warm|2,ImageNette,linucb_warm,2,15,0.0,25.7,74.01,INT8,1,Normal,garbage truck,garbage truck,1,0.8477,45.39,0.313,0
ImageNette|linucb_warm|2,ImageNette,linucb_warm,2,16,0.0,25.7,72.549,INT8,1,Normal,English springer,wire-haired fox terrier,0,0.2148,45.41,0.311,0
ImageNette|linucb_warm|2,ImageNette,linucb_warm,2,17,0.0,25.7,73.036,FP32,0,Normal,garbage truck,garbage truck,1,0.6205,64.73,0.314,1
ImageNette|linucb_warm|2,ImageNette,linucb_warm,2,18,0.0,25.7,73.523,FP32,0,Normal,tench,tench,1,0.8855,64.88,0.313,0
ImageNette|linucb_warm|2,ImageNette,linucb_warm,2,19,0.0,25.7,72.549,FP32,0,Normal,chain saw,snowmobile,0,0.2455,64.65,0.312,0
ImageNette|linucb_warm|2,ImageNette,linucb_warm,2,20,0.0,25.7,71.575,INT8,1,Normal,chain saw,chain saw,1,0.9766,45.35,0.314,1
ImageNette|linucb_warm|2,ImageNette,linucb_warm,2,21,2.0,25.7,72.062,INT8,1,Normal,chain saw,chain saw,1,0.3398,45.4,0.314,0
ImageNette|linucb_warm|2,ImageNette,linucb_warm,2,22,0.0,25.7,71.575,INT8,1,Normal,cassette player,cassette player,1,0.4453,93.73,0.61,0
ImageNette|linucb_warm|2,ImageNette,linucb_warm,2,23,0.0,25.7,71.575,FP32,0,Normal,chain saw,chain saw,1,0.4287,64.47,0.312,1
ImageNette|linucb_warm|2,ImageNette,linucb_warm,2,24,0.0,25.7,71.088,INT8,1,Normal,golf ball,golf ball,1,0.8906,45.37,0.312,1
ImageNette|linucb_warm|2,ImageNette,linucb_warm,2,25,0.0,25.7,71.088,INT8,1,Normal,French horn,French horn,1,0.418,45.38,0.375,0
ImageNette|linucb_warm|2,ImageNette,linucb_warm,2,26,0.0,25.7,71.088,INT8,1,Normal,English springer,English springer,1,0.7578,45.39,0.312,0
ImageNette|linucb_warm|2,ImageNette,linucb_warm,2,27,0.0,25.7,71.575,INT8,1,Normal,cassette player,radio,0,0.3438,45.4,0.308,0
ImageNette|linucb_warm|2,ImageNette,linucb_warm,2,28,3.9,25.7,70.114,INT8,1,Normal,garbage truck,garbage truck,1,0.6719,45.39,0.316,0
ImageNette|linucb_warm|2,ImageNette,linucb_warm,2,29,0.0,25.7,69.627,INT8,1,Normal,tench,tench,1,0.9453,45.42,0.308,0
ImageNette|linucb_warm|2,ImageNette,linucb_warm,2,30,0.0,25.7,71.088,INT8,1,Normal,golf ball,golf ball,1,0.9062,45.42,0.31,0
ImageNette|linucb_warm|2,ImageNette,linucb_warm,2,31,0.0,25.7,70.114,INT8,1,Normal,French horn,French horn,1,0.5469,98.56,0.313,0
ImageNette|linucb_warm|2,ImageNette,linucb_warm,2,32,0.0,25.7,70.114,INT8,1,Normal,golf ball,golf ball,1,0.7695,45.4,0.313,0
ImageNette|linucb_warm|2,ImageNette,linucb_warm,2,33,2.0,25.7,69.14,INT8,1,Normal,cassette player,cassette player,1,0.625,45.4,0.311,0
ImageNette|linucb_warm|2,ImageNette,linucb_warm,2,34,0.0,25.7,70.601,INT8,1,Normal,golf ball,golf ball,1,0.9258,45.41,0.312,0
ImageNette|linucb_warm|2,ImageNette,linucb_warm,2,35,2.0,25.7,70.601,INT8,1,Normal,French horn,French horn,1,0.9219,45.44,0.311,0
ImageNette|linucb_warm|2,ImageNette,linucb_warm,2,36,0.0,25.7,69.14,INT8,1,Normal,French horn,French horn,1,0.8711,45.41,0.313,0
ImageNette|linucb_warm|2,ImageNette,linucb_warm,2,37,0.0,25.7,68.653,INT8,1,Normal,golf ball,golf ball,1,0.8711,45.49,0.314,0
ImageNette|linucb_warm|2,ImageNette,linucb_warm,2,38,2.0,25.7,70.114,INT8,1,Normal,parachute,parachute,1,0.5625,45.45,0.316,0
ImageNette|linucb_warm|2,ImageNette,linucb_warm,2,39,0.0,25.7,69.14,INT8,1,Normal,English springer,English springer,1,0.1523,45.39,0.316,0
ImageNette|linucb_warm|2,ImageNette,linucb_warm,2,40,100.0,25.8,75.958,INT8,1,Stressed,gas pump,gas pump,1,0.2188,89.37,4.356,0
ImageNette|linucb_warm|2,ImageNette,linucb_warm,2,41,100.0,25.8,76.445,FP32,0,Stressed,French horn,French horn,1,0.8986,128.48,0.324,1
ImageNette|linucb_warm|2,ImageNette,linucb_warm,2,42,100.0,25.8,77.906,FP32,0,Stressed,tench,tench,1,0.9158,130.12,0.327,0
ImageNette|linucb_warm|2,ImageNette,linucb_warm,2,43,100.0,25.8,77.906,INT8,1,Stressed,gas pump,moped,0,0.3945,94.09,0.319,1
ImageNette|linucb_warm|2,ImageNette,linucb_warm,2,44,100.0,25.8,79.367,FP32,0,Stressed,gas pump,gas pump,1,0.9698,135.02,0.32,1
ImageNette|linucb_warm|2,ImageNette,linucb_warm,2,45,100.0,25.8,80.341,FP32,0,Stressed,golf ball,golf ball,1,0.9341,125.99,0.339,0
ImageNette|linucb_warm|2,ImageNette,linucb_warm,2,46,100.0,25.8,81.802,FP32,0,Stressed,cassette player,cassette player,1,0.304,129.23,0.327,0
ImageNette|linucb_warm|2,ImageNette,linucb_warm,2,47,100.0,25.8,80.828,INT8,1,Stressed,English springer,clumber,0,0.3086,93.41,4.412,1
ImageNette|linucb_warm|2,ImageNette,linucb_warm,2,48,100.0,25.8,81.802,FP32,0,Stressed,tench,tench,1,0.1609,129.19,0.336,1
ImageNette|linucb_warm|2,ImageNette,linucb_warm,2,49,100.0,25.8,81.802,INT8,1,Stressed,French horn,cornet,0,0.5117,96.26,0.356,1
ImageNette|linucb_warm|2,ImageNette,linucb_warm,2,50,100.0,25.8,81.802,FP32,0,Stressed,cassette player,cassette player,1,0.942,135.39,0.358,1
ImageNette|linucb_warm|2,ImageNette,linucb_warm,2,51,100.0,25.8,83.263,FP32,0,Stressed,parachute,sarong,0,0.1213,135.22,0.335,0
ImageNette|linucb_warm|2,ImageNette,linucb_warm,2,52,100.0,25.8,82.289,INT8,1,Stressed,parachute,parachute,1,0.8438,100.81,0.351,1
ImageNette|linucb_warm|2,ImageNette,linucb_warm,2,53,100.0,25.8,83.75,INT8,1,Stressed,chain saw,chain saw,1,0.0547,100.79,0.358,0
ImageNette|linucb_warm|2,ImageNette,linucb_warm,2,54,100.0,25.8,82.776,FP32,0,Stressed,tench,tench,1,0.7481,121.59,0.356,1
ImageNette|linucb_warm|2,ImageNette,linucb_warm,2,55,100.0,25.8,83.263,FP32,0,Stressed,church,palace,0,0.3559,133.17,0.355,0
ImageNette|linucb_warm|2,ImageNette,linucb_warm,2,56,100.0,25.8,82.776,FP32,0,Stressed,French horn,French horn,1,0.9494,136.19,0.376,0
ImageNette|linucb_warm|2,ImageNette,linucb_warm,2,57,100.0,25.8,83.75,FP32,0,Stressed,garbage truck,garbage truck,1,0.4972,135.39,8.605,0
ImageNette|linucb_warm|2,ImageNette,linucb_warm,2,58,100.0,25.8,83.75,INT8,1,Stressed,gas pump,forklift,0,0.7031,102.15,0.37,1
ImageNette|linucb_warm|2,ImageNette,linucb_warm,2,59,100.0,25.8,82.289,INT8,1,Stressed,parachute,parachute,1,0.3242,101.35,0.363,0
ImageNette|linucb_warm|2,ImageNette,linucb_warm,2,60,100.0,25.8,83.263,FP32,0,Stressed,tench,tench,1,0.9192,138.83,0.351,1
ImageNette|linucb_warm|2,ImageNette,linucb_warm,2,61,100.0,25.8,82.776,FP32,0,Stressed,English springer,sloth bear,0,0.2391,136.53,0.363,0
ImageNette|linucb_warm|2,ImageNette,linucb_warm,2,62,100.0,25.8,83.263,INT8,1,Stressed,garbage truck,garbage truck,1,0.1797,95.84,0.363,1
ImageNette|linucb_warm|2,ImageNette,linucb_warm,2,63,100.0,25.8,82.776,FP32,0,Stressed,French horn,French horn,1,0.8855,141.91,0.357,1
ImageNette|linucb_warm|2,ImageNette,linucb_warm,2,64,100.0,25.8,83.263,FP32,0,Stressed,gas pump,gas pump,1,0.5836,122.95,0.358,0
ImageNette|linucb_warm|2,ImageNette,linucb_warm,2,65,100.0,25.8,83.263,FP32,0,Stressed,parachute,parachute,1,0.9439,136.84,4.427,0
ImageNette|linucb_warm|2,ImageNette,linucb_warm,2,66,100.0,25.8,83.263,FP32,0,Stressed,parachute,bubble,0,0.1968,135.97,4.538,0
ImageNette|linucb_warm|2,ImageNette,linucb_warm,2,67,100.0,25.8,83.75,INT8,1,Stressed,parachute,parachute,1,0.9844,96.95,0.369,1
ImageNette|linucb_warm|2,ImageNette,linucb_warm,2,68,100.0,25.8,82.776,INT8,1,Stressed,French horn,paper towel,0,0.0898,96.03,8.416,0
ImageNette|linucb_warm|2,ImageNette,linucb_warm,2,69,100.0,25.8,82.776,FP32,0,Stressed,tench,tench,1,0.7747,130.4,0.338,1
ImageNette|linucb_warm|2,ImageNette,linucb_warm,2,70,100.0,25.8,83.75,FP32,0,Stressed,gas pump,gas pump,1,0.2226,144.14,0.351,0
ImageNette|linucb_warm|2,ImageNette,linucb_warm,2,71,100.0,25.8,84.724,FP32,0,Stressed,golf ball,golf ball,1,0.9209,139.02,0.361,0
ImageNette|linucb_warm|2,ImageNette,linucb_warm,2,72,100.0,25.8,82.776,FP32,0,Stressed,garbage truck,garbage truck,1,0.5843,135.13,0.362,0
ImageNette|linucb_warm|2,ImageNette,linucb_warm,2,73,100.0,25.8,83.263,INT8,1,Stressed,chain saw,chain saw,1,0.9492,104.28,0.361,1
ImageNette|linucb_warm|2,ImageNette,linucb_warm,2,74,100.0,25.8,83.263,INT8,1,Stressed,French horn,French horn,1,0.9688,97.21,0.358,0
ImageNette|linucb_warm|2,ImageNette,linucb_warm,2,75,100.0,25.8,83.263,INT8,1,Stressed,tench,tench,1,0.6133,103.85,0.346,0
ImageNette|linucb_warm|2,ImageNette,linucb_warm,2,76,100.0,25.8,82.776,INT8,1,Stressed,tench,tench,1,0.4961,96.0,0.358,0
ImageNette|linucb_warm|2,ImageNette,linucb_warm,2,77,100.0,25.8,83.75,FP32,0,Stressed,church,church,1,0.8333,143.94,0.354,1
ImageNette|linucb_warm|2,ImageNette,linucb_warm,2,78,100.0,25.8,84.237,FP32,0,Stressed,golf ball,golf ball,1,0.8426,130.52,0.371,0
ImageNette|linucb_warm|2,ImageNette,linucb_warm,2,79,100.0,25.8,84.237,FP32,0,Stressed,parachute,parachute,1,0.8524,138.65,0.353,0
ImageNette|linucb_warm|2,ImageNette,linucb_warm,2,80,100.0,25.8,82.776,FP32,0,Stressed,church,church,1,0.3991,139.47,0.355,0
ImageNette|linucb_warm|2,ImageNette,linucb_warm,2,81,100.0,25.8,83.75,INT8,1,Stressed,golf ball,golf ball,1,0.1016,102.49,0.348,1
ImageNette|linucb_warm|2,ImageNette,linucb_warm,2,82,100.0,25.8,83.75,FP32,0,Stressed,golf ball,shower cap,0,0.1519,133.93,0.357,1
ImageNette|linucb_warm|2,ImageNette,linucb_warm,2,83,100.0,25.8,84.237,INT8,1,Stressed,English springer,German short-haired pointer,0,0.5664,100.61,0.347,1
ImageNette|linucb_warm|2,ImageNette,linucb_warm,2,84,100.0,25.8,84.237,FP32,0,Stressed,tench,tench,1,0.827,130.28,0.366,1
ImageNette|linucb_warm|2,ImageNette,linucb_warm,2,85,100.0,25.8,83.75,FP32,0,Stressed,garbage truck,garbage truck,1,0.7821,144.78,0.374,0
ImageNette|linucb_warm|2,ImageNette,linucb_warm,2,86,100.0,25.8,83.263,FP32,0,Stressed,parachute,parachute,1,0.9443,142.4,0.347,0
ImageNette|linucb_warm|2,ImageNette,linucb_warm,2,87,100.0,25.8,83.263,FP32,0,Stressed,cassette player,marimba,0,0.1479,144.22,0.388,0
ImageNette|linucb_warm|2,ImageNette,linucb_warm,2,88,100.0,25.8,84.237,INT8,1,Stressed,cassette player,printer,0,0.625,103.15,0.361,1
ImageNette|linucb_warm|2,ImageNette,linucb_warm,2,89,100.0,25.8,83.75,INT8,1,Stressed,tench,tench,1,0.707,104.1,0.361,0
ImageNette|linucb_warm|2,ImageNette,linucb_warm,2,90,100.0,25.8,83.75,FP32,0,Stressed,parachute,parachute,1,0.983,145.05,0.376,1
ImageNette|linucb_warm|2,ImageNette,linucb_warm,2,91,100.0,25.8,84.237,FP32,0,Stressed,gas pump,gas pump,1,0.2898,165.65,0.361,0
ImageNette|linucb_warm|2,ImageNette,linucb_warm,2,92,100.0,25.8,82.289,INT8,1,Stressed,English springer,standard schnauzer,0,0.1055,97.25,0.36,1
ImageNette|linucb_warm|2,ImageNette,linucb_warm,2,93,100.0,25.8,83.75,FP32,0,Stressed,gas pump,gas pump,1,0.868,143.12,0.371,1
ImageNette|linucb_warm|2,ImageNette,linucb_warm,2,94,100.0,25.8,82.776,FP32,0,Stressed,tench,tench,1,0.3967,132.03,0.365,0
ImageNette|linucb_warm|2,ImageNette,linucb_warm,2,95,100.0,25.8,83.75,FP32,0,Stressed,tench,plastic bag,0,0.8379,144.78,0.354,0
ImageNette|linucb_warm|2,ImageNette,linucb_warm,2,96,100.0,25.8,83.75,FP32,0,Stressed,gas pump,ambulance,0,0.3753,144.37,4.489,0
ImageNette|linucb_warm|2,ImageNette,linucb_warm,2,97,100.0,25.8,83.263,INT8,1,Stressed,gas pump,street sign,0,0.0703,96.88,0.371,1
ImageNette|linucb_warm|2,ImageNette,linucb_warm,2,98,100.0,25.8,84.237,FP32,0,Stressed,church,church,1,0.7075,130.54,0.367,1
ImageNette|linucb_warm|2,ImageNette,linucb_warm,2,99,100.0,25.8,84.237,FP32,0,Stressed,golf ball,golf ball,1,0.6524,139.23,0.367,0
ImageNette|linucb_warm|3,ImageNette,linucb_warm,3,0,0.0,25.8,81.315,FP32,0,Normal,cassette player,cassette player,1,0.6148,64.87,0.314,0
ImageNette|linucb_warm|3,ImageNette,linucb_warm,3,1,0.0,25.8,80.341,INT8,1,Normal,gas pump,gas pump,1,0.668,45.4,0.306,1
ImageNette|linucb_warm|3,ImageNette,linucb_warm,3,2,0.0,25.8,80.341,INT8,1,Normal,garbage truck,garbage truck,1,0.8438,45.39,0.309,0
ImageNette|linucb_warm|3,ImageNette,linucb_warm,3,3,0.0,25.8,77.906,FP32,0,Normal,chain saw,street sign,0,0.1295,64.75,0.311,1
ImageNette|linucb_warm|3,ImageNette,linucb_warm,3,4,0.0,25.8,77.419,INT8,1,Normal,tench,tench,1,0.9609,45.36,0.311,1
ImageNette|linucb_warm|3,ImageNette,linucb_warm,3,5,2.0,25.8,76.445,INT8,1,Normal,tench,tench,1,0.8438,97.38,0.751,0
ImageNette|linucb_warm|3,ImageNette,linucb_warm,3,6,0.0,25.8,76.445,INT8,1,Normal,French horn,French horn,1,0.8203,45.38,0.312,0
ImageNette|linucb_warm|3,ImageNette,linucb_warm,3,7,0.0,25.8,75.958,INT8,1,Normal,cassette player,cassette player,1,0.5703,45.4,0.31,0
ImageNette|linucb_warm|3,ImageNette,linucb_warm,3,8,0.0,25.8,76.932,INT8,1,Normal,English springer,English springer,1,0.2695,45.39,0.313,0
ImageNette|linucb_warm|3,ImageNette,linucb_warm,3,9,0.0,25.8,74.984,INT8,1,Normal,cassette player,modem,0,0.1797,45.54,0.311,0
ImageNette|linucb_warm|3,ImageNette,linucb_warm,3,10,2.0,25.8,74.497,FP32,0,Normal,parachute,parachute,1,0.9907,65.21,0.312,1
ImageNette|linucb_warm|3,ImageNette,linucb_warm,3,11,0.0,25.8,74.01,FP32,0,Normal,French horn,French horn,1,0.7794,65.1,0.373,0
ImageNette|linucb_warm|3,ImageNette,linucb_warm,3,12,0.0,25.8,75.471,FP32,0,Normal,garbage truck,mobile home,0,0.0621,65.14,0.313,0
ImageNette|linucb_warm|3,ImageNette,linucb_warm,3,13,0.0,25.8,74.497,INT8,1,Normal,English springer,English springer,1,0.2734,45.41,0.311,1
ImageNette|linucb_warm|3,ImageNette,linucb_warm,3,14,0.0,25.8,73.523,INT8,1,Normal,chain saw,chain saw,1,0.2305,96.57,0.309,0
ImageNette|linucb_warm|3,ImageNette,linucb_warm,3,15,0.0,25.8,73.523,FP32,0,Normal,garbage truck,garbage truck,1,0.9131,65.05,0.31,1
ImageNette|linucb_warm|3,ImageNette,linucb_warm,3,16,0.0,25.8,73.523,FP32,0,Normal,English springer,wire-haired fox terrier,0,0.1974,64.75,0.309,0
ImageNette|linucb_warm|3,ImageNette,linucb_warm,3,17,0.0,25.8,73.523,INT8,1,Normal,garbage truck,garbage truck,1,0.5977,45.38,0.311,1
ImageNette|linucb_warm|3,ImageNette,linucb_warm,3,18,0.0,25.8,73.036,INT8,1,Normal,tench,tench,1,0.8789,45.39,0.31,0
ImageNette|linucb_warm|3,ImageNette,linucb_warm,3,19,2.0,25.8,72.549,INT8,1,Normal,chain saw,snowmobile,0,0.1406,45.42,0.31,0
ImageNette|linucb_warm|3,ImageNette,linucb_warm,3,20,0.0,25.8,72.549,FP32,0,Normal,chain saw,chain saw,1,0.9898,64.78,0.311,1
ImageNette|linucb_warm|3,ImageNette,linucb_warm,3,21,0.0,25.8,72.549,FP32,0,Normal,chain saw,chain saw,1,0.4957,64.51,0.312,0
ImageNette|linucb_warm|3,ImageNette,linucb_warm,3,22,0.0,25.8,71.088,FP32,0,Normal,cassette player,loudspeaker,0,0.3373,64.64,0.31,0
ImageNette|linucb_warm|3,ImageNette,linucb_warm,3,23,0.0,25.8,72.062,INT8,1,Normal,chain saw,chain saw,1,0.4727,99.61,0.609,1
ImageNette|linucb_warm|3,ImageNette,linucb_warm,3,24,0.0,25.8,72.062,INT8,1,Normal,golf ball,golf ball,1,0.8906,45.4,0.313,0
ImageNette|linucb_warm|3,ImageNette,linucb_warm,3,25,0.0,25.8,71.088,INT8,1,Normal,French horn,French horn,1,0.418,45.4,0.312,0
ImageNette|linucb_warm|3,ImageNette,linucb_warm,3,26,2.0,25.8,71.088,INT8,1,Normal,English springer,English springer,1,0.7578,45.39,0.315,0
ImageNette|linucb_warm|3,ImageNette,linucb_warm,3,27,0.0,25.8,72.062,INT8,1,Normal,cassette player,radio,0,0.3438,45.43,0.314,0
ImageNette|linucb_warm|3,ImageNette,linucb_warm,3,28,0.0,25.8,70.601,FP32,0,Normal,garbage truck,garbage truck,1,0.7635,64.66,0.31,1
ImageNette|linucb_warm|3,ImageNette,linucb_warm,3,29,0.0,25.8,71.575,FP32,0,Normal,tench,tench,1,0.9563,65.03,0.315,0
ImageNette|linucb_warm|3,ImageNette,linucb_warm,3,30,0.0,25.8,71.088,FP32,0,Normal,golf ball,golf ball,1,0.8779,64.52,0.31,0
ImageNette|linucb_warm|3,ImageNette,linucb_warm,3,31,0.0,25.8,70.601,FP32,0,Normal,French horn,French horn,1,0.7019,64.68,0.312,0
ImageNette|linucb_warm|3,ImageNette,linucb_warm,3,32,0.0,25.8,70.601,FP32,0,Normal,golf ball,golf ball,1,0.9662,110.26,0.481,0
ImageNette|linucb_warm|3,ImageNette,linucb_warm,3,33,0.0,25.8,70.114,FP32,0,Normal,cassette player,cassette player,1,0.5805,64.9,0.31,0
ImageNette|linucb_warm|3,ImageNette,linucb_warm,3,34,0.0,25.8,71.088,FP32,0,Normal,golf ball,golf ball,1,0.8831,65.07,0.315,0
ImageNette|linucb_warm|3,ImageNette,linucb_warm,3,35,0.0,25.8,70.114,FP32,0,Normal,French horn,French horn,1,0.9398,64.92,0.312,0
ImageNette|linucb_warm|3,ImageNette,linucb_warm,3,36,0.0,25.8,69.627,FP32,0,Normal,French horn,French horn,1,0.9176,65.04,0.312,0
ImageNette|linucb_warm|3,ImageNette,linucb_warm,3,37,0.0,25.8,70.114,FP32,0,Normal,golf ball,golf ball,1,0.9336,65.04,0.31,0
ImageNette|linucb_warm|3,ImageNette,linucb_warm,3,38,0.0,25.8,69.627,FP32,0,Normal,parachute,parachute,1,0.8589,64.93,0.313,0
ImageNette|linucb_warm|3,ImageNette,linucb_warm,3,39,2.0,25.8,69.627,FP32,0,Normal,English springer,Brittany spaniel,0,0.1223,65.12,0.315,0
ImageNette|linucb_warm|3,ImageNette,linucb_warm,3,40,100.0,26.2,76.445,FP32,0,Stressed,gas pump,gas pump,1,0.3287,128.92,0.325,0
ImageNette|linucb_warm|3,ImageNette,linucb_warm,3,41,100.0,26.2,77.906,INT8,1,Stressed,French horn,French horn,1,0.9336,93.47,0.329,1
ImageNette|linucb_warm|3,ImageNette,linucb_warm,3,42,100.0,26.2,78.393,INT8,1,Stressed,tench,tench,1,0.918,90.25,0.323,0
ImageNette|linucb_warm|3,ImageNette,linucb_warm,3,43,100.0,26.2,77.419,FP32,0,Stressed,gas pump,moped,0,0.3624,122.3,0.319,1
ImageNette|linucb_warm|3,ImageNette,linucb_warm,3,44,100.0,26.2,78.88,INT8,1,Stressed,gas pump,gas pump,1,0.9688,93.75,0.32,1
ImageNette|linucb_warm|3,ImageNette,linucb_warm,3,45,100.0,26.2,79.854,INT8,1,Stressed,golf ball,golf ball,1,0.9297,89.79,0.318,0
ImageNette|linucb_warm|3,ImageNette,linucb_warm,3,46,100.0,26.2,79.854,INT8,1,Stressed,cassette player,carton,0,0.1797,89.6,0.329,0
ImageNette|linucb_warm|3,ImageNette,linucb_warm,3,47,100.0,26.2,82.289,FP32,0,Stressed,English springer,English springer,1,0.392,130.78,0.34,1
ImageNette|linucb_warm|3,ImageNette,linucb_warm,3,48,100.0,26.2,83.263,INT8,1,Stressed,tench,tench,1,0.2305,94.57,0.337,1
ImageNette|linucb_warm|3,ImageNette,linucb_warm,3,49,100.0,26.2,81.802,FP32,0,Stressed,French horn,cornet,0,0.421,130.83,0.336,1
ImageNette|linucb_warm|3,ImageNette,linucb_warm,3,50,100.0,26.2,81.802,INT8,1,Stressed,cassette player,cassette player,1,0.9453,89.58,0.366,1
ImageNette|linucb_warm|3,ImageNette,linucb_warm,3,51,100.0,26.2,82.289,INT8,1,Stressed,parachute,miniskirt,0,0.2188,90.68,0.361,0
ImageNette|linucb_warm|3,ImageNette,linucb_warm,3,52,100.0,26.2,81.802,FP32,0,Stressed,parachute,parachute,1,0.8609,135.76,0.336,1
ImageNette|linucb_warm|3,ImageNette,linucb_warm,3,53,100.0,26.2,82.289,FP32,0,Stressed,chain saw,chain saw,1,0.052,135.55,0.347,0
ImageNette|linucb_warm|3,ImageNette,linucb_warm,3,54,100.0,26.2,82.776,INT8,1,Stressed,tench,tench,1,0.7227,95.28,0.337,1
ImageNette|linucb_warm|3,ImageNette,linucb_warm,3,55,100.0,26.2,83.263,INT8,1,Stressed,church,palace,0,0.3047,96.62,0.345,0
ImageNette|linucb_warm|3,ImageNette,linucb_warm,3,56,100.0,26.2,82.289,FP32,0,Stressed,French horn,French horn,1,0.9494,145.09,0.333,1
ImageNette|linucb_warm|3,ImageNette,linucb_warm,3,57,100.0,26.2,82.776,FP32,0,Stressed,garbage truck,garbage truck,1,0.4972,137.86,0.349,0
ImageNette|linucb_warm|3,ImageNette,linucb_warm,3,58,100.0,26.2,81.802,INT8,1,Stressed,gas pump,forklift,0,0.7031,97.89,4.547,1
ImageNette|linucb_warm|3,ImageNette,linucb_warm,3,59,100.0,26.2,84.237,FP32,0,Stressed,parachute,parachute,1,0.3177,144.28,4.383,1
ImageNette|linucb_warm|3,ImageNette,linucb_warm,3,60,100.0,26.2,82.289,INT8,1,Stressed,tench,tench,1,0.9297,97.48,0.364,1
ImageNette|linucb_warm|3,ImageNette,linucb_warm,3,61,100.0,26.2,82.776,INT8,1,Stressed,English springer,sloth bear,0,0.375,91.6,0.35,0
ImageNette|linucb_warm|3,ImageNette,linucb_warm,3,62,100.0,26.2,83.263,INT8,1,Stressed,garbage truck,garbage truck,1,0.1797,95.71,0.339,0
ImageNette|linucb_warm|3,ImageNette,linucb_warm,3,63,100.0,26.2,83.263,FP32,0,Stressed,French horn,French horn,1,0.8855,142.52,0.363,1
ImageNette|linucb_warm|3,ImageNette,linucb_warm,3,64,100.0,26.2,83.75,FP32,0,Stressed,gas pump,gas pump,1,0.5836,143.13,0.358,0
ImageNette|linucb_warm|3,ImageNette,linucb_warm,3,65,100.0,26.2,83.75,INT8,1,Stressed,parachute,parachute,1,0.9219,101.98,0.394,1
ImageNette|linucb_warm|3,ImageNette,linucb_warm,3,66,100.0,26.2,82.289,INT8,1,Stressed,parachute,sandbar,0,0.2578,100.91,0.39,0
ImageNette|linucb_warm|3,ImageNette,linucb_warm,3,67,100.0,26.2,83.75,FP32,0,Stressed,parachute,parachute,1,0.9766,138.66,0.355,1
ImageNette|linucb_warm|3,ImageNette,linucb_warm,3,68,100.0,26.2,83.75,FP32,0,Stressed,French horn,paper towel,0,0.125,141.85,0.381,0
ImageNette|linucb_warm|3,ImageNette,linucb_warm,3,69,100.0,26.2,83.263,INT8,1,Stressed,tench,tench,1,0.7773,103.03,0.367,1
ImageNette|linucb_warm|3,ImageNette,linucb_warm,3,70,100.0,26.2,83.75,INT8,1,Stressed,gas pump,vending machine,0,0.2266,98.18,0.357,0
ImageNette|linucb_warm|3,ImageNette,linucb_warm,3,71,100.0,26.2,83.75,FP32,0,Stressed,golf ball,golf ball,1,0.9209,91.42,0.353,1
ImageNette|linucb_warm|3,ImageNette,linucb_warm,3,72,100.0,26.2,84.724,FP32,0,Stressed,garbage truck,garbage truck,1,0.5843,141.19,0.374,0
ImageNette|linucb_warm|3,ImageNette,linucb_warm,3,73,100.0,26.2,83.263,FP32,0,Stressed,chain saw,chain saw,1,0.9989,132.42,0.359,0
ImageNette|linucb_warm|3,ImageNette,linucb_warm,3,74,100.0,26.2,83.263,FP32,0,Stressed,French horn,French horn,1,0.9705,133.39,0.353,0
ImageNette|linucb_warm|3,ImageNette,linucb_warm,3,75,100.0,26.2,83.75,FP32,0,Stressed,tench,tench,1,0.6226,131.79,0.368,0
ImageNette|linucb_warm|3,ImageNette,linucb_warm,3,76,100.0,26.2,83.263,FP32,0,Stressed,tench,tench,1,0.4544,116.29,0.349,0
ImageNette|linucb_warm|3,ImageNette,linucb_warm,3,77,100.0,26.2,83.75,INT8,1,Stressed,church,church,1,0.8164,97.91,0.382,1
ImageNette|linucb_warm|3,ImageNette,linucb_warm,3,78,100.0,26.2,84.237,INT8,1,Stressed,golf ball,golf ball,1,0.8203,102.79,0.341,0
ImageNette|linucb_warm|3,ImageNette,linucb_warm,3,79,100.0,26.2,83.263,INT8,1,Stressed,parachute,parachute,1,0.8047,101.47,0.348,0
ImageNette|linucb_warm|3,ImageNette,linucb_warm,3,80,100.0,26.2,83.75,INT8,1,Stressed,church,church,1,0.3672,101.75,0.352,0
ImageNette|linucb_warm|3,ImageNette,linucb_warm,3,81,100.0,26.2,83.263,FP32,0,Stressed,golf ball,golf ball,1,0.7063,144.3,0.399,1
ImageNette|linucb_warm|3,ImageNette,linucb_warm,3,82,100.0,26.2,83.75,FP32,0,Stressed,golf ball,shower cap,0,0.1519,145.01,0.346,0
ImageNette|linucb_warm|3,ImageNette,linucb_warm,3,83,100.0,26.2,83.75,INT8,1,Stressed,English springer,German short-haired pointer,0,0.5664,101.88,0.365,1
ImageNette|linucb_warm|3,ImageNette,linucb_warm,3,84,100.0,26.2,83.75,INT8,1,Stressed,tench,tench,1,0.7305,97.01,0.36,0
ImageNette|linucb_warm|3,ImageNette,linucb_warm,3,85,100.0,26.2,83.263,INT8,1,Stressed,garbage truck,garbage truck,1,0.7188,98.15,0.369,0
ImageNette|linucb_warm|3,ImageNette,linucb_warm,3,86,100.0,26.2,83.75,FP32,0,Stressed,parachute,parachute,1,0.9443,143.43,0.449,1
ImageNette|linucb_warm|3,ImageNette,linucb_warm,3,87,100.0,26.2,83.263,FP32,0,Stressed,cassette player,marimba,0,0.1479,133.95,4.77,0
ImageNette|linucb_warm|3,ImageNette,linucb_warm,3,88,100.0,26.2,84.237,INT8,1,Stressed,cassette player,printer,0,0.625,95.14,0.359,1
ImageNette|linucb_warm|3,ImageNette,linucb_warm,3,89,100.0,26.2,83.263,INT8,1,Stressed,tench,tench,1,0.707,98.09,0.359,0
ImageNette|linucb_warm|3,ImageNette,linucb_warm,3,90,100.0,26.2,84.237,INT8,1,Stressed,parachute,parachute,1,0.957,104.99,0.403,0
ImageNette|linucb_warm|3,ImageNette,linucb_warm,3,91,100.0,26.2,83.263,INT8,1,Stressed,gas pump,gas pump,1,0.1016,101.88,0.349,0
ImageNette|linucb_warm|3,ImageNette,linucb_warm,3,92,100.0,26.2,83.263,FP32,0,Stressed,English springer,English setter,0,0.0983,138.96,0.342,1
ImageNette|linucb_warm|3,ImageNette,linucb_warm,3,93,100.0,26.2,83.263,INT8,1,Stressed,gas pump,gas pump,1,0.8203,102.64,0.362,1
ImageNette|linucb_warm|3,ImageNette,linucb_warm,3,94,100.0,26.2,83.263,INT8,1,Stressed,tench,tench,1,0.3164,97.01,0.362,0
ImageNette|linucb_warm|3,ImageNette,linucb_warm,3,95,100.0,26.2,83.75,INT8,1,Stressed,tench,plastic bag,0,0.9336,102.43,0.404,0
ImageNette|linucb_warm|3,ImageNette,linucb_warm,3,96,100.0,26.2,84.237,INT8,1,Stressed,gas pump,ambulance,0,0.332,102.85,0.359,0
ImageNette|linucb_warm|3,ImageNette,linucb_warm,3,97,100.0,26.2,83.263,FP32,0,Stressed,gas pump,street sign,0,0.1799,130.46,0.719,1
ImageNette|linucb_warm|3,ImageNette,linucb_warm,3,98,100.0,26.2,82.776,INT8,1,Stressed,church,church,1,0.7109,145.5,0.382,1
ImageNette|linucb_warm|3,ImageNette,linucb_warm,3,99,100.0,26.2,82.776,INT8,1,Stressed,golf ball,golf ball,1,0.7852,98.53,0.357,0
ImageNette|eightsignal_cold|1,ImageNette,eightsignal_cold,1,0,0.0,24.9,75.958,FP32,0,Normal,cassette player,cassette player,1,0.6148,65.12,0.35,0
ImageNette|eightsignal_cold|1,ImageNette,eightsignal_cold,1,1,0.0,25.1,75.958,INT8,1,Normal,gas pump,gas pump,1,0.668,45.42,0.354,1
ImageNette|eightsignal_cold|1,ImageNette,eightsignal_cold,1,2,0.0,25.0,74.984,INT8,1,Normal,garbage truck,garbage truck,1,0.8438,45.43,0.44,0
ImageNette|eightsignal_cold|1,ImageNette,eightsignal_cold,1,3,0.0,25.0,73.036,INT8,1,Normal,chain saw,street sign,0,0.1602,45.42,0.416,0
ImageNette|eightsignal_cold|1,ImageNette,eightsignal_cold,1,4,0.0,24.9,72.549,FP32,0,Normal,tench,tench,1,0.9637,65.27,0.423,1
ImageNette|eightsignal_cold|1,ImageNette,eightsignal_cold,1,5,0.0,24.7,70.601,FP32,0,Normal,tench,tench,1,0.8553,65.27,0.425,0
ImageNette|eightsignal_cold|1,ImageNette,eightsignal_cold,1,6,0.0,24.9,70.601,FP32,0,Normal,French horn,French horn,1,0.7895,65.15,0.423,0
ImageNette|eightsignal_cold|1,ImageNette,eightsignal_cold,1,7,0.0,24.9,70.114,FP32,0,Normal,cassette player,cassette player,1,0.4806,65.14,0.431,0
ImageNette|eightsignal_cold|1,ImageNette,eightsignal_cold,1,8,0.0,24.9,70.601,INT8,1,Normal,English springer,English springer,1,0.2695,82.8,1.019,1
ImageNette|eightsignal_cold|1,ImageNette,eightsignal_cold,1,9,0.0,24.9,69.14,INT8,1,Normal,cassette player,modem,0,0.1797,45.4,0.131,0
ImageNette|eightsignal_cold|1,ImageNette,eightsignal_cold,1,10,0.0,24.9,68.653,INT8,1,Normal,parachute,parachute,1,0.9844,45.4,0.132,0
ImageNette|eightsignal_cold|1,ImageNette,eightsignal_cold,1,11,0.0,24.8,68.653,FP32,0,Normal,French horn,French horn,1,0.7794,65.17,0.439,1
ImageNette|eightsignal_cold|1,ImageNette,eightsignal_cold,1,12,0.0,24.8,68.653,FP32,0,Normal,garbage truck,mobile home,0,0.0621,65.17,0.439,0
ImageNette|eightsignal_cold|1,ImageNette,eightsignal_cold,1,13,0.0,24.8,67.192,FP32,0,Normal,English springer,English springer,1,0.25,65.16,0.127,0
ImageNette|eightsignal_cold|1,ImageNette,eightsignal_cold,1,14,0.0,24.8,68.166,INT8,1,Normal,chain saw,chain saw,1,0.2305,45.42,0.492,1
ImageNette|eightsignal_cold|1,ImageNette,eightsignal_cold,1,15,0.0,24.8,67.192,INT8,1,Normal,garbage truck,garbage truck,1,0.8477,45.42,0.439,0
ImageNette|eightsignal_cold|1,ImageNette,eightsignal_cold,1,16,0.0,24.8,67.192,INT8,1,Normal,English springer,wire-haired fox terrier,0,0.2148,45.43,0.437,0
ImageNette|eightsignal_cold|1,ImageNette,eightsignal_cold,1,17,0.0,24.8,65.731,FP32,0,Normal,garbage truck,garbage truck,1,0.6205,110.45,0.437,1
ImageNette|eightsignal_cold|1,ImageNette,eightsignal_cold,1,18,0.0,24.8,66.218,FP32,0,Normal,tench,tench,1,0.8855,65.17,0.492,0
ImageNette|eightsignal_cold|1,ImageNette,eightsignal_cold,1,19,0.0,24.8,65.731,FP32,0,Normal,chain saw,snowmobile,0,0.2455,65.1,0.436,0
ImageNette|eightsignal_cold|1,ImageNette,eightsignal_cold,1,20,0.0,24.8,67.192,INT8,1,Normal,chain saw,chain saw,1,0.9766,45.5,0.486,1
ImageNette|eightsignal_cold|1,ImageNette,eightsignal_cold,1,21,0.0,24.8,64.757,INT8,1,Normal,chain saw,chain saw,1,0.3398,45.43,0.437,0
ImageNette|eightsignal_cold|1,ImageNette,eightsignal_cold,1,22,0.0,24.8,65.244,INT8,1,Normal,cassette player,cassette player,1,0.4453,45.47,0.437,0
ImageNette|eightsignal_cold|1,ImageNette,eightsignal_cold,1,23,0.0,24.8,65.731,FP32,0,Normal,chain saw,chain saw,1,0.4287,65.29,0.439,1
ImageNette|eightsignal_cold|1,ImageNette,eightsignal_cold,1,24,0.0,24.8,65.244,INT8,1,Normal,golf ball,golf ball,1,0.8906,45.42,0.432,1
ImageNette|eightsignal_cold|1,ImageNette,eightsignal_cold,1,25,0.0,24.8,63.783,INT8,1,Normal,French horn,French horn,1,0.418,45.56,0.436,0
ImageNette|eightsignal_cold|1,ImageNette,eightsignal_cold,1,26,0.0,24.8,63.783,INT8,1,Normal,English springer,English springer,1,0.7578,78.33,0.891,0
ImageNette|eightsignal_cold|1,ImageNette,eightsignal_cold,1,27,0.0,24.8,64.27,FP32,0,Normal,cassette player,radio,0,0.3819,108.98,1.026,1
ImageNette|eightsignal_cold|1,ImageNette,eightsignal_cold,1,28,0.0,24.8,64.757,INT8,1,Normal,garbage truck,garbage truck,1,0.6719,45.46,0.437,1
ImageNette|eightsignal_cold|1,ImageNette,eightsignal_cold,1,29,0.0,24.8,63.296,INT8,1,Normal,tench,tench,1,0.9453,45.42,0.437,0
ImageNette|eightsignal_cold|1,ImageNette,eightsignal_cold,1,30,0.0,24.8,63.296,INT8,1,Normal,golf ball,golf ball,1,0.9062,45.43,0.436,0
ImageNette|eightsignal_cold|1,ImageNette,eightsignal_cold,1,31,2.0,24.8,64.27,INT8,1,Normal,French horn,French horn,1,0.5469,45.44,0.13,0
ImageNette|eightsignal_cold|1,ImageNette,eightsignal_cold,1,32,0.0,24.8,63.296,FP32,0,Normal,golf ball,golf ball,1,0.9662,65.18,0.133,1
ImageNette|eightsignal_cold|1,ImageNette,eightsignal_cold,1,33,0.0,24.8,62.322,INT8,1,Normal,cassette player,cassette player,1,0.625,45.43,0.444,1
ImageNette|eightsignal_cold|1,ImageNette,eightsignal_cold,1,34,0.0,24.8,63.296,INT8,1,Normal,golf ball,golf ball,1,0.9258,45.42,0.44,0
ImageNette|eightsignal_cold|1,ImageNette,eightsignal_cold,1,35,0.0,24.8,63.783,INT8,1,Normal,French horn,French horn,1,0.9219,45.42,0.438,0
ImageNette|eightsignal_cold|1,ImageNette,eightsignal_cold,1,36,0.0,24.8,62.809,INT8,1,Normal,French horn,French horn,1,0.8711,97.91,0.434,0
ImageNette|eightsignal_cold|1,ImageNette,eightsignal_cold,1,37,0.0,24.8,63.296,INT8,1,Normal,golf ball,golf ball,1,0.8711,45.46,0.443,0
ImageNette|eightsignal_cold|1,ImageNette,eightsignal_cold,1,38,0.0,24.8,63.296,INT8,1,Normal,parachute,parachute,1,0.5625,45.42,0.434,0
ImageNette|eightsignal_cold|1,ImageNette,eightsignal_cold,1,39,0.0,24.8,62.809,INT8,1,Normal,English springer,English springer,1,0.1523,45.42,0.439,0
ImageNette|eightsignal_cold|1,ImageNette,eightsignal_cold,1,40,100.0,25.1,69.627,INT8,1,Stressed,gas pump,gas pump,1,0.2188,93.43,0.137,0
ImageNette|eightsignal_cold|1,ImageNette,eightsignal_cold,1,41,100.0,25.1,71.088,INT8,1,Stressed,French horn,French horn,1,0.9336,89.42,0.46,0
ImageNette|eightsignal_cold|1,ImageNette,eightsignal_cold,1,42,100.0,25.1,72.062,INT8,1,Stressed,tench,tench,1,0.918,93.89,0.132,0
ImageNette|eightsignal_cold|1,ImageNette,eightsignal_cold,1,43,100.0,25.1,73.523,INT8,1,Stressed,gas pump,moped,0,0.3945,94.09,0.132,0
ImageNette|eightsignal_cold|1,ImageNette,eightsignal_cold,1,44,100.0,25.1,72.549,FP32,0,Stressed,gas pump,gas pump,1,0.9698,115.22,0.454,1
ImageNette|eightsignal_cold|1,ImageNette,eightsignal_cold,1,45,100.0,25.1,73.523,INT8,1,Stressed,golf ball,golf ball,1,0.9297,93.74,0.132,1
ImageNette|eightsignal_cold|1,ImageNette,eightsignal_cold,1,46,100.0,25.1,74.01,INT8,1,Stressed,cassette player,carton,0,0.1797,89.57,0.466,0
ImageNette|eightsignal_cold|1,ImageNette,eightsignal_cold,1,47,100.0,25.1,74.01,INT8,1,Stressed,English springer,clumber,0,0.3086,89.84,0.459,0
ImageNette|eightsignal_cold|1,ImageNette,eightsignal_cold,1,48,100.0,25.1,75.958,FP32,0,Stressed,tench,tench,1,0.1609,118.81,0.469,1
ImageNette|eightsignal_cold|1,ImageNette,eightsignal_cold,1,49,100.0,25.2,74.01,FP32,0,Stressed,French horn,cornet,0,0.421,133.77,0.463,0
ImageNette|eightsignal_cold|1,ImageNette,eightsignal_cold,1,50,100.0,25.2,75.958,INT8,1,Stressed,cassette player,cassette player,1,0.9453,93.4,0.134,1
ImageNette|eightsignal_cold|1,ImageNette,eightsignal_cold,1,51,100.0,25.2,76.445,INT8,1,Stressed,parachute,miniskirt,0,0.2188,93.62,4.163,0
ImageNette|eightsignal_cold|1,ImageNette,eightsignal_cold,1,52,100.0,25.2,76.932,INT8,1,Stressed,parachute,parachute,1,0.8438,89.54,0.454,0
ImageNette|eightsignal_cold|1,ImageNette,eightsignal_cold,1,53,100.0,25.2,75.958,INT8,1,Stressed,chain saw,chain saw,1,0.0547,89.95,0.129,0
ImageNette|eightsignal_cold|1,ImageNette,eightsignal_cold,1,54,100.0,25.2,77.419,FP32,0,Stressed,tench,tench,1,0.7481,134.4,4.478,1
ImageNette|eightsignal_cold|1,ImageNette,eightsignal_cold,1,55,100.0,25.2,76.445,INT8,1,Stressed,church,palace,0,0.3047,89.56,4.163,1
ImageNette|eightsignal_cold|1,ImageNette,eightsignal_cold,1,56,100.0,25.2,76.932,INT8,1,Stressed,French horn,French horn,1,0.9727,94.22,0.443,0
ImageNette|eightsignal_cold|1,ImageNette,eightsignal_cold,1,57,100.0,25.2,77.906,INT8,1,Stressed,garbage truck,garbage truck,1,0.3906,93.88,0.131,0
ImageNette|eightsignal_cold|1,ImageNette,eightsignal_cold,1,58,100.0,25.2,77.906,INT8,1,Stressed,gas pump,forklift,0,0.7031,89.61,0.458,0
ImageNette|eightsignal_cold|1,ImageNette,eightsignal_cold,1,59,100.0,25.2,77.906,INT8,1,Stressed,parachute,parachute,1,0.3242,93.71,0.132,0
ImageNette|eightsignal_cold|1,ImageNette,eightsignal_cold,1,60,100.0,25.2,78.393,FP32,0,Stressed,tench,tench,1,0.9192,133.78,0.465,1
ImageNette|eightsignal_cold|1,ImageNette,eightsignal_cold,1,61,100.0,25.2,77.906,INT8,1,Stressed,English springer,sloth bear,0,0.375,93.58,0.132,1
ImageNette|eightsignal_cold|1,ImageNette,eightsignal_cold,1,62,100.0,25.2,78.393,INT8,1,Stressed,garbage truck,garbage truck,1,0.1797,89.45,0.457,0
ImageNette|eightsignal_cold|1,ImageNette,eightsignal_cold,1,63,100.0,25.2,79.367,INT8,1,Stressed,French horn,French horn,1,0.9141,93.39,0.525,0
ImageNette|eightsignal_cold|1,ImageNette,eightsignal_cold,1,64,100.0,25.2,79.367,INT8,1,Stressed,gas pump,gas pump,1,0.6719,89.43,0.13,0
ImageNette|eightsignal_cold|1,ImageNette,eightsignal_cold,1,65,100.0,25.2,78.88,FP32,0,Stressed,parachute,parachute,1,0.9439,118.36,0.439,1
ImageNette|eightsignal_cold|1,ImageNette,eightsignal_cold,1,66,100.0,25.2,78.88,INT8,1,Stressed,parachute,sandbar,0,0.2578,90.11,0.13,1
ImageNette|eightsignal_cold|1,ImageNette,eightsignal_cold,1,67,100.0,25.2,79.854,INT8,1,Stressed,parachute,parachute,1,0.9844,89.43,0.446,0
ImageNette|eightsignal_cold|1,ImageNette,eightsignal_cold,1,68,100.0,25.2,80.341,INT8,1,Stressed,French horn,paper towel,0,0.0898,89.44,0.148,0
ImageNette|eightsignal_cold|1,ImageNette,eightsignal_cold,1,69,100.0,25.2,79.367,FP32,0,Stressed,tench,tench,1,0.7747,122.39,0.455,1
ImageNette|eightsignal_cold|1,ImageNette,eightsignal_cold,1,70,100.0,25.2,79.854,FP32,0,Stressed,gas pump,gas pump,1,0.2226,133.57,0.454,0
ImageNette|eightsignal_cold|1,ImageNette,eightsignal_cold,1,71,100.0,25.2,79.367,INT8,1,Stressed,golf ball,golf ball,1,0.9062,93.99,0.459,1
ImageNette|eightsignal_cold|1,ImageNette,eightsignal_cold,1,72,100.0,25.2,80.341,INT8,1,Stressed,garbage truck,garbage truck,1,0.5977,89.74,0.133,0
ImageNette|eightsignal_cold|1,ImageNette,eightsignal_cold,1,73,100.0,25.2,80.341,INT8,1,Stressed,chain saw,chain saw,1,0.9492,89.66,4.489,0
ImageNette|eightsignal_cold|1,ImageNette,eightsignal_cold,1,74,100.0,25.2,80.828,INT8,1,Stressed,French horn,French horn,1,0.9688,93.97,0.134,0
ImageNette|eightsignal_cold|1,ImageNette,eightsignal_cold,1,75,100.0,25.2,80.828,INT8,1,Stressed,tench,tench,1,0.6133,90.51,0.129,0
ImageNette|eightsignal_cold|1,ImageNette,eightsignal_cold,1,76,100.0,25.2,80.828,FP32,0,Stressed,tench,tench,1,0.4544,133.66,0.509,1
ImageNette|eightsignal_cold|1,ImageNette,eightsignal_cold,1,77,100.0,25.2,80.828,INT8,1,Stressed,church,church,1,0.8164,93.71,0.136,1
ImageNette|eightsignal_cold|1,ImageNette,eightsignal_cold,1,78,100.0,25.2,80.828,INT8,1,Stressed,golf ball,golf ball,1,0.8203,90.38,0.469,0
ImageNette|eightsignal_cold|1,ImageNette,eightsignal_cold,1,79,100.0,25.2,80.341,INT8,1,Stressed,parachute,parachute,1,0.8047,89.59,0.466,0
ImageNette|eightsignal_cold|1,ImageNette,eightsignal_cold,1,80,100.0,25.2,81.315,INT8,1,Stressed,church,church,1,0.3672,89.44,0.137,0
ImageNette|eightsignal_cold|1,ImageNette,eightsignal_cold,1,81,100.0,25.2,80.828,FP32,0,Stressed,golf ball,golf ball,1,0.7063,117.18,0.465,1
ImageNette|eightsignal_cold|1,ImageNette,eightsignal_cold,1,82,100.0,24.9,81.315,INT8,1,Stressed,golf ball,bathing cap,0,0.1328,89.52,0.477,1
ImageNette|eightsignal_cold|1,ImageNette,eightsignal_cold,1,83,100.0,25.1,81.315,INT8,1,Stressed,English springer,German short-haired pointer,0,0.5664,93.7,4.481,0
ImageNette|eightsignal_cold|1,ImageNette,eightsignal_cold,1,84,100.0,25.1,79.854,INT8,1,Stressed,tench,tench,1,0.7305,95.55,0.438,0
ImageNette|eightsignal_cold|1,ImageNette,eightsignal_cold,1,85,100.0,25.1,81.802,INT8,1,Stressed,garbage truck,garbage truck,1,0.7188,94.68,0.129,0
ImageNette|eightsignal_cold|1,ImageNette,eightsignal_cold,1,86,100.0,25.1,80.828,FP32,0,Stressed,parachute,parachute,1,0.9443,135.61,0.44,1
ImageNette|eightsignal_cold|1,ImageNette,eightsignal_cold,1,87,100.0,25.1,81.315,INT8,1,Stressed,cassette player,marimba,0,0.1289,90.11,0.147,1
ImageNette|eightsignal_cold|1,ImageNette,eightsignal_cold,1,88,100.0,25.1,81.802,INT8,1,Stressed,cassette player,printer,0,0.625,94.35,0.45,0
ImageNette|eightsignal_cold|1,ImageNette,eightsignal_cold,1,89,100.0,25.1,81.802,INT8,1,Stressed,tench,tench,1,0.707,94.2,0.134,0
ImageNette|eightsignal_cold|1,ImageNette,eightsignal_cold,1,90,100.0,25.1,81.315,INT8,1,Stressed,parachute,parachute,1,0.957,94.47,4.159,0
ImageNette|eightsignal_cold|1,ImageNette,eightsignal_cold,1,91,100.0,25.1,80.828,INT8,1,Stressed,gas pump,gas pump,1,0.1016,95.44,0.142,0
ImageNette|eightsignal_cold|1,ImageNette,eightsignal_cold,1,92,100.0,25.1,81.315,FP32,0,Stressed,English springer,English setter,0,0.0983,129.74,0.462,1
ImageNette|eightsignal_cold|1,ImageNette,eightsignal_cold,1,93,100.0,25.1,81.315,FP32,0,Stressed,gas pump,gas pump,1,0.868,130.88,0.447,0
ImageNette|eightsignal_cold|1,ImageNette,eightsignal_cold,1,94,100.0,25.2,80.341,INT8,1,Stressed,tench,tench,1,0.3164,89.83,0.141,1
ImageNette|eightsignal_cold|1,ImageNette,eightsignal_cold,1,95,100.0,25.2,80.828,INT8,1,Stressed,tench,plastic bag,0,0.9336,89.75,0.136,0
ImageNette|eightsignal_cold|1,ImageNette,eightsignal_cold,1,96,100.0,25.2,81.802,INT8,1,Stressed,gas pump,ambulance,0,0.332,93.77,0.134,0
ImageNette|eightsignal_cold|1,ImageNette,eightsignal_cold,1,97,100.0,25.2,82.289,INT8,1,Stressed,gas pump,street sign,0,0.0703,90.45,0.144,0
ImageNette|eightsignal_cold|1,ImageNette,eightsignal_cold,1,98,100.0,25.2,80.828,FP32,0,Stressed,church,church,1,0.7075,85.25,4.547,1
ImageNette|eightsignal_cold|1,ImageNette,eightsignal_cold,1,99,100.0,25.2,80.828,INT8,1,Stressed,golf ball,golf ball,1,0.7852,89.73,0.134,1
ImageNette|eightsignal_cold|2,ImageNette,eightsignal_cold,2,0,0.0,25.6,81.315,FP32,0,Normal,cassette player,cassette player,1,0.6148,65.35,0.343,0
ImageNette|eightsignal_cold|2,ImageNette,eightsignal_cold,2,1,0.0,25.6,79.854,INT8,1,Normal,gas pump,gas pump,1,0.668,45.64,0.345,1
ImageNette|eightsignal_cold|2,ImageNette,eightsignal_cold,2,2,0.0,25.6,78.88,INT8,1,Normal,garbage truck,garbage truck,1,0.8438,45.43,0.412,0
ImageNette|eightsignal_cold|2,ImageNette,eightsignal_cold,2,3,0.0,25.6,77.906,INT8,1,Normal,chain saw,street sign,0,0.1602,45.41,0.42,0
ImageNette|eightsignal_cold|2,ImageNette,eightsignal_cold,2,4,0.0,25.6,77.419,FP32,0,Normal,tench,tench,1,0.9637,65.33,0.419,1
ImageNette|eightsignal_cold|2,ImageNette,eightsignal_cold,2,5,0.0,25.6,76.932,FP32,0,Normal,tench,tench,1,0.8553,110.16,1.051,0
ImageNette|eightsignal_cold|2,ImageNette,eightsignal_cold,2,6,0.0,25.6,75.471,FP32,0,Normal,French horn,French horn,1,0.7895,65.11,0.423,0
ImageNette|eightsignal_cold|2,ImageNette,eightsignal_cold,2,7,0.0,25.6,74.984,FP32,0,Normal,cassette player,cassette player,1,0.4806,65.13,0.432,0
ImageNette|eightsignal_cold|2,ImageNette,eightsignal_cold,2,8,0.0,25.6,75.471,INT8,1,Normal,English springer,English springer,1,0.2695,45.46,0.507,1
ImageNette|eightsignal_cold|2,ImageNette,eightsignal_cold,2,9,0.0,25.6,74.01,INT8,1,Normal,cassette player,modem,0,0.1797,45.44,0.435,0
ImageNette|eightsignal_cold|2,ImageNette,eightsignal_cold,2,10,2.0,25.6,74.984,INT8,1,Normal,parachute,parachute,1,0.9844,45.43,0.444,0
ImageNette|eightsignal_cold|2,ImageNette,eightsignal_cold,2,11,0.0,25.6,74.01,FP32,0,Normal,French horn,French horn,1,0.7794,65.28,0.437,1
ImageNette|eightsignal_cold|2,ImageNette,eightsignal_cold,2,12,0.0,25.6,74.01,FP32,0,Normal,garbage truck,mobile home,0,0.0621,65.15,0.432,0
ImageNette|eightsignal_cold|2,ImageNette,eightsignal_cold,2,13,0.0,25.6,73.523,INT8,1,Normal,English springer,English springer,1,0.2734,45.42,0.438,1
ImageNette|eightsignal_cold|2,ImageNette,eightsignal_cold,2,14,0.0,25.6,72.549,INT8,1,Normal,chain saw,chain saw,1,0.2305,96.07,0.437,0
ImageNette|eightsignal_cold|2,ImageNette,eightsignal_cold,2,15,2.0,25.6,73.036,INT8,1,Normal,garbage truck,garbage truck,1,0.8477,45.43,0.437,0
ImageNette|eightsignal_cold|2,ImageNette,eightsignal_cold,2,16,0.0,25.6,73.036,FP32,0,Normal,English springer,wire-haired fox terrier,0,0.1974,65.15,0.438,1
ImageNette|eightsignal_cold|2,ImageNette,eightsignal_cold,2,17,0.0,25.6,72.062,FP32,0,Normal,garbage truck,garbage truck,1,0.6205,65.02,0.436,0
ImageNette|eightsignal_cold|2,ImageNette,eightsignal_cold,2,18,0.0,25.6,72.062,INT8,1,Normal,tench,tench,1,0.8789,45.47,0.439,1
ImageNette|eightsignal_cold|2,ImageNette,eightsignal_cold,2,19,0.0,25.6,72.062,INT8,1,Normal,chain saw,snowmobile,0,0.1406,45.42,0.436,0
ImageNette|eightsignal_cold|2,ImageNette,eightsignal_cold,2,20,0.0,25.6,72.062,INT8,1,Normal,chain saw,chain saw,1,0.9766,45.39,0.44,0
ImageNette|eightsignal_cold|2,ImageNette,eightsignal_cold,2,21,0.0,25.6,72.062,INT8,1,Normal,chain saw,chain saw,1,0.3398,45.39,0.498,0
ImageNette|eightsignal_cold|2,ImageNette,eightsignal_cold,2,22,0.0,25.6,71.088,FP32,0,Normal,cassette player,loudspeaker,0,0.3373,65.02,0.439,1
ImageNette|eightsignal_cold|2,ImageNette,eightsignal_cold,2,23,0.0,25.6,70.601,INT8,1,Normal,chain saw,chain saw,1,0.4727,67.78,0.887,1
ImageNette|eightsignal_cold|2,ImageNette,eightsignal_cold,2,24,0.0,25.6,70.601,INT8,1,Normal,golf ball,golf ball,1,0.8906,45.39,0.439,0
ImageNette|eightsignal_cold|2,ImageNette,eightsignal_cold,2,25,0.0,25.6,71.088,INT8,1,Normal,French horn,French horn,1,0.418,45.4,0.437,0
ImageNette|eightsignal_cold|2,ImageNette,eightsignal_cold,2,26,0.0,25.6,70.601,FP32,0,Normal,English springer,English springer,1,0.7752,65.18,0.436,1
ImageNette|eightsignal_cold|2,ImageNette,eightsignal_cold,2,27,0.0,25.6,70.114,FP32,0,Normal,cassette player,radio,0,0.3819,65.09,0.436,0
ImageNette|eightsignal_cold|2,ImageNette,eightsignal_cold,2,28,0.0,25.6,69.627,INT8,1,Normal,garbage truck,garbage truck,1,0.6719,45.41,0.437,1
ImageNette|eightsignal_cold|2,ImageNette,eightsignal_cold,2,29,0.0,25.6,71.575,INT8,1,Normal,tench,tench,1,0.9453,45.38,0.432,0
ImageNette|eightsignal_cold|2,ImageNette,eightsignal_cold,2,30,0.0,25.6,70.114,INT8,1,Normal,golf ball,golf ball,1,0.9062,45.39,0.435,0
ImageNette|eightsignal_cold|2,ImageNette,eightsignal_cold,2,31,2.0,25.6,69.627,INT8,1,Normal,French horn,French horn,1,0.5469,45.39,0.438,0
ImageNette|eightsignal_cold|2,ImageNette,eightsignal_cold,2,32,0.0,25.6,69.14,INT8,1,Normal,golf ball,golf ball,1,0.7695,70.07,0.921,0
ImageNette|eightsignal_cold|2,ImageNette,eightsignal_cold,2,33,0.0,25.6,69.627,INT8,1,Normal,cassette player,cassette player,1,0.625,45.42,0.51,0
ImageNette|eightsignal_cold|2,ImageNette,eightsignal_cold,2,34,0.0,25.6,69.14,INT8,1,Normal,golf ball,golf ball,1,0.9258,45.42,0.437,0
ImageNette|eightsignal_cold|2,ImageNette,eightsignal_cold,2,35,0.0,25.6,70.114,INT8,1,Normal,French horn,French horn,1,0.9219,45.5,0.435,0
ImageNette|eightsignal_cold|2,ImageNette,eightsignal_cold,2,36,0.0,25.6,69.14,INT8,1,Normal,French horn,French horn,1,0.8711,45.44,0.499,0
ImageNette|eightsignal_cold|2,ImageNette,eightsignal_cold,2,37,0.0,25.6,69.14,INT8,1,Normal,golf ball,golf ball,1,0.8711,45.45,0.441,0
ImageNette|eightsignal_cold|2,ImageNette,eightsignal_cold,2,38,2.0,25.6,69.627,INT8,1,Normal,parachute,parachute,1,0.5625,45.38,0.442,0
ImageNette|eightsignal_cold|2,ImageNette,eightsignal_cold,2,39,0.0,25.6,69.14,FP32,0,Normal,English springer,Brittany spaniel,0,0.1223,65.09,0.133,1
ImageNette|eightsignal_cold|2,ImageNette,eightsignal_cold,2,40,100.0,26.0,75.958,INT8,1,Stressed,gas pump,gas pump,1,0.2188,93.42,0.139,1
ImageNette|eightsignal_cold|2,ImageNette,eightsignal_cold,2,41,100.0,26.0,75.958,INT8,1,Stressed,French horn,French horn,1,0.9336,89.41,0.462,0
ImageNette|eightsignal_cold|2,ImageNette,eightsignal_cold,2,42,100.0,26.0,77.906,INT8,1,Stressed,tench,tench,1,0.918,93.7,0.134,0
ImageNette|eightsignal_cold|2,ImageNette,eightsignal_cold,2,43,100.0,26.0,78.393,INT8,1,Stressed,gas pump,moped,0,0.3945,89.41,0.132,0
ImageNette|eightsignal_cold|2,ImageNette,eightsignal_cold,2,44,100.0,26.0,77.906,FP32,0,Stressed,gas pump,gas pump,1,0.9698,118.29,0.448,1
ImageNette|eightsignal_cold|2,ImageNette,eightsignal_cold,2,45,100.0,26.0,78.393,INT8,1,Stressed,golf ball,golf ball,1,0.9297,94.33,0.445,1
ImageNette|eightsignal_cold|2,ImageNette,eightsignal_cold,2,46,100.0,26.0,80.341,INT8,1,Stressed,cassette player,carton,0,0.1797,89.9,0.133,0
ImageNette|eightsignal_cold|2,ImageNette,eightsignal_cold,2,47,100.0,26.0,80.828,INT8,1,Stressed,English springer,clumber,0,0.3086,93.76,0.454,0
ImageNette|eightsignal_cold|2,ImageNette,eightsignal_cold,2,48,100.0,26.0,81.315,INT8,1,Stressed,tench,tench,1,0.2305,86.66,0.133,0
ImageNette|eightsignal_cold|2,ImageNette,eightsignal_cold,2,49,100.0,26.0,81.315,FP32,0,Stressed,French horn,cornet,0,0.421,129.65,0.453,1
ImageNette|eightsignal_cold|2,ImageNette,eightsignal_cold,2,50,100.0,26.0,80.828,INT8,1,Stressed,cassette player,cassette player,1,0.9453,92.93,0.144,1
ImageNette|eightsignal_cold|2,ImageNette,eightsignal_cold,2,51,100.0,26.0,81.802,INT8,1,Stressed,parachute,miniskirt,0,0.2188,94.2,0.137,0
ImageNette|eightsignal_cold|2,ImageNette,eightsignal_cold,2,52,100.0,26.0,82.776,INT8,1,Stressed,parachute,parachute,1,0.8438,94.53,0.5,0
ImageNette|eightsignal_cold|2,ImageNette,eightsignal_cold,2,53,100.0,26.0,81.802,INT8,1,Stressed,chain saw,chain saw,1,0.0547,93.46,0.133,0
ImageNette|eightsignal_cold|2,ImageNette,eightsignal_cold,2,54,100.0,26.0,83.75,FP32,0,Stressed,tench,tench,1,0.7481,136.31,0.492,1
ImageNette|eightsignal_cold|2,ImageNette,eightsignal_cold,2,55,100.0,26.0,82.776,INT8,1,Stressed,church,palace,0,0.3047,96.51,0.134,1
ImageNette|eightsignal_cold|2,ImageNette,eightsignal_cold,2,56,100.0,26.0,82.776,INT8,1,Stressed,French horn,French horn,1,0.9727,95.56,0.483,0
ImageNette|eightsignal_cold|2,ImageNette,eightsignal_cold,2,57,100.0,26.0,82.776,INT8,1,Stressed,garbage truck,garbage truck,1,0.3906,95.64,0.143,0
ImageNette|eightsignal_cold|2,ImageNette,eightsignal_cold,2,58,100.0,26.0,82.776,INT8,1,Stressed,gas pump,forklift,0,0.7031,95.21,0.135,0
ImageNette|eightsignal_cold|2,ImageNette,eightsignal_cold,2,59,100.0,26.0,83.263,FP32,0,Stressed,parachute,parachute,1,0.3177,128.2,0.514,1
ImageNette|eightsignal_cold|2,ImageNette,eightsignal_cold,2,60,100.0,26.0,82.776,INT8,1,Stressed,tench,tench,1,0.9297,95.7,0.14,1
ImageNette|eightsignal_cold|2,ImageNette,eightsignal_cold,2,61,100.0,26.0,83.75,INT8,1,Stressed,English springer,sloth bear,0,0.375,98.4,0.142,0
ImageNette|eightsignal_cold|2,ImageNette,eightsignal_cold,2,62,100.0,26.0,82.776,INT8,1,Stressed,garbage truck,garbage truck,1,0.1797,97.97,0.495,0
ImageNette|eightsignal_cold|2,ImageNette,eightsignal_cold,2,63,100.0,26.0,82.289,FP32,0,Stressed,French horn,French horn,1,0.8855,120.03,0.492,1
ImageNette|eightsignal_cold|2,ImageNette,eightsignal_cold,2,64,100.0,26.0,83.263,INT8,1,Stressed,gas pump,gas pump,1,0.6719,95.83,0.139,1
ImageNette|eightsignal_cold|2,ImageNette,eightsignal_cold,2,65,100.0,26.0,83.263,INT8,1,Stressed,parachute,parachute,1,0.9219,95.98,0.495,0
ImageNette|eightsignal_cold|2,ImageNette,eightsignal_cold,2,66,100.0,26.0,83.263,INT8,1,Stressed,parachute,sandbar,0,0.2578,96.16,0.142,0
ImageNette|eightsignal_cold|2,ImageNette,eightsignal_cold,2,67,100.0,26.0,82.289,FP32,0,Stressed,parachute,parachute,1,0.9766,134.47,4.589,1
ImageNette|eightsignal_cold|2,ImageNette,eightsignal_cold,2,68,100.0,26.0,83.263,INT8,1,Stressed,French horn,paper towel,0,0.0898,95.82,0.142,1
ImageNette|eightsignal_cold|2,ImageNette,eightsignal_cold,2,69,100.0,26.0,84.237,INT8,1,Stressed,tench,tench,1,0.7773,100.14,0.496,0
ImageNette|eightsignal_cold|2,ImageNette,eightsignal_cold,2,70,100.0,26.0,83.75,INT8,1,Stressed,gas pump,vending machine,0,0.2266,96.23,0.141,0
ImageNette|eightsignal_cold|2,ImageNette,eightsignal_cold,2,71,100.0,26.0,82.776,FP32,0,Stressed,golf ball,golf ball,1,0.9209,138.13,0.5,1
ImageNette|eightsignal_cold|2,ImageNette,eightsignal_cold,2,72,100.0,26.0,83.263,INT8,1,Stressed,garbage truck,garbage truck,1,0.5977,96.79,0.145,1
ImageNette|eightsignal_cold|2,ImageNette,eightsignal_cold,2,73,100.0,26.0,82.776,INT8,1,Stressed,chain saw,chain saw,1,0.9492,98.67,0.536,0
ImageNette|eightsignal_cold|2,ImageNette,eightsignal_cold,2,74,100.0,26.0,83.263,INT8,1,Stressed,French horn,French horn,1,0.9688,96.8,0.146,0
ImageNette|eightsignal_cold|2,ImageNette,eightsignal_cold,2,75,100.0,26.0,83.75,INT8,1,Stressed,tench,tench,1,0.6133,96.12,0.149,0
ImageNette|eightsignal_cold|2,ImageNette,eightsignal_cold,2,76,100.0,26.0,84.237,FP32,0,Stressed,tench,tench,1,0.4544,136.88,0.51,1
ImageNette|eightsignal_cold|2,ImageNette,eightsignal_cold,2,77,100.0,26.0,83.75,INT8,1,Stressed,church,church,1,0.8164,70.33,0.145,1
ImageNette|eightsignal_cold|2,ImageNette,eightsignal_cold,2,78,100.0,26.0,83.263,INT8,1,Stressed,golf ball,golf ball,1,0.8203,101.51,0.143,0
ImageNette|eightsignal_cold|2,ImageNette,eightsignal_cold,2,79,100.0,26.0,83.75,INT8,1,Stressed,parachute,parachute,1,0.8047,97.83,0.565,0
ImageNette|eightsignal_cold|2,ImageNette,eightsignal_cold,2,80,100.0,26.0,83.75,INT8,1,Stressed,church,church,1,0.3672,102.74,0.145,0
ImageNette|eightsignal_cold|2,ImageNette,eightsignal_cold,2,81,100.0,26.0,84.237,INT8,1,Stressed,golf ball,golf ball,1,0.1016,96.85,0.487,0
ImageNette|eightsignal_cold|2,ImageNette,eightsignal_cold,2,82,100.0,26.0,84.724,FP32,0,Stressed,golf ball,shower cap,0,0.1519,138.61,0.491,1
ImageNette|eightsignal_cold|2,ImageNette,eightsignal_cold,2,83,100.0,26.0,84.237,INT8,1,Stressed,English springer,German short-haired pointer,0,0.5664,99.7,4.651,1
ImageNette|eightsignal_cold|2,ImageNette,eightsignal_cold,2,84,100.0,26.0,84.237,INT8,1,Stressed,tench,tench,1,0.7305,101.62,0.141,0
ImageNette|eightsignal_cold|2,ImageNette,eightsignal_cold,2,85,100.0,26.0,83.75,INT8,1,Stressed,garbage truck,garbage truck,1,0.7188,97.32,0.489,0
ImageNette|eightsignal_cold|2,ImageNette,eightsignal_cold,2,86,100.0,26.0,83.75,INT8,1,Stressed,parachute,parachute,1,0.918,97.39,0.139,0
ImageNette|eightsignal_cold|2,ImageNette,eightsignal_cold,2,87,100.0,26.0,83.75,INT8,1,Stressed,cassette player,marimba,0,0.1289,97.3,4.179,0
ImageNette|eightsignal_cold|2,ImageNette,eightsignal_cold,2,88,100.0,26.0,83.263,FP32,0,Stressed,cassette player,printer,0,0.7214,142.98,0.503,1
ImageNette|eightsignal_cold|2,ImageNette,eightsignal_cold,2,89,100.0,26.0,83.75,INT8,1,Stressed,tench,tench,1,0.707,101.13,0.145,1
ImageNette|eightsignal_cold|2,ImageNette,eightsignal_cold,2,90,100.0,26.0,83.75,INT8,1,Stressed,parachute,parachute,1,0.957,101.93,0.487,0
ImageNette|eightsignal_cold|2,ImageNette,eightsignal_cold,2,91,100.0,26.0,84.237,INT8,1,Stressed,gas pump,gas pump,1,0.1016,98.21,0.145,0
ImageNette|eightsignal_cold|2,ImageNette,eightsignal_cold,2,92,100.0,26.0,83.75,FP32,0,Stressed,English springer,English setter,0,0.0983,145.13,0.509,1
ImageNette|eightsignal_cold|2,ImageNette,eightsignal_cold,2,93,100.0,26.0,84.237,INT8,1,Stressed,gas pump,gas pump,1,0.8203,102.13,0.476,1
ImageNette|eightsignal_cold|2,ImageNette,eightsignal_cold,2,94,100.0,26.0,84.237,INT8,1,Stressed,tench,tench,1,0.3164,103.74,0.153,0
ImageNette|eightsignal_cold|2,ImageNette,eightsignal_cold,2,95,100.0,26.0,84.724,INT8,1,Stressed,tench,plastic bag,0,0.9336,102.1,0.494,0
ImageNette|eightsignal_cold|2,ImageNette,eightsignal_cold,2,96,100.0,26.0,83.263,INT8,1,Stressed,gas pump,ambulance,0,0.332,102.41,0.141,0
ImageNette|eightsignal_cold|2,ImageNette,eightsignal_cold,2,97,100.0,26.0,83.75,INT8,1,Stressed,gas pump,street sign,0,0.0703,101.17,0.479,0
ImageNette|eightsignal_cold|2,ImageNette,eightsignal_cold,2,98,100.0,26.0,83.263,FP32,0,Stressed,church,church,1,0.7075,144.87,0.504,1
ImageNette|eightsignal_cold|2,ImageNette,eightsignal_cold,2,99,100.0,26.0,82.776,INT8,1,Stressed,golf ball,golf ball,1,0.7852,98.63,0.147,1
ImageNette|eightsignal_cold|3,ImageNette,eightsignal_cold,3,0,0.0,25.8,80.341,FP32,0,Normal,cassette player,cassette player,1,0.6148,65.25,0.345,0
ImageNette|eightsignal_cold|3,ImageNette,eightsignal_cold,3,1,0.0,25.8,79.367,INT8,1,Normal,gas pump,gas pump,1,0.668,45.42,0.342,1
ImageNette|eightsignal_cold|3,ImageNette,eightsignal_cold,3,2,2.0,25.8,78.88,INT8,1,Normal,garbage truck,garbage truck,1,0.8438,45.38,0.105,0
ImageNette|eightsignal_cold|3,ImageNette,eightsignal_cold,3,3,0.0,25.8,77.906,INT8,1,Normal,chain saw,street sign,0,0.1602,45.46,0.412,0
ImageNette|eightsignal_cold|3,ImageNette,eightsignal_cold,3,4,0.0,25.8,76.932,FP32,0,Normal,tench,tench,1,0.9637,65.12,0.417,1
ImageNette|eightsignal_cold|3,ImageNette,eightsignal_cold,3,5,2.0,25.8,77.419,FP32,0,Normal,tench,tench,1,0.8553,65.2,0.424,0
ImageNette|eightsignal_cold|3,ImageNette,eightsignal_cold,3,6,0.0,25.8,76.932,FP32,0,Normal,French horn,French horn,1,0.7895,98.05,0.653,0
ImageNette|eightsignal_cold|3,ImageNette,eightsignal_cold,3,7,0.0,25.8,75.471,FP32,0,Normal,cassette player,cassette player,1,0.4806,65.13,0.433,0
ImageNette|eightsignal_cold|3,ImageNette,eightsignal_cold,3,8,0.0,25.8,75.471,INT8,1,Normal,English springer,English springer,1,0.2695,45.41,0.433,1
ImageNette|eightsignal_cold|3,ImageNette,eightsignal_cold,3,9,0.0,25.8,74.497,INT8,1,Normal,cassette player,modem,0,0.1797,45.41,0.437,0
ImageNette|eightsignal_cold|3,ImageNette,eightsignal_cold,3,10,0.0,25.8,74.497,INT8,1,Normal,parachute,parachute,1,0.9844,45.4,0.433,0
ImageNette|eightsignal_cold|3,ImageNette,eightsignal_cold,3,11,0.0,25.8,73.036,FP32,0,Normal,French horn,French horn,1,0.7794,65.21,0.433,1
ImageNette|eightsignal_cold|3,ImageNette,eightsignal_cold,3,12,2.0,25.8,74.497,FP32,0,Normal,garbage truck,mobile home,0,0.0621,65.18,0.438,0
ImageNette|eightsignal_cold|3,ImageNette,eightsignal_cold,3,13,0.0,25.8,73.036,FP32,0,Normal,English springer,English springer,1,0.25,65.19,0.131,0
ImageNette|eightsignal_cold|3,ImageNette,eightsignal_cold,3,14,0.0,25.8,73.523,FP32,0,Normal,chain saw,chain saw,1,0.3724,65.15,0.129,0
ImageNette|eightsignal_cold|3,ImageNette,eightsignal_cold,3,15,0.0,25.8,73.036,INT8,1,Normal,garbage truck,garbage truck,1,0.8477,63.66,0.901,1
ImageNette|eightsignal_cold|3,ImageNette,eightsignal_cold,3,16,0.0,25.8,74.01,INT8,1,Normal,English springer,wire-haired fox terrier,0,0.2148,45.4,0.504,0
ImageNette|eightsignal_cold|3,ImageNette,eightsignal_cold,3,17,0.0,25.8,72.062,INT8,1,Normal,garbage truck,garbage truck,1,0.5977,45.42,0.444,0
ImageNette|eightsignal_cold|3,ImageNette,eightsignal_cold,3,18,0.0,25.8,73.036,FP32,0,Normal,tench,tench,1,0.8855,65.22,0.436,1
ImageNette|eightsignal_cold|3,ImageNette,eightsignal_cold,3,19,0.0,25.8,72.062,FP32,0,Normal,chain saw,snowmobile,0,0.2455,65.28,0.439,0
ImageNette|eightsignal_cold|3,ImageNette,eightsignal_cold,3,20,0.0,25.8,72.549,INT8,1,Normal,chain saw,chain saw,1,0.9766,45.39,0.441,1
ImageNette|eightsignal_cold|3,ImageNette,eightsignal_cold,3,21,2.0,25.8,71.088,INT8,1,Normal,chain saw,chain saw,1,0.3398,45.4,0.439,0
ImageNette|eightsignal_cold|3,ImageNette,eightsignal_cold,3,22,0.0,25.8,72.062,INT8,1,Normal,cassette player,cassette player,1,0.4453,45.38,0.441,0
ImageNette|eightsignal_cold|3,ImageNette,eightsignal_cold,3,23,2.0,25.8,71.575,FP32,0,Normal,chain saw,chain saw,1,0.4287,65.12,0.436,1
ImageNette|eightsignal_cold|3,ImageNette,eightsignal_cold,3,24,0.0,25.8,71.088,FP32,0,Normal,golf ball,golf ball,1,0.7976,111.94,0.129,0
ImageNette|eightsignal_cold|3,ImageNette,eightsignal_cold,3,25,0.0,25.8,70.601,INT8,1,Normal,French horn,French horn,1,0.418,45.48,0.438,1
ImageNette|eightsignal_cold|3,ImageNette,eightsignal_cold,3,26,0.0,25.8,71.575,INT8,1,Normal,English springer,English springer,1,0.7578,45.4,0.438,0
ImageNette|eightsignal_cold|3,ImageNette,eightsignal_cold,3,27,0.0,25.8,69.627,INT8,1,Normal,cassette player,radio,0,0.3438,45.42,0.442,0
ImageNette|eightsignal_cold|3,ImageNette,eightsignal_cold,3,28,2.0,25.8,70.601,FP32,0,Normal,garbage truck,garbage truck,1,0.7635,64.95,0.44,1
ImageNette|eightsignal_cold|3,ImageNette,eightsignal_cold,3,29,0.0,25.8,71.088,FP32,0,Normal,tench,tench,1,0.9563,65.1,0.435,0
ImageNette|eightsignal_cold|3,ImageNette,eightsignal_cold,3,30,0.0,25.8,71.088,FP32,0,Normal,golf ball,golf ball,1,0.8779,65.01,0.433,0
ImageNette|eightsignal_cold|3,ImageNette,eightsignal_cold,3,31,0.0,25.8,70.601,FP32,0,Normal,French horn,French horn,1,0.7019,64.99,0.435,0
ImageNette|eightsignal_cold|3,ImageNette,eightsignal_cold,3,32,0.0,25.8,69.627,FP32,0,Normal,golf ball,golf ball,1,0.9662,65.04,0.435,0
ImageNette|eightsignal_cold|3,ImageNette,eightsignal_cold,3,33,0.0,25.8,71.088,FP32,0,Normal,cassette player,cassette player,1,0.5805,110.86,0.996,0
ImageNette|eightsignal_cold|3,ImageNette,eightsignal_cold,3,34,0.0,25.8,70.114,FP32,0,Normal,golf ball,golf ball,1,0.8831,65.05,0.438,0
ImageNette|eightsignal_cold|3,ImageNette,eightsignal_cold,3,35,0.0,25.8,69.627,FP32,0,Normal,French horn,French horn,1,0.9398,64.95,0.436,0
ImageNette|eightsignal_cold|3,ImageNette,eightsignal_cold,3,36,2.0,25.8,70.601,INT8,1,Normal,French horn,French horn,1,0.8711,45.4,0.133,1
ImageNette|eightsignal_cold|3,ImageNette,eightsignal_cold,3,37,0.0,25.8,70.114,INT8,1,Normal,golf ball,golf ball,1,0.8711,45.41,0.435,0
ImageNette|eightsignal_cold|3,ImageNette,eightsignal_cold,3,38,0.0,25.8,70.114,INT8,1,Normal,parachute,parachute,1,0.5625,45.4,0.444,0
ImageNette|eightsignal_cold|3,ImageNette,eightsignal_cold,3,39,0.0,25.8,70.601,FP32,0,Normal,English springer,Brittany spaniel,0,0.1223,64.96,0.436,1
ImageNette|eightsignal_cold|3,ImageNette,eightsignal_cold,3,40,100.0,26.2,76.445,INT8,1,Stressed,gas pump,gas pump,1,0.2188,89.4,0.137,1
ImageNette|eightsignal_cold|3,ImageNette,eightsignal_cold,3,41,100.0,26.2,76.445,INT8,1,Stressed,French horn,French horn,1,0.9336,89.39,0.457,0
ImageNette|eightsignal_cold|3,ImageNette,eightsignal_cold,3,42,100.0,26.2,77.906,INT8,1,Stressed,tench,tench,1,0.918,89.86,4.15,0
ImageNette|eightsignal_cold|3,ImageNette,eightsignal_cold,3,43,100.0,26.2,77.906,INT8,1,Stressed,gas pump,moped,0,0.3945,89.42,0.128,0
ImageNette|eightsignal_cold|3,ImageNette,eightsignal_cold,3,44,100.0,26.2,79.367,FP32,0,Stressed,gas pump,gas pump,1,0.9698,129.72,0.445,1
ImageNette|eightsignal_cold|3,ImageNette,eightsignal_cold,3,45,100.0,26.2,79.854,FP32,0,Stressed,golf ball,golf ball,1,0.9341,94.66,0.443,0
ImageNette|eightsignal_cold|3,ImageNette,eightsignal_cold,3,46,100.0,26.2,80.828,INT8,1,Stressed,cassette player,carton,0,0.1797,93.68,0.136,1
ImageNette|eightsignal_cold|3,ImageNette,eightsignal_cold,3,47,100.0,26.2,81.802,INT8,1,Stressed,English springer,clumber,0,0.3086,89.6,0.489,0
ImageNette|eightsignal_cold|3,ImageNette,eightsignal_cold,3,48,100.0,26.2,81.315,INT8,1,Stressed,tench,tench,1,0.2305,89.99,0.474,0
ImageNette|eightsignal_cold|3,ImageNette,eightsignal_cold,3,49,100.0,26.2,81.802,INT8,1,Stressed,French horn,cornet,0,0.5117,95.38,0.134,0
ImageNette|eightsignal_cold|3,ImageNette,eightsignal_cold,3,50,100.0,26.2,81.802,FP32,0,Stressed,cassette player,cassette player,1,0.942,129.7,0.491,1
ImageNette|eightsignal_cold|3,ImageNette,eightsignal_cold,3,51,100.0,26.2,82.289,INT8,1,Stressed,parachute,miniskirt,0,0.2188,94.01,0.134,1
ImageNette|eightsignal_cold|3,ImageNette,eightsignal_cold,3,52,100.0,26.2,82.289,INT8,1,Stressed,parachute,parachute,1,0.8438,90.32,0.527,0
ImageNette|eightsignal_cold|3,ImageNette,eightsignal_cold,3,53,100.0,26.2,83.263,INT8,1,Stressed,chain saw,chain saw,1,0.0547,95.86,0.134,0
ImageNette|eightsignal_cold|3,ImageNette,eightsignal_cold,3,54,100.0,26.2,82.289,FP32,0,Stressed,tench,tench,1,0.7481,115.94,0.484,1
ImageNette|eightsignal_cold|3,ImageNette,eightsignal_cold,3,55,100.0,26.2,83.75,INT8,1,Stressed,church,palace,0,0.3047,90.08,0.14,1
ImageNette|eightsignal_cold|3,ImageNette,eightsignal_cold,3,56,100.0,26.2,81.802,INT8,1,Stressed,French horn,French horn,1,0.9727,96.64,0.488,0
ImageNette|eightsignal_cold|3,ImageNette,eightsignal_cold,3,57,100.0,26.2,83.75,INT8,1,Stressed,garbage truck,garbage truck,1,0.3906,101.98,0.151,0
ImageNette|eightsignal_cold|3,ImageNette,eightsignal_cold,3,58,100.0,26.2,82.289,FP32,0,Stressed,gas pump,gas pump,1,0.4681,120.57,0.485,1
ImageNette|eightsignal_cold|3,ImageNette,eightsignal_cold,3,59,100.0,26.2,83.75,INT8,1,Stressed,parachute,parachute,1,0.3242,101.64,0.151,1
ImageNette|eightsignal_cold|3,ImageNette,eightsignal_cold,3,60,100.0,26.2,83.75,INT8,1,Stressed,tench,tench,1,0.9297,100.46,0.547,0
ImageNette|eightsignal_cold|3,ImageNette,eightsignal_cold,3,61,100.0,26.2,83.75,INT8,1,Stressed,English springer,sloth bear,0,0.375,102.02,0.144,0
ImageNette|eightsignal_cold|3,ImageNette,eightsignal_cold,3,62,100.0,26.2,84.237,FP32,0,Stressed,garbage truck,garbage truck,1,0.2104,129.69,4.618,1
ImageNette|eightsignal_cold|3,ImageNette,eightsignal_cold,3,63,100.0,26.2,83.75,INT8,1,Stressed,French horn,French horn,1,0.9141,104.16,0.147,1
ImageNette|eightsignal_cold|3,ImageNette,eightsignal_cold,3,64,100.0,26.2,83.75,INT8,1,Stressed,gas pump,gas pump,1,0.6719,95.87,0.141,0
ImageNette|eightsignal_cold|3,ImageNette,eightsignal_cold,3,65,100.0,26.2,84.237,INT8,1,Stressed,parachute,parachute,1,0.9219,103.46,0.492,0
ImageNette|eightsignal_cold|3,ImageNette,eightsignal_cold,3,66,100.0,26.2,83.263,INT8,1,Stressed,parachute,sandbar,0,0.2578,97.4,0.144,0
ImageNette|eightsignal_cold|3,ImageNette,eightsignal_cold,3,67,100.0,26.2,83.263,FP32,0,Stressed,parachute,parachute,1,0.9766,127.85,0.489,1
ImageNette|eightsignal_cold|3,ImageNette,eightsignal_cold,3,68,100.0,26.2,83.263,INT8,1,Stressed,French horn,paper towel,0,0.0898,101.74,0.141,1
ImageNette|eightsignal_cold|3,ImageNette,eightsignal_cold,3,69,100.0,26.2,83.263,INT8,1,Stressed,tench,tench,1,0.7773,95.54,0.516,0
ImageNette|eightsignal_cold|3,ImageNette,eightsignal_cold,3,70,100.0,26.2,84.237,INT8,1,Stressed,gas pump,vending machine,0,0.2266,96.5,0.144,0
ImageNette|eightsignal_cold|3,ImageNette,eightsignal_cold,3,71,100.0,26.2,83.263,FP32,0,Stressed,golf ball,golf ball,1,0.9209,144.01,4.504,1
ImageNette|eightsignal_cold|3,ImageNette,eightsignal_cold,3,72,100.0,26.2,83.263,INT8,1,Stressed,garbage truck,garbage truck,1,0.5977,102.17,0.141,1
ImageNette|eightsignal_cold|3,ImageNette,eightsignal_cold,3,73,100.0,26.2,83.263,INT8,1,Stressed,chain saw,chain saw,1,0.9492,102.67,0.473,0
ImageNette|eightsignal_cold|3,ImageNette,eightsignal_cold,3,74,100.0,26.2,83.263,INT8,1,Stressed,French horn,French horn,1,0.9688,101.28,0.147,0
ImageNette|eightsignal_cold|3,ImageNette,eightsignal_cold,3,75,100.0,26.2,83.75,FP32,0,Stressed,tench,tench,1,0.6226,142.87,0.526,1
ImageNette|eightsignal_cold|3,ImageNette,eightsignal_cold,3,76,100.0,26.2,83.75,INT8,1,Stressed,tench,tench,1,0.4961,98.44,4.553,1
ImageNette|eightsignal_cold|3,ImageNette,eightsignal_cold,3,77,100.0,26.2,84.237,INT8,1,Stressed,church,church,1,0.8164,103.6,0.538,0
ImageNette|eightsignal_cold|3,ImageNette,eightsignal_cold,3,78,100.0,26.2,83.263,INT8,1,Stressed,golf ball,golf ball,1,0.8203,104.05,0.152,0
ImageNette|eightsignal_cold|3,ImageNette,eightsignal_cold,3,79,100.0,26.2,83.263,FP32,0,Stressed,parachute,parachute,1,0.8524,133.12,0.516,1
ImageNette|eightsignal_cold|3,ImageNette,eightsignal_cold,3,80,100.0,26.2,84.237,INT8,1,Stressed,church,church,1,0.3672,100.97,0.141,1
ImageNette|eightsignal_cold|3,ImageNette,eightsignal_cold,3,81,100.0,26.2,83.75,INT8,1,Stressed,golf ball,golf ball,1,0.1016,102.46,0.484,0
ImageNette|eightsignal_cold|3,ImageNette,eightsignal_cold,3,82,100.0,26.2,84.724,INT8,1,Stressed,golf ball,bathing cap,0,0.1328,104.02,8.636,0
ImageNette|eightsignal_cold|3,ImageNette,eightsignal_cold,3,83,100.0,26.2,83.263,FP32,0,Stressed,English springer,German short-haired pointer,0,0.4392,143.07,0.505,1
ImageNette|eightsignal_cold|3,ImageNette,eightsignal_cold,3,84,100.0,26.2,82.776,INT8,1,Stressed,tench,tench,1,0.7305,95.65,0.146,1
ImageNette|eightsignal_cold|3,ImageNette,eightsignal_cold,3,85,100.0,26.2,83.263,INT8,1,Stressed,garbage truck,garbage truck,1,0.7188,97.03,0.518,0
ImageNette|eightsignal_cold|3,ImageNette,eightsignal_cold,3,86,100.0,26.2,83.263,INT8,1,Stressed,parachute,parachute,1,0.918,96.31,0.135,0
ImageNette|eightsignal_cold|3,ImageNette,eightsignal_cold,3,87,100.0,26.2,84.237,FP32,0,Stressed,cassette player,marimba,0,0.1479,127.54,0.475,1
ImageNette|eightsignal_cold|3,ImageNette,eightsignal_cold,3,88,100.0,26.2,83.75,FP32,0,Stressed,cassette player,printer,0,0.7214,136.67,1.065,0
ImageNette|eightsignal_cold|3,ImageNette,eightsignal_cold,3,89,100.0,26.2,83.263,FP32,0,Stressed,tench,tench,1,0.755,145.58,0.494,0
ImageNette|eightsignal_cold|3,ImageNette,eightsignal_cold,3,90,100.0,26.2,83.75,INT8,1,Stressed,parachute,parachute,1,0.957,102.16,0.145,1
ImageNette|eightsignal_cold|3,ImageNette,eightsignal_cold,3,91,100.0,26.2,83.263,INT8,1,Stressed,gas pump,gas pump,1,0.1016,102.26,0.139,0
ImageNette|eightsignal_cold|3,ImageNette,eightsignal_cold,3,92,100.0,26.2,83.75,INT8,1,Stressed,English springer,standard schnauzer,0,0.1055,103.24,0.504,0
ImageNette|eightsignal_cold|3,ImageNette,eightsignal_cold,3,93,100.0,26.2,83.75,FP32,0,Stressed,gas pump,gas pump,1,0.868,145.81,0.491,1
ImageNette|eightsignal_cold|3,ImageNette,eightsignal_cold,3,94,100.0,26.2,82.289,INT8,1,Stressed,tench,tench,1,0.3164,102.32,4.171,1
ImageNette|eightsignal_cold|3,ImageNette,eightsignal_cold,3,95,100.0,26.2,83.75,INT8,1,Stressed,tench,plastic bag,0,0.9336,102.37,0.502,0
ImageNette|eightsignal_cold|3,ImageNette,eightsignal_cold,3,96,100.0,26.2,83.75,INT8,1,Stressed,gas pump,ambulance,0,0.332,101.17,0.142,0
ImageNette|eightsignal_cold|3,ImageNette,eightsignal_cold,3,97,100.0,26.2,84.724,FP32,0,Stressed,gas pump,street sign,0,0.1799,134.45,0.522,1
ImageNette|eightsignal_cold|3,ImageNette,eightsignal_cold,3,98,100.0,26.2,83.75,FP32,0,Stressed,church,church,1,0.7075,140.35,0.495,0
ImageNette|eightsignal_cold|3,ImageNette,eightsignal_cold,3,99,100.0,26.2,84.237,FP32,0,Stressed,golf ball,golf ball,1,0.6524,144.65,0.496,0
ImageNette|eightsignal_warm|1,ImageNette,eightsignal_warm,1,0,0.0,24.9,78.88,FP32,0,Normal,cassette player,cassette player,1,0.6148,64.82,0.34,0
ImageNette|eightsignal_warm|1,ImageNette,eightsignal_warm,1,1,0.0,24.8,78.393,INT8,1,Normal,gas pump,gas pump,1,0.668,45.61,0.342,1
ImageNette|eightsignal_warm|1,ImageNette,eightsignal_warm,1,2,0.0,24.8,76.445,INT8,1,Normal,garbage truck,garbage truck,1,0.8438,45.4,0.417,0
ImageNette|eightsignal_warm|1,ImageNette,eightsignal_warm,1,3,0.0,24.8,75.958,INT8,1,Normal,chain saw,street sign,0,0.1602,45.39,0.416,0
ImageNette|eightsignal_warm|1,ImageNette,eightsignal_warm,1,4,0.0,24.8,74.01,FP32,0,Normal,tench,tench,1,0.9637,64.87,0.421,1
ImageNette|eightsignal_warm|1,ImageNette,eightsignal_warm,1,5,0.0,24.8,74.497,FP32,0,Normal,tench,tench,1,0.8553,78.19,0.604,0
ImageNette|eightsignal_warm|1,ImageNette,eightsignal_warm,1,6,0.0,24.8,72.549,FP32,0,Normal,French horn,French horn,1,0.7895,65.1,0.426,0
ImageNette|eightsignal_warm|1,ImageNette,eightsignal_warm,1,7,0.0,24.8,72.549,FP32,0,Normal,cassette player,cassette player,1,0.4806,65.14,0.495,0
ImageNette|eightsignal_warm|1,ImageNette,eightsignal_warm,1,8,0.0,24.8,72.062,INT8,1,Normal,English springer,English springer,1,0.2695,45.53,0.432,1
ImageNette|eightsignal_warm|1,ImageNette,eightsignal_warm,1,9,0.0,24.8,72.062,INT8,1,Normal,cassette player,modem,0,0.1797,45.45,0.435,0
ImageNette|eightsignal_warm|1,ImageNette,eightsignal_warm,1,10,0.0,24.8,72.062,INT8,1,Normal,parachute,parachute,1,0.9844,45.45,0.517,0
ImageNette|eightsignal_warm|1,ImageNette,eightsignal_warm,1,11,0.0,24.8,71.575,FP32,0,Normal,French horn,French horn,1,0.7794,65.27,0.437,1
ImageNette|eightsignal_warm|1,ImageNette,eightsignal_warm,1,12,0.0,24.8,69.627,FP32,0,Normal,garbage truck,mobile home,0,0.0621,65.24,0.433,0
ImageNette|eightsignal_warm|1,ImageNette,eightsignal_warm,1,13,0.0,24.8,70.601,INT8,1,Normal,English springer,English springer,1,0.2734,45.45,0.437,1
ImageNette|eightsignal_warm|1,ImageNette,eightsignal_warm,1,14,0.0,24.8,69.627,INT8,1,Normal,chain saw,chain saw,1,0.2305,75.05,0.904,0
ImageNette|eightsignal_warm|1,ImageNette,eightsignal_warm,1,15,0.0,24.8,70.114,INT8,1,Normal,garbage truck,garbage truck,1,0.8477,45.53,0.438,0
ImageNette|eightsignal_warm|1,ImageNette,eightsignal_warm,1,16,0.0,24.8,69.14,FP32,0,Normal,English springer,wire-haired fox terrier,0,0.1974,65.26,0.439,1
ImageNette|eightsignal_warm|1,ImageNette,eightsignal_warm,1,17,0.0,24.8,68.653,FP32,0,Normal,garbage truck,garbage truck,1,0.6205,65.34,0.133,0
ImageNette|eightsignal_warm|1,ImageNette,eightsignal_warm,1,18,0.0,24.8,69.627,FP32,0,Normal,tench,tench,1,0.8855,65.22,0.496,0
ImageNette|eightsignal_warm|1,ImageNette,eightsignal_warm,1,19,0.0,24.8,68.653,FP32,0,Normal,chain saw,snowmobile,0,0.2455,65.19,0.432,0
ImageNette|eightsignal_warm|1,ImageNette,eightsignal_warm,1,20,0.0,24.8,67.679,FP32,0,Normal,chain saw,chain saw,1,0.9898,65.21,0.13,0
ImageNette|eightsignal_warm|1,ImageNette,eightsignal_warm,1,21,0.0,24.8,67.679,INT8,1,Normal,chain saw,chain saw,1,0.3398,45.44,0.44,1
ImageNette|eightsignal_warm|1,ImageNette,eightsignal_warm,1,22,0.0,24.8,68.166,INT8,1,Normal,cassette player,cassette player,1,0.4453,45.43,0.436,0
ImageNette|eightsignal_warm|1,ImageNette,eightsignal_warm,1,23,0.0,24.8,67.679,INT8,1,Normal,chain saw,chain saw,1,0.4727,68.73,0.897,0
ImageNette|eightsignal_warm|1,ImageNette,eightsignal_warm,1,24,0.0,24.8,68.166,FP32,0,Normal,golf ball,golf ball,1,0.7976,66.11,0.435,1
ImageNette|eightsignal_warm|1,ImageNette,eightsignal_warm,1,25,0.0,24.8,67.192,FP32,0,Normal,French horn,French horn,1,0.4559,65.28,0.437,0
ImageNette|eightsignal_warm|1,ImageNette,eightsignal_warm,1,26,0.0,24.8,66.705,FP32,0,Normal,English springer,English springer,1,0.7752,65.21,0.439,0
ImageNette|eightsignal_warm|1,ImageNette,eightsignal_warm,1,27,0.0,24.8,67.192,FP32,0,Normal,cassette player,radio,0,0.3819,65.22,0.44,0
ImageNette|eightsignal_warm|1,ImageNette,eightsignal_warm,1,28,0.0,24.8,66.705,INT8,1,Normal,garbage truck,garbage truck,1,0.6719,45.42,0.439,1
ImageNette|eightsignal_warm|1,ImageNette,eightsignal_warm,1,29,0.0,24.8,65.731,INT8,1,Normal,tench,tench,1,0.9453,45.42,0.507,0
ImageNette|eightsignal_warm|1,ImageNette,eightsignal_warm,1,30,0.0,24.8,66.705,INT8,1,Normal,golf ball,golf ball,1,0.9062,45.4,0.435,0
ImageNette|eightsignal_warm|1,ImageNette,eightsignal_warm,1,31,0.0,24.8,67.192,INT8,1,Normal,French horn,French horn,1,0.5469,45.42,0.436,0
ImageNette|eightsignal_warm|1,ImageNette,eightsignal_warm,1,32,0.0,24.8,67.192,INT8,1,Normal,golf ball,golf ball,1,0.7695,93.52,0.911,0
ImageNette|eightsignal_warm|1,ImageNette,eightsignal_warm,1,33,0.0,24.8,66.218,INT8,1,Normal,cassette player,cassette player,1,0.625,45.44,0.442,0
ImageNette|eightsignal_warm|1,ImageNette,eightsignal_warm,1,34,0.0,24.8,65.731,INT8,1,Normal,golf ball,golf ball,1,0.9258,45.51,0.437,0
ImageNette|eightsignal_warm|1,ImageNette,eightsignal_warm,1,35,0.0,24.8,65.731,INT8,1,Normal,French horn,French horn,1,0.9219,45.42,0.441,0
ImageNette|eightsignal_warm|1,ImageNette,eightsignal_warm,1,36,0.0,24.8,65.731,INT8,1,Normal,French horn,French horn,1,0.8711,45.39,0.436,0
ImageNette|eightsignal_warm|1,ImageNette,eightsignal_warm,1,37,0.0,24.8,65.731,INT8,1,Normal,golf ball,golf ball,1,0.8711,45.43,0.44,0
ImageNette|eightsignal_warm|1,ImageNette,eightsignal_warm,1,38,0.0,24.8,65.731,INT8,1,Normal,parachute,parachute,1,0.5625,45.43,0.44,0
ImageNette|eightsignal_warm|1,ImageNette,eightsignal_warm,1,39,2.0,24.8,66.218,INT8,1,Normal,English springer,English springer,1,0.1523,45.44,0.441,0
ImageNette|eightsignal_warm|1,ImageNette,eightsignal_warm,1,40,100.0,25.2,71.575,INT8,1,Stressed,gas pump,gas pump,1,0.2188,93.42,0.139,0
ImageNette|eightsignal_warm|1,ImageNette,eightsignal_warm,1,41,100.0,25.2,73.036,INT8,1,Stressed,French horn,French horn,1,0.9336,89.43,0.564,0
ImageNette|eightsignal_warm|1,ImageNette,eightsignal_warm,1,42,100.0,25.2,73.523,INT8,1,Stressed,tench,tench,1,0.918,94.22,0.134,0
ImageNette|eightsignal_warm|1,ImageNette,eightsignal_warm,1,43,100.0,25.2,74.984,FP32,0,Stressed,gas pump,moped,0,0.3624,118.32,0.443,1
ImageNette|eightsignal_warm|1,ImageNette,eightsignal_warm,1,44,100.0,25.3,74.984,INT8,1,Stressed,gas pump,gas pump,1,0.9688,94.2,0.133,1
ImageNette|eightsignal_warm|1,ImageNette,eightsignal_warm,1,45,100.0,25.3,75.958,INT8,1,Stressed,golf ball,golf ball,1,0.9297,90.11,0.466,0
ImageNette|eightsignal_warm|1,ImageNette,eightsignal_warm,1,46,100.0,25.3,76.445,INT8,1,Stressed,cassette player,carton,0,0.1797,93.76,0.134,0
ImageNette|eightsignal_warm|1,ImageNette,eightsignal_warm,1,47,100.0,25.3,76.445,FP32,0,Stressed,English springer,English springer,1,0.392,125.52,0.592,1
ImageNette|eightsignal_warm|1,ImageNette,eightsignal_warm,1,48,100.0,25.3,76.932,INT8,1,Stressed,tench,tench,1,0.2305,89.37,0.45,1
ImageNette|eightsignal_warm|1,ImageNette,eightsignal_warm,1,49,100.0,25.3,77.906,INT8,1,Stressed,French horn,cornet,0,0.5117,89.58,0.465,0
ImageNette|eightsignal_warm|1,ImageNette,eightsignal_warm,1,50,100.0,25.3,77.906,INT8,1,Stressed,cassette player,cassette player,1,0.9453,93.6,0.456,0
ImageNette|eightsignal_warm|1,ImageNette,eightsignal_warm,1,51,100.0,25.3,78.88,INT8,1,Stressed,parachute,miniskirt,0,0.2188,89.48,0.137,0
ImageNette|eightsignal_warm|1,ImageNette,eightsignal_warm,1,52,100.0,25.3,79.854,FP32,0,Stressed,parachute,parachute,1,0.8609,129.97,0.453,1
ImageNette|eightsignal_warm|1,ImageNette,eightsignal_warm,1,53,100.0,25.3,78.393,FP32,0,Stressed,chain saw,chain saw,1,0.052,130.04,0.46,0
ImageNette|eightsignal_warm|1,ImageNette,eightsignal_warm,1,54,100.0,25.3,79.854,INT8,1,Stressed,tench,tench,1,0.7227,89.98,0.457,1
ImageNette|eightsignal_warm|1,ImageNette,eightsignal_warm,1,55,100.0,25.3,79.367,INT8,1,Stressed,church,palace,0,0.3047,89.78,0.458,0
ImageNette|eightsignal_warm|1,ImageNette,eightsignal_warm,1,56,100.0,25.3,78.88,INT8,1,Stressed,French horn,French horn,1,0.9727,94.05,4.533,0
ImageNette|eightsignal_warm|1,ImageNette,eightsignal_warm,1,57,100.0,25.3,80.828,INT8,1,Stressed,garbage truck,garbage truck,1,0.3906,93.71,0.134,0
ImageNette|eightsignal_warm|1,ImageNette,eightsignal_warm,1,58,100.0,25.3,80.341,FP32,0,Stressed,gas pump,gas pump,1,0.4681,133.46,0.458,1
ImageNette|eightsignal_warm|1,ImageNette,eightsignal_warm,1,59,100.0,25.3,79.854,INT8,1,Stressed,parachute,parachute,1,0.3242,93.51,0.482,1
ImageNette|eightsignal_warm|1,ImageNette,eightsignal_warm,1,60,100.0,25.3,80.828,INT8,1,Stressed,tench,tench,1,0.9297,89.48,0.133,0
ImageNette|eightsignal_warm|1,ImageNette,eightsignal_warm,1,61,100.0,25.3,80.341,INT8,1,Stressed,English springer,sloth bear,0,0.375,94.13,0.131,0
ImageNette|eightsignal_warm|1,ImageNette,eightsignal_warm,1,62,100.0,25.3,80.828,INT8,1,Stressed,garbage truck,garbage truck,1,0.1797,94.16,0.131,0
ImageNette|eightsignal_warm|1,ImageNette,eightsignal_warm,1,63,100.0,25.3,80.828,FP32,0,Stressed,French horn,French horn,1,0.8855,102.16,0.52,1
ImageNette|eightsignal_warm|1,ImageNette,eightsignal_warm,1,64,100.0,25.3,80.828,INT8,1,Stressed,gas pump,gas pump,1,0.6719,89.49,0.139,1
ImageNette|eightsignal_warm|1,ImageNette,eightsignal_warm,1,65,100.0,25.3,81.315,INT8,1,Stressed,parachute,parachute,1,0.9219,93.42,0.466,0
ImageNette|eightsignal_warm|1,ImageNette,eightsignal_warm,1,66,100.0,25.3,80.828,INT8,1,Stressed,parachute,sandbar,0,0.2578,89.66,0.137,0
ImageNette|eightsignal_warm|1,ImageNette,eightsignal_warm,1,67,100.0,25.3,81.315,FP32,0,Stressed,parachute,parachute,1,0.9766,129.91,0.454,1
ImageNette|eightsignal_warm|1,ImageNette,eightsignal_warm,1,68,100.0,25.3,82.289,INT8,1,Stressed,French horn,paper towel,0,0.0898,94.62,0.131,1
ImageNette|eightsignal_warm|1,ImageNette,eightsignal_warm,1,69,100.0,25.3,81.802,INT8,1,Stressed,tench,tench,1,0.7773,94.1,0.451,0
ImageNette|eightsignal_warm|1,ImageNette,eightsignal_warm,1,70,100.0,25.3,82.289,INT8,1,Stressed,gas pump,vending machine,0,0.2266,94.56,0.137,0
ImageNette|eightsignal_warm|1,ImageNette,eightsignal_warm,1,71,100.0,25.3,81.315,FP32,0,Stressed,golf ball,golf ball,1,0.9209,117.0,0.443,1
ImageNette|eightsignal_warm|1,ImageNette,eightsignal_warm,1,72,100.0,25.3,81.802,INT8,1,Stressed,garbage truck,garbage truck,1,0.5977,94.21,0.13,1
ImageNette|eightsignal_warm|1,ImageNette,eightsignal_warm,1,73,100.0,25.3,82.289,INT8,1,Stressed,chain saw,chain saw,1,0.9492,94.73,0.483,0
ImageNette|eightsignal_warm|1,ImageNette,eightsignal_warm,1,74,100.0,25.3,81.802,INT8,1,Stressed,French horn,French horn,1,0.9688,94.25,0.134,0
ImageNette|eightsignal_warm|1,ImageNette,eightsignal_warm,1,75,100.0,25.3,83.75,FP32,0,Stressed,tench,tench,1,0.6226,137.05,0.494,1
ImageNette|eightsignal_warm|1,ImageNette,eightsignal_warm,1,76,100.0,25.3,82.289,INT8,1,Stressed,tench,tench,1,0.4961,89.93,0.132,1
ImageNette|eightsignal_warm|1,ImageNette,eightsignal_warm,1,77,100.0,25.3,82.289,INT8,1,Stressed,church,church,1,0.8164,95.49,0.484,0
ImageNette|eightsignal_warm|1,ImageNette,eightsignal_warm,1,78,100.0,25.3,82.289,INT8,1,Stressed,golf ball,golf ball,1,0.8203,90.5,0.14,0
ImageNette|eightsignal_warm|1,ImageNette,eightsignal_warm,1,79,100.0,25.3,82.289,FP32,0,Stressed,parachute,parachute,1,0.8524,134.44,0.468,1
ImageNette|eightsignal_warm|1,ImageNette,eightsignal_warm,1,80,100.0,25.3,83.75,FP32,0,Stressed,church,church,1,0.3991,123.37,0.472,0
ImageNette|eightsignal_warm|1,ImageNette,eightsignal_warm,1,81,100.0,25.1,82.289,INT8,1,Stressed,golf ball,golf ball,1,0.1016,94.29,0.477,1
ImageNette|eightsignal_warm|1,ImageNette,eightsignal_warm,1,82,100.0,25.2,81.802,INT8,1,Stressed,golf ball,bathing cap,0,0.1328,94.09,0.49,0
ImageNette|eightsignal_warm|1,ImageNette,eightsignal_warm,1,83,100.0,25.2,81.802,INT8,1,Stressed,English springer,German short-haired pointer,0,0.5664,94.17,0.482,0
ImageNette|eightsignal_warm|1,ImageNette,eightsignal_warm,1,84,100.0,25.2,82.776,INT8,1,Stressed,tench,tench,1,0.7305,96.09,0.141,0
ImageNette|eightsignal_warm|1,ImageNette,eightsignal_warm,1,85,100.0,25.2,81.802,FP32,0,Stressed,garbage truck,garbage truck,1,0.7821,135.13,0.457,1
ImageNette|eightsignal_warm|1,ImageNette,eightsignal_warm,1,86,100.0,25.2,82.289,INT8,1,Stressed,parachute,parachute,1,0.918,96.56,0.14,1
ImageNette|eightsignal_warm|1,ImageNette,eightsignal_warm,1,87,100.0,25.2,82.289,INT8,1,Stressed,cassette player,marimba,0,0.1289,90.99,0.492,0
ImageNette|eightsignal_warm|1,ImageNette,eightsignal_warm,1,88,100.0,25.2,82.289,INT8,1,Stressed,cassette player,printer,0,0.625,94.61,0.683,0
ImageNette|eightsignal_warm|1,ImageNette,eightsignal_warm,1,89,100.0,25.2,82.776,INT8,1,Stressed,tench,tench,1,0.707,95.8,0.147,0
ImageNette|eightsignal_warm|1,ImageNette,eightsignal_warm,1,90,100.0,25.2,82.776,FP32,0,Stressed,parachute,parachute,1,0.983,66.81,4.621,1
ImageNette|eightsignal_warm|1,ImageNette,eightsignal_warm,1,91,100.0,25.3,82.289,INT8,1,Stressed,gas pump,gas pump,1,0.1016,96.61,0.142,1
ImageNette|eightsignal_warm|1,ImageNette,eightsignal_warm,1,92,100.0,25.3,83.263,INT8,1,Stressed,English springer,standard schnauzer,0,0.1055,100.9,0.523,0
ImageNette|eightsignal_warm|1,ImageNette,eightsignal_warm,1,93,100.0,25.3,83.263,INT8,1,Stressed,gas pump,gas pump,1,0.8203,96.8,0.137,0
ImageNette|eightsignal_warm|1,ImageNette,eightsignal_warm,1,94,100.0,25.3,82.289,INT8,1,Stressed,tench,tench,1,0.3164,95.3,0.147,0
ImageNette|eightsignal_warm|1,ImageNette,eightsignal_warm,1,95,100.0,25.3,82.289,FP32,0,Stressed,tench,plastic bag,0,0.8379,136.42,0.516,1
ImageNette|eightsignal_warm|1,ImageNette,eightsignal_warm,1,96,100.0,25.1,82.776,FP32,0,Stressed,gas pump,ambulance,0,0.3753,140.26,4.492,0
ImageNette|eightsignal_warm|1,ImageNette,eightsignal_warm,1,97,100.0,25.5,82.776,INT8,1,Stressed,gas pump,street sign,0,0.0703,91.37,0.142,1
ImageNette|eightsignal_warm|1,ImageNette,eightsignal_warm,1,98,100.0,25.5,82.776,INT8,1,Stressed,church,church,1,0.7109,91.48,4.225,0
ImageNette|eightsignal_warm|1,ImageNette,eightsignal_warm,1,99,100.0,25.5,82.776,INT8,1,Stressed,golf ball,golf ball,1,0.7852,95.41,4.226,0
ImageNette|eightsignal_warm|2,ImageNette,eightsignal_warm,2,0,0.0,25.7,81.802,FP32,0,Normal,cassette player,cassette player,1,0.6148,64.81,0.343,0
ImageNette|eightsignal_warm|2,ImageNette,eightsignal_warm,2,1,0.0,25.7,79.367,INT8,1,Normal,gas pump,gas pump,1,0.668,45.38,0.345,1
ImageNette|eightsignal_warm|2,ImageNette,eightsignal_warm,2,2,0.0,25.7,78.88,INT8,1,Normal,garbage truck,garbage truck,1,0.8438,45.45,0.407,0
ImageNette|eightsignal_warm|2,ImageNette,eightsignal_warm,2,3,0.0,25.7,78.88,INT8,1,Normal,chain saw,street sign,0,0.1602,45.38,0.415,0
ImageNette|eightsignal_warm|2,ImageNette,eightsignal_warm,2,4,0.0,25.7,77.906,FP32,0,Normal,tench,tench,1,0.9637,64.78,0.42,1
ImageNette|eightsignal_warm|2,ImageNette,eightsignal_warm,2,5,2.0,25.7,76.932,INT8,1,Normal,tench,tench,1,0.8438,45.39,0.116,1
ImageNette|eightsignal_warm|2,ImageNette,eightsignal_warm,2,6,0.0,25.7,75.471,INT8,1,Normal,French horn,French horn,1,0.8203,45.4,0.119,0
ImageNette|eightsignal_warm|2,ImageNette,eightsignal_warm,2,7,0.0,25.7,75.958,INT8,1,Normal,cassette player,cassette player,1,0.5703,45.4,0.426,0
ImageNette|eightsignal_warm|2,ImageNette,eightsignal_warm,2,8,0.0,25.7,74.984,FP32,0,Normal,English springer,English springer,1,0.29,65.09,0.433,1
ImageNette|eightsignal_warm|2,ImageNette,eightsignal_warm,2,9,0.0,25.7,74.01,FP32,0,Normal,cassette player,modem,0,0.318,65.22,0.438,0
ImageNette|eightsignal_warm|2,ImageNette,eightsignal_warm,2,10,0.0,25.7,74.497,INT8,1,Normal,parachute,parachute,1,0.9844,88.86,0.892,1
ImageNette|eightsignal_warm|2,ImageNette,eightsignal_warm,2,11,0.0,25.7,74.01,INT8,1,Normal,French horn,French horn,1,0.8438,45.41,0.497,0
ImageNette|eightsignal_warm|2,ImageNette,eightsignal_warm,2,12,0.0,25.7,74.497,INT8,1,Normal,garbage truck,patio,0,0.0625,45.39,0.445,0
ImageNette|eightsignal_warm|2,ImageNette,eightsignal_warm,2,13,0.0,25.7,73.036,FP32,0,Normal,English springer,English springer,1,0.25,65.16,0.438,1
ImageNette|eightsignal_warm|2,ImageNette,eightsignal_warm,2,14,0.0,25.7,72.549,FP32,0,Normal,chain saw,chain saw,1,0.3724,65.09,0.132,0
ImageNette|eightsignal_warm|2,ImageNette,eightsignal_warm,2,15,0.0,25.7,74.01,INT8,1,Normal,garbage truck,garbage truck,1,0.8477,45.44,0.437,1
ImageNette|eightsignal_warm|2,ImageNette,eightsignal_warm,2,16,0.0,25.7,71.575,INT8,1,Normal,English springer,wire-haired fox terrier,0,0.2148,45.36,0.44,0
ImageNette|eightsignal_warm|2,ImageNette,eightsignal_warm,2,17,2.0,25.7,72.549,INT8,1,Normal,garbage truck,garbage truck,1,0.5977,45.39,0.441,0
ImageNette|eightsignal_warm|2,ImageNette,eightsignal_warm,2,18,0.0,25.7,72.062,INT8,1,Normal,tench,tench,1,0.8789,45.43,0.439,0
ImageNette|eightsignal_warm|2,ImageNette,eightsignal_warm,2,19,0.0,25.7,73.036,INT8,1,Normal,chain saw,snowmobile,0,0.1406,77.53,0.902,0
ImageNette|eightsignal_warm|2,ImageNette,eightsignal_warm,2,20,0.0,25.7,71.088,FP32,0,Normal,chain saw,chain saw,1,0.9898,65.17,0.435,1
ImageNette|eightsignal_warm|2,ImageNette,eightsignal_warm,2,21,0.0,25.7,72.549,FP32,0,Normal,chain saw,chain saw,1,0.4957,65.16,0.438,0
ImageNette|eightsignal_warm|2,ImageNette,eightsignal_warm,2,22,0.0,25.7,72.062,FP32,0,Normal,cassette player,loudspeaker,0,0.3373,64.83,0.443,0
ImageNette|eightsignal_warm|2,ImageNette,eightsignal_warm,2,23,0.0,25.7,73.036,INT8,1,Normal,chain saw,chain saw,1,0.4727,45.39,0.441,1
ImageNette|eightsignal_warm|2,ImageNette,eightsignal_warm,2,24,2.0,25.7,72.062,INT8,1,Normal,golf ball,golf ball,1,0.8906,45.43,0.441,0
ImageNette|eightsignal_warm|2,ImageNette,eightsignal_warm,2,25,0.0,25.7,71.088,INT8,1,Normal,French horn,French horn,1,0.418,45.43,0.442,0
ImageNette|eightsignal_warm|2,ImageNette,eightsignal_warm,2,26,0.0,25.7,70.601,INT8,1,Normal,English springer,English springer,1,0.7578,45.42,0.435,0
ImageNette|eightsignal_warm|2,ImageNette,eightsignal_warm,2,27,0.0,25.7,71.088,INT8,1,Normal,cassette player,radio,0,0.3438,45.42,0.447,0
ImageNette|eightsignal_warm|2,ImageNette,eightsignal_warm,2,28,0.0,25.7,70.601,FP32,0,Normal,garbage truck,garbage truck,1,0.7635,85.75,0.895,1
ImageNette|eightsignal_warm|2,ImageNette,eightsignal_warm,2,29,0.0,25.7,69.627,INT8,1,Normal,tench,tench,1,0.9453,45.42,0.493,1
ImageNette|eightsignal_warm|2,ImageNette,eightsignal_warm,2,30,0.0,25.7,70.601,INT8,1,Normal,golf ball,golf ball,1,0.9062,45.42,0.436,0
ImageNette|eightsignal_warm|2,ImageNette,eightsignal_warm,2,31,2.0,25.7,71.088,INT8,1,Normal,French horn,French horn,1,0.5469,45.39,0.129,0
ImageNette|eightsignal_warm|2,ImageNette,eightsignal_warm,2,32,0.0,25.7,70.601,FP32,0,Normal,golf ball,golf ball,1,0.9662,65.09,0.134,1
ImageNette|eightsignal_warm|2,ImageNette,eightsignal_warm,2,33,0.0,25.7,70.601,INT8,1,Normal,cassette player,cassette player,1,0.625,45.42,0.441,1
ImageNette|eightsignal_warm|2,ImageNette,eightsignal_warm,2,34,0.0,25.7,69.627,INT8,1,Normal,golf ball,golf ball,1,0.9258,45.41,0.439,0
ImageNette|eightsignal_warm|2,ImageNette,eightsignal_warm,2,35,0.0,25.7,69.627,INT8,1,Normal,French horn,French horn,1,0.9219,45.48,0.44,0
ImageNette|eightsignal_warm|2,ImageNette,eightsignal_warm,2,36,0.0,25.7,68.653,INT8,1,Normal,French horn,French horn,1,0.8711,45.4,0.436,0
ImageNette|eightsignal_warm|2,ImageNette,eightsignal_warm,2,37,0.0,25.7,69.627,INT8,1,Normal,golf ball,golf ball,1,0.8711,81.2,0.957,0
ImageNette|eightsignal_warm|2,ImageNette,eightsignal_warm,2,38,0.0,25.7,69.14,INT8,1,Normal,parachute,parachute,1,0.5625,45.4,0.438,0
ImageNette|eightsignal_warm|2,ImageNette,eightsignal_warm,2,39,0.0,25.7,68.653,INT8,1,Normal,English springer,English springer,1,0.1523,45.48,0.439,0
ImageNette|eightsignal_warm|2,ImageNette,eightsignal_warm,2,40,100.0,26.1,75.471,INT8,1,Stressed,gas pump,gas pump,1,0.2188,89.38,0.137,0
ImageNette|eightsignal_warm|2,ImageNette,eightsignal_warm,2,41,100.0,26.1,76.445,INT8,1,Stressed,French horn,French horn,1,0.9336,93.45,0.456,0
ImageNette|eightsignal_warm|2,ImageNette,eightsignal_warm,2,42,100.0,26.1,78.393,INT8,1,Stressed,tench,tench,1,0.918,93.45,0.136,0
ImageNette|eightsignal_warm|2,ImageNette,eightsignal_warm,2,43,100.0,26.1,78.393,FP32,0,Stressed,gas pump,moped,0,0.3624,134.81,0.449,1
ImageNette|eightsignal_warm|2,ImageNette,eightsignal_warm,2,44,100.0,26.1,78.88,INT8,1,Stressed,gas pump,gas pump,1,0.9688,93.79,0.448,1
ImageNette|eightsignal_warm|2,ImageNette,eightsignal_warm,2,45,100.0,26.1,78.88,INT8,1,Stressed,golf ball,golf ball,1,0.9297,89.57,0.137,0
ImageNette|eightsignal_warm|2,ImageNette,eightsignal_warm,2,46,100.0,26.1,80.341,INT8,1,Stressed,cassette player,carton,0,0.1797,89.49,4.569,0
ImageNette|eightsignal_warm|2,ImageNette,eightsignal_warm,2,47,100.0,26.1,81.802,FP32,0,Stressed,English springer,English springer,1,0.392,121.63,0.472,1
ImageNette|eightsignal_warm|2,ImageNette,eightsignal_warm,2,48,100.0,26.1,80.828,INT8,1,Stressed,tench,tench,1,0.2305,89.39,0.471,1
ImageNette|eightsignal_warm|2,ImageNette,eightsignal_warm,2,49,100.0,26.1,81.802,INT8,1,Stressed,French horn,cornet,0,0.5117,94.05,0.471,0
ImageNette|eightsignal_warm|2,ImageNette,eightsignal_warm,2,50,100.0,26.1,81.802,INT8,1,Stressed,cassette player,cassette player,1,0.9453,89.24,0.142,0
ImageNette|eightsignal_warm|2,ImageNette,eightsignal_warm,2,51,100.0,26.1,81.802,FP32,0,Stressed,parachute,sarong,0,0.1213,134.12,0.484,1
ImageNette|eightsignal_warm|2,ImageNette,eightsignal_warm,2,52,100.0,26.1,82.289,INT8,1,Stressed,parachute,parachute,1,0.8438,96.58,0.138,1
ImageNette|eightsignal_warm|2,ImageNette,eightsignal_warm,2,53,100.0,26.1,81.802,INT8,1,Stressed,chain saw,chain saw,1,0.0547,94.79,0.479,0
ImageNette|eightsignal_warm|2,ImageNette,eightsignal_warm,2,54,100.0,26.1,83.263,INT8,1,Stressed,tench,tench,1,0.7227,95.58,4.503,0
ImageNette|eightsignal_warm|2,ImageNette,eightsignal_warm,2,55,100.0,26.1,83.263,INT8,1,Stressed,church,palace,0,0.3047,95.7,0.134,0
ImageNette|eightsignal_warm|2,ImageNette,eightsignal_warm,2,56,100.0,26.1,83.263,FP32,0,Stressed,French horn,French horn,1,0.9494,135.68,0.493,1
ImageNette|eightsignal_warm|2,ImageNette,eightsignal_warm,2,57,100.0,26.1,82.776,INT8,1,Stressed,garbage truck,garbage truck,1,0.3906,101.98,0.144,1
ImageNette|eightsignal_warm|2,ImageNette,eightsignal_warm,2,58,100.0,26.1,83.75,INT8,1,Stressed,gas pump,forklift,0,0.7031,95.82,0.138,0
ImageNette|eightsignal_warm|2,ImageNette,eightsignal_warm,2,59,100.0,26.1,83.263,INT8,1,Stressed,parachute,parachute,1,0.3242,103.51,0.49,0
ImageNette|eightsignal_warm|2,ImageNette,eightsignal_warm,2,60,100.0,26.1,84.237,FP32,0,Stressed,tench,tench,1,0.9192,127.11,0.483,1
ImageNette|eightsignal_warm|2,ImageNette,eightsignal_warm,2,61,100.0,26.1,82.289,INT8,1,Stressed,English springer,sloth bear,0,0.375,96.53,0.132,1
ImageNette|eightsignal_warm|2,ImageNette,eightsignal_warm,2,62,100.0,26.1,83.75,INT8,1,Stressed,garbage truck,garbage truck,1,0.1797,96.53,0.486,0
ImageNette|eightsignal_warm|2,ImageNette,eightsignal_warm,2,63,100.0,26.1,82.776,INT8,1,Stressed,French horn,French horn,1,0.9141,97.2,0.487,0
ImageNette|eightsignal_warm|2,ImageNette,eightsignal_warm,2,64,100.0,26.1,83.263,INT8,1,Stressed,gas pump,gas pump,1,0.6719,96.44,0.142,0
ImageNette|eightsignal_warm|2,ImageNette,eightsignal_warm,2,65,100.0,26.1,82.776,FP32,0,Stressed,parachute,parachute,1,0.9439,136.78,0.489,1
ImageNette|eightsignal_warm|2,ImageNette,eightsignal_warm,2,66,100.0,26.1,83.263,INT8,1,Stressed,parachute,sandbar,0,0.2578,99.43,0.138,1
ImageNette|eightsignal_warm|2,ImageNette,eightsignal_warm,2,67,100.0,26.1,82.289,INT8,1,Stressed,parachute,parachute,1,0.9844,97.08,0.476,0
ImageNette|eightsignal_warm|2,ImageNette,eightsignal_warm,2,68,100.0,26.1,83.263,INT8,1,Stressed,French horn,paper towel,0,0.0898,97.77,0.141,0
ImageNette|eightsignal_warm|2,ImageNette,eightsignal_warm,2,69,100.0,26.1,83.263,FP32,0,Stressed,tench,tench,1,0.7747,127.84,0.476,1
ImageNette|eightsignal_warm|2,ImageNette,eightsignal_warm,2,70,100.0,26.1,83.263,INT8,1,Stressed,gas pump,vending machine,0,0.2266,101.93,0.137,1
ImageNette|eightsignal_warm|2,ImageNette,eightsignal_warm,2,71,100.0,26.1,82.776,INT8,1,Stressed,golf ball,golf ball,1,0.9062,96.03,0.478,0
ImageNette|eightsignal_warm|2,ImageNette,eightsignal_warm,2,72,100.0,26.1,84.237,INT8,1,Stressed,garbage truck,garbage truck,1,0.5977,102.08,0.145,0
ImageNette|eightsignal_warm|2,ImageNette,eightsignal_warm,2,73,100.0,26.1,83.263,FP32,0,Stressed,chain saw,chain saw,1,0.9989,127.35,0.536,1
ImageNette|eightsignal_warm|2,ImageNette,eightsignal_warm,2,74,100.0,26.1,83.75,INT8,1,Stressed,French horn,French horn,1,0.9688,103.14,0.141,1
ImageNette|eightsignal_warm|2,ImageNette,eightsignal_warm,2,75,100.0,26.1,83.263,INT8,1,Stressed,tench,tench,1,0.6133,101.45,0.504,0
ImageNette|eightsignal_warm|2,ImageNette,eightsignal_warm,2,76,100.0,26.1,83.263,INT8,1,Stressed,tench,tench,1,0.4961,102.15,0.52,0
ImageNette|eightsignal_warm|2,ImageNette,eightsignal_warm,2,77,100.0,26.1,83.75,INT8,1,Stressed,church,church,1,0.8164,101.6,0.137,0
ImageNette|eightsignal_warm|2,ImageNette,eightsignal_warm,2,78,100.0,26.1,83.75,FP32,0,Stressed,golf ball,golf ball,1,0.8426,141.94,0.503,1
ImageNette|eightsignal_warm|2,ImageNette,eightsignal_warm,2,79,100.0,26.1,83.263,INT8,1,Stressed,parachute,parachute,1,0.8047,100.99,0.14,1
ImageNette|eightsignal_warm|2,ImageNette,eightsignal_warm,2,80,100.0,26.1,84.237,INT8,1,Stressed,church,church,1,0.3672,103.48,0.527,0
ImageNette|eightsignal_warm|2,ImageNette,eightsignal_warm,2,81,100.0,26.1,84.237,INT8,1,Stressed,golf ball,golf ball,1,0.1016,98.53,0.505,0
ImageNette|eightsignal_warm|2,ImageNette,eightsignal_warm,2,82,100.0,26.1,84.237,FP32,0,Stressed,golf ball,shower cap,0,0.1519,144.77,0.526,1
ImageNette|eightsignal_warm|2,ImageNette,eightsignal_warm,2,83,100.0,26.1,82.776,FP32,0,Stressed,English springer,German short-haired pointer,0,0.4392,129.89,0.498,0
ImageNette|eightsignal_warm|2,ImageNette,eightsignal_warm,2,84,100.0,26.1,83.263,INT8,1,Stressed,tench,tench,1,0.7305,96.9,0.154,1
ImageNette|eightsignal_warm|2,ImageNette,eightsignal_warm,2,85,100.0,26.1,83.75,INT8,1,Stressed,garbage truck,garbage truck,1,0.7188,102.06,0.492,0
ImageNette|eightsignal_warm|2,ImageNette,eightsignal_warm,2,86,100.0,26.1,83.75,INT8,1,Stressed,parachute,parachute,1,0.918,97.81,0.146,0
ImageNette|eightsignal_warm|2,ImageNette,eightsignal_warm,2,87,100.0,26.1,82.776,INT8,1,Stressed,cassette player,marimba,0,0.1289,103.75,0.153,0
ImageNette|eightsignal_warm|2,ImageNette,eightsignal_warm,2,88,100.0,26.1,84.237,FP32,0,Stressed,cassette player,printer,0,0.7214,142.67,0.484,1
ImageNette|eightsignal_warm|2,ImageNette,eightsignal_warm,2,89,100.0,26.1,83.75,FP32,0,Stressed,tench,tench,1,0.755,130.06,4.535,0
ImageNette|eightsignal_warm|2,ImageNette,eightsignal_warm,2,90,100.0,26.1,82.289,INT8,1,Stressed,parachute,parachute,1,0.957,97.83,0.144,1
ImageNette|eightsignal_warm|2,ImageNette,eightsignal_warm,2,91,100.0,26.1,83.75,INT8,1,Stressed,gas pump,gas pump,1,0.1016,99.28,0.16,0
ImageNette|eightsignal_warm|2,ImageNette,eightsignal_warm,2,92,100.0,26.1,83.263,INT8,1,Stressed,English springer,standard schnauzer,0,0.1055,104.24,0.621,0
ImageNette|eightsignal_warm|2,ImageNette,eightsignal_warm,2,93,100.0,26.1,82.776,INT8,1,Stressed,gas pump,gas pump,1,0.8203,96.09,0.14,0
ImageNette|eightsignal_warm|2,ImageNette,eightsignal_warm,2,94,100.0,26.1,83.75,INT8,1,Stressed,tench,tench,1,0.3164,102.93,0.141,0
ImageNette|eightsignal_warm|2,ImageNette,eightsignal_warm,2,95,100.0,26.1,84.237,FP32,0,Stressed,tench,plastic bag,0,0.8379,138.11,0.477,1
ImageNette|eightsignal_warm|2,ImageNette,eightsignal_warm,2,96,100.0,26.1,83.75,INT8,1,Stressed,gas pump,ambulance,0,0.332,97.25,0.146,1
ImageNette|eightsignal_warm|2,ImageNette,eightsignal_warm,2,97,100.0,26.1,84.237,INT8,1,Stressed,gas pump,street sign,0,0.0703,104.31,0.501,0
ImageNette|eightsignal_warm|2,ImageNette,eightsignal_warm,2,98,100.0,26.1,83.263,INT8,1,Stressed,church,church,1,0.7109,150.74,0.531,0
ImageNette|eightsignal_warm|2,ImageNette,eightsignal_warm,2,99,100.0,26.1,83.75,INT8,1,Stressed,golf ball,golf ball,1,0.7852,95.86,0.15,0
ImageNette|eightsignal_warm|3,ImageNette,eightsignal_warm,3,0,0.0,25.7,80.341,FP32,0,Normal,cassette player,cassette player,1,0.6148,64.67,0.341,0
ImageNette|eightsignal_warm|3,ImageNette,eightsignal_warm,3,1,0.0,25.7,79.854,INT8,1,Normal,gas pump,gas pump,1,0.668,45.37,0.339,1
ImageNette|eightsignal_warm|3,ImageNette,eightsignal_warm,3,2,0.0,25.7,79.367,INT8,1,Normal,garbage truck,garbage truck,1,0.8438,45.38,0.406,0
ImageNette|eightsignal_warm|3,ImageNette,eightsignal_warm,3,3,0.0,25.7,78.393,INT8,1,Normal,chain saw,street sign,0,0.1602,45.36,0.417,0
ImageNette|eightsignal_warm|3,ImageNette,eightsignal_warm,3,4,0.0,25.7,76.932,FP32,0,Normal,tench,tench,1,0.9637,64.78,0.415,1
ImageNette|eightsignal_warm|3,ImageNette,eightsignal_warm,3,5,0.0,25.7,76.932,FP32,0,Normal,tench,tench,1,0.8553,65.26,0.421,0
ImageNette|eightsignal_warm|3,ImageNette,eightsignal_warm,3,6,0.0,25.7,75.958,FP32,0,Normal,French horn,French horn,1,0.7895,65.11,0.427,0
ImageNette|eightsignal_warm|3,ImageNette,eightsignal_warm,3,7,0.0,25.7,75.958,FP32,0,Normal,cassette player,cassette player,1,0.4806,65.1,0.426,0
ImageNette|eightsignal_warm|3,ImageNette,eightsignal_warm,3,8,2.0,25.7,75.958,INT8,1,Normal,English springer,English springer,1,0.2695,45.38,0.431,1
ImageNette|eightsignal_warm|3,ImageNette,eightsignal_warm,3,9,0.0,25.7,75.958,INT8,1,Normal,cassette player,modem,0,0.1797,45.39,0.432,0
ImageNette|eightsignal_warm|3,ImageNette,eightsignal_warm,3,10,0.0,25.7,74.497,INT8,1,Normal,parachute,parachute,1,0.9844,45.39,0.431,0
ImageNette|eightsignal_warm|3,ImageNette,eightsignal_warm,3,11,0.0,25.7,74.01,FP32,0,Normal,French horn,French horn,1,0.7794,105.91,0.894,1
ImageNette|eightsignal_warm|3,ImageNette,eightsignal_warm,3,12,2.0,25.7,73.523,FP32,0,Normal,garbage truck,mobile home,0,0.0621,64.94,0.438,0
ImageNette|eightsignal_warm|3,ImageNette,eightsignal_warm,3,13,0.0,25.7,72.549,FP32,0,Normal,English springer,English springer,1,0.25,65.04,0.13,0
ImageNette|eightsignal_warm|3,ImageNette,eightsignal_warm,3,14,0.0,25.7,74.01,FP32,0,Normal,chain saw,chain saw,1,0.3724,65.0,0.128,0
ImageNette|eightsignal_warm|3,ImageNette,eightsignal_warm,3,15,0.0,25.7,74.01,INT8,1,Normal,garbage truck,garbage truck,1,0.8477,45.37,0.432,1
ImageNette|eightsignal_warm|3,ImageNette,eightsignal_warm,3,16,0.0,25.7,73.036,INT8,1,Normal,English springer,wire-haired fox terrier,0,0.2148,45.38,0.437,0
ImageNette|eightsignal_warm|3,ImageNette,eightsignal_warm,3,17,0.0,25.7,72.549,INT8,1,Normal,garbage truck,garbage truck,1,0.5977,45.4,0.131,0
ImageNette|eightsignal_warm|3,ImageNette,eightsignal_warm,3,18,0.0,25.7,73.523,FP32,0,Normal,tench,tench,1,0.8855,64.83,0.447,1
ImageNette|eightsignal_warm|3,ImageNette,eightsignal_warm,3,19,0.0,25.7,72.549,FP32,0,Normal,chain saw,snowmobile,0,0.2455,64.91,0.441,0
ImageNette|eightsignal_warm|3,ImageNette,eightsignal_warm,3,20,0.0,25.7,72.549,INT8,1,Normal,chain saw,chain saw,1,0.9766,82.53,0.896,1
ImageNette|eightsignal_warm|3,ImageNette,eightsignal_warm,3,21,2.0,25.6,73.036,INT8,1,Normal,chain saw,chain saw,1,0.3398,86.06,0.339,0
ImageNette|eightsignal_warm|3,ImageNette,eightsignal_warm,3,22,2.0,25.6,71.088,INT8,1,Normal,cassette player,cassette player,1,0.4453,45.45,0.434,0
ImageNette|eightsignal_warm|3,ImageNette,eightsignal_warm,3,23,0.0,25.6,71.575,FP32,0,Normal,chain saw,chain saw,1,0.4287,64.99,0.13,1
ImageNette|eightsignal_warm|3,ImageNette,eightsignal_warm,3,24,0.0,25.6,70.601,FP32,0,Normal,golf ball,golf ball,1,0.7976,64.98,0.129,0
ImageNette|eightsignal_warm|3,ImageNette,eightsignal_warm,3,25,0.0,25.6,71.088,INT8,1,Normal,French horn,French horn,1,0.418,45.39,0.437,1
ImageNette|eightsignal_warm|3,ImageNette,eightsignal_warm,3,26,0.0,25.6,71.575,INT8,1,Normal,English springer,English springer,1,0.7578,45.39,0.437,0
ImageNette|eightsignal_warm|3,ImageNette,eightsignal_warm,3,27,0.0,25.6,71.088,INT8,1,Normal,cassette player,radio,0,0.3438,45.41,0.437,0
ImageNette|eightsignal_warm|3,ImageNette,eightsignal_warm,3,28,0.0,25.6,70.601,FP32,0,Normal,garbage truck,garbage truck,1,0.7635,64.94,0.434,1
ImageNette|eightsignal_warm|3,ImageNette,eightsignal_warm,3,29,2.0,25.7,70.601,FP32,0,Normal,tench,tench,1,0.9563,64.87,0.496,0
ImageNette|eightsignal_warm|3,ImageNette,eightsignal_warm,3,30,0.0,25.7,70.601,FP32,0,Normal,golf ball,golf ball,1,0.8779,91.39,0.892,0
ImageNette|eightsignal_warm|3,ImageNette,eightsignal_warm,3,31,0.0,25.7,70.114,FP32,0,Normal,French horn,French horn,1,0.7019,65.03,0.436,0
ImageNette|eightsignal_warm|3,ImageNette,eightsignal_warm,3,32,0.0,25.7,71.088,FP32,0,Normal,golf ball,golf ball,1,0.9662,64.93,0.442,0
ImageNette|eightsignal_warm|3,ImageNette,eightsignal_warm,3,33,0.0,25.7,70.601,FP32,0,Normal,cassette player,cassette player,1,0.5805,64.99,0.436,0
ImageNette|eightsignal_warm|3,ImageNette,eightsignal_warm,3,34,0.0,25.7,70.114,FP32,0,Normal,golf ball,golf ball,1,0.8831,65.01,0.439,0
ImageNette|eightsignal_warm|3,ImageNette,eightsignal_warm,3,35,0.0,25.7,70.114,FP32,0,Normal,French horn,French horn,1,0.9398,65.04,0.434,0
ImageNette|eightsignal_warm|3,ImageNette,eightsignal_warm,3,36,0.0,25.7,70.114,FP32,0,Normal,French horn,French horn,1,0.9176,65.0,0.439,0
ImageNette|eightsignal_warm|3,ImageNette,eightsignal_warm,3,37,0.0,25.7,70.114,FP32,0,Normal,golf ball,golf ball,1,0.9336,64.99,0.438,0
ImageNette|eightsignal_warm|3,ImageNette,eightsignal_warm,3,38,0.0,25.7,70.114,FP32,0,Normal,parachute,parachute,1,0.8589,65.04,0.433,0
ImageNette|eightsignal_warm|3,ImageNette,eightsignal_warm,3,39,0.0,25.7,69.627,FP32,0,Normal,English springer,Brittany spaniel,0,0.1223,104.96,1.029,0
ImageNette|eightsignal_warm|3,ImageNette,eightsignal_warm,3,40,100.0,25.9,75.471,FP32,0,Stressed,gas pump,gas pump,1,0.3287,128.75,4.478,0
ImageNette|eightsignal_warm|3,ImageNette,eightsignal_warm,3,41,100.0,25.9,77.906,INT8,1,Stressed,French horn,French horn,1,0.9336,94.01,4.487,1
ImageNette|eightsignal_warm|3,ImageNette,eightsignal_warm,3,42,100.0,25.9,77.419,INT8,1,Stressed,tench,tench,1,0.918,93.82,0.132,0
ImageNette|eightsignal_warm|3,ImageNette,eightsignal_warm,3,43,100.0,25.9,77.906,INT8,1,Stressed,gas pump,moped,0,0.3945,89.63,0.135,0
ImageNette|eightsignal_warm|3,ImageNette,eightsignal_warm,3,44,100.0,25.9,78.393,INT8,1,Stressed,gas pump,gas pump,1,0.9688,93.86,0.448,0
ImageNette|eightsignal_warm|3,ImageNette,eightsignal_warm,3,45,100.0,25.9,79.854,INT8,1,Stressed,golf ball,golf ball,1,0.9297,89.66,0.136,0
ImageNette|eightsignal_warm|3,ImageNette,eightsignal_warm,3,46,100.0,25.9,80.828,FP32,0,Stressed,cassette player,cassette player,1,0.304,117.86,8.786,1
ImageNette|eightsignal_warm|3,ImageNette,eightsignal_warm,3,47,100.0,25.9,82.289,INT8,1,Stressed,English springer,clumber,0,0.3086,93.51,0.469,1
ImageNette|eightsignal_warm|3,ImageNette,eightsignal_warm,3,48,100.0,25.9,80.828,INT8,1,Stressed,tench,tench,1,0.2305,93.9,0.463,0
ImageNette|eightsignal_warm|3,ImageNette,eightsignal_warm,3,49,100.0,25.9,82.289,INT8,1,Stressed,French horn,cornet,0,0.5117,94.33,0.486,0
ImageNette|eightsignal_warm|3,ImageNette,eightsignal_warm,3,50,100.0,25.9,82.776,INT8,1,Stressed,cassette player,cassette player,1,0.9453,94.6,0.137,0
ImageNette|eightsignal_warm|3,ImageNette,eightsignal_warm,3,51,100.0,25.9,82.289,FP32,0,Stressed,parachute,sarong,0,0.1213,132.47,0.483,1
ImageNette|eightsignal_warm|3,ImageNette,eightsignal_warm,3,52,100.0,25.9,82.776,INT8,1,Stressed,parachute,parachute,1,0.8438,94.46,0.475,1
ImageNette|eightsignal_warm|3,ImageNette,eightsignal_warm,3,53,100.0,25.9,83.263,INT8,1,Stressed,chain saw,chain saw,1,0.0547,101.47,0.132,0
ImageNette|eightsignal_warm|3,ImageNette,eightsignal_warm,3,54,100.0,25.9,82.776,INT8,1,Stressed,tench,tench,1,0.7227,95.48,0.474,0
ImageNette|eightsignal_warm|3,ImageNette,eightsignal_warm,3,55,100.0,25.9,82.289,INT8,1,Stressed,church,palace,0,0.3047,94.3,0.135,0
ImageNette|eightsignal_warm|3,ImageNette,eightsignal_warm,3,56,100.0,25.9,82.776,FP32,0,Stressed,French horn,French horn,1,0.9494,124.72,0.477,1
ImageNette|eightsignal_warm|3,ImageNette,eightsignal_warm,3,57,100.0,25.9,82.776,INT8,1,Stressed,garbage truck,garbage truck,1,0.3906,96.96,0.137,1
ImageNette|eightsignal_warm|3,ImageNette,eightsignal_warm,3,58,100.0,25.9,82.776,INT8,1,Stressed,gas pump,forklift,0,0.7031,91.3,0.138,0
ImageNette|eightsignal_warm|3,ImageNette,eightsignal_warm,3,59,100.0,25.9,83.75,INT8,1,Stressed,parachute,parachute,1,0.3242,102.42,0.485,0
ImageNette|eightsignal_warm|3,ImageNette,eightsignal_warm,3,60,100.0,25.9,83.263,INT8,1,Stressed,tench,tench,1,0.9297,101.43,0.134,0
ImageNette|eightsignal_warm|3,ImageNette,eightsignal_warm,3,61,100.0,25.9,84.724,INT8,1,Stressed,English springer,sloth bear,0,0.375,97.03,0.132,0
ImageNette|eightsignal_warm|3,ImageNette,eightsignal_warm,3,62,100.0,25.9,82.776,INT8,1,Stressed,garbage truck,garbage truck,1,0.1797,98.1,0.141,0
ImageNette|eightsignal_warm|3,ImageNette,eightsignal_warm,3,63,100.0,25.9,83.75,FP32,0,Stressed,French horn,French horn,1,0.8855,136.02,0.484,1
ImageNette|eightsignal_warm|3,ImageNette,eightsignal_warm,3,64,100.0,25.9,83.75,INT8,1,Stressed,gas pump,gas pump,1,0.6719,98.1,4.269,1
ImageNette|eightsignal_warm|3,ImageNette,eightsignal_warm,3,65,100.0,25.9,82.289,INT8,1,Stressed,parachute,parachute,1,0.9219,95.51,0.464,0
ImageNette|eightsignal_warm|3,ImageNette,eightsignal_warm,3,66,100.0,25.9,83.75,INT8,1,Stressed,parachute,sandbar,0,0.2578,97.09,0.137,0
ImageNette|eightsignal_warm|3,ImageNette,eightsignal_warm,3,67,100.0,25.9,83.75,FP32,0,Stressed,parachute,parachute,1,0.9766,143.31,0.482,1
ImageNette|eightsignal_warm|3,ImageNette,eightsignal_warm,3,68,100.0,25.9,83.75,INT8,1,Stressed,French horn,paper towel,0,0.0898,96.17,0.139,1
ImageNette|eightsignal_warm|3,ImageNette,eightsignal_warm,3,69,100.0,25.9,82.289,INT8,1,Stressed,tench,tench,1,0.7773,90.51,4.528,0
ImageNette|eightsignal_warm|3,ImageNette,eightsignal_warm,3,70,100.0,25.9,82.776,INT8,1,Stressed,gas pump,vending machine,0,0.2266,102.88,0.142,0
ImageNette|eightsignal_warm|3,ImageNette,eightsignal_warm,3,71,100.0,25.9,82.776,FP32,0,Stressed,golf ball,golf ball,1,0.9209,142.76,0.491,1
ImageNette|eightsignal_warm|3,ImageNette,eightsignal_warm,3,72,100.0,25.9,82.776,INT8,1,Stressed,garbage truck,garbage truck,1,0.5977,95.49,0.145,1
ImageNette|eightsignal_warm|3,ImageNette,eightsignal_warm,3,73,100.0,25.9,83.263,INT8,1,Stressed,chain saw,chain saw,1,0.9492,95.5,0.497,0
ImageNette|eightsignal_warm|3,ImageNette,eightsignal_warm,3,74,100.0,25.9,83.263,INT8,1,Stressed,French horn,French horn,1,0.9688,95.46,0.14,0
ImageNette|eightsignal_warm|3,ImageNette,eightsignal_warm,3,75,100.0,25.9,83.263,INT8,1,Stressed,tench,tench,1,0.6133,103.61,0.139,0
ImageNette|eightsignal_warm|3,ImageNette,eightsignal_warm,3,76,100.0,25.9,83.263,FP32,0,Stressed,tench,tench,1,0.4544,131.66,8.614,1
ImageNette|eightsignal_warm|3,ImageNette,eightsignal_warm,3,77,100.0,25.9,82.776,INT8,1,Stressed,church,church,1,0.8164,97.74,0.147,1
ImageNette|eightsignal_warm|3,ImageNette,eightsignal_warm,3,78,100.0,25.9,82.776,INT8,1,Stressed,golf ball,golf ball,1,0.8203,101.99,0.493,0
ImageNette|eightsignal_warm|3,ImageNette,eightsignal_warm,3,79,100.0,25.9,83.75,INT8,1,Stressed,parachute,parachute,1,0.8047,102.29,0.146,0
ImageNette|eightsignal_warm|3,ImageNette,eightsignal_warm,3,80,100.0,25.9,82.776,FP32,0,Stressed,church,church,1,0.3991,137.35,0.502,1
ImageNette|eightsignal_warm|3,ImageNette,eightsignal_warm,3,81,100.0,25.9,83.75,INT8,1,Stressed,golf ball,golf ball,1,0.1016,95.69,0.482,1
ImageNette|eightsignal_warm|3,ImageNette,eightsignal_warm,3,82,100.0,25.9,83.263,INT8,1,Stressed,golf ball,bathing cap,0,0.1328,109.19,0.493,0
ImageNette|eightsignal_warm|3,ImageNette,eightsignal_warm,3,83,100.0,25.9,83.263,INT8,1,Stressed,English springer,German short-haired pointer,0,0.5664,95.57,0.514,0
ImageNette|eightsignal_warm|3,ImageNette,eightsignal_warm,3,84,100.0,25.9,83.75,FP32,0,Stressed,tench,tench,1,0.827,143.37,0.495,1
ImageNette|eightsignal_warm|3,ImageNette,eightsignal_warm,3,85,100.0,25.9,82.776,INT8,1,Stressed,garbage truck,garbage truck,1,0.7188,103.49,0.139,1
ImageNette|eightsignal_warm|3,ImageNette,eightsignal_warm,3,86,100.0,25.9,83.75,INT8,1,Stressed,parachute,parachute,1,0.918,95.68,0.492,0
ImageNette|eightsignal_warm|3,ImageNette,eightsignal_warm,3,87,100.0,25.9,83.263,INT8,1,Stressed,cassette player,marimba,0,0.1289,94.56,0.141,0
ImageNette|eightsignal_warm|3,ImageNette,eightsignal_warm,3,88,100.0,25.9,84.237,FP32,0,Stressed,cassette player,printer,0,0.7214,135.71,0.492,1
ImageNette|eightsignal_warm|3,ImageNette,eightsignal_warm,3,89,100.0,25.9,83.75,INT8,1,Stressed,tench,tench,1,0.707,99.19,0.142,1
ImageNette|eightsignal_warm|3,ImageNette,eightsignal_warm,3,90,100.0,25.9,83.263,INT8,1,Stressed,parachute,parachute,1,0.957,96.97,4.524,0
ImageNette|eightsignal_warm|3,ImageNette,eightsignal_warm,3,91,100.0,25.9,83.263,INT8,1,Stressed,gas pump,gas pump,1,0.1016,95.97,0.137,0
ImageNette|eightsignal_warm|3,ImageNette,eightsignal_warm,3,92,100.0,25.9,84.237,FP32,0,Stressed,English springer,English setter,0,0.0983,135.62,0.488,1
ImageNette|eightsignal_warm|3,ImageNette,eightsignal_warm,3,93,100.0,25.9,84.237,INT8,1,Stressed,gas pump,gas pump,1,0.8203,101.37,0.14,1
ImageNette|eightsignal_warm|3,ImageNette,eightsignal_warm,3,94,100.0,25.9,83.75,INT8,1,Stressed,tench,tench,1,0.3164,103.92,0.14,0
ImageNette|eightsignal_warm|3,ImageNette,eightsignal_warm,3,95,100.0,25.9,83.75,INT8,1,Stressed,tench,plastic bag,0,0.9336,103.88,0.506,0
ImageNette|eightsignal_warm|3,ImageNette,eightsignal_warm,3,96,100.0,25.9,83.263,INT8,1,Stressed,gas pump,ambulance,0,0.332,97.14,0.141,0
ImageNette|eightsignal_warm|3,ImageNette,eightsignal_warm,3,97,100.0,25.9,82.776,INT8,1,Stressed,gas pump,street sign,0,0.0703,103.7,0.152,0
ImageNette|eightsignal_warm|3,ImageNette,eightsignal_warm,3,98,100.0,25.9,83.263,FP32,0,Stressed,church,church,1,0.7075,125.65,0.501,1
ImageNette|eightsignal_warm|3,ImageNette,eightsignal_warm,3,99,100.0,25.9,84.237,INT8,1,Stressed,golf ball,golf ball,1,0.7852,91.48,0.144,1
Custom|baseline|1,Custom,baseline,1,0,0.0,24.9,79.854,FP32,0,Normal,golf ball,soccer ball,0,0.4077,64.83,0.0,0
Custom|baseline|1,Custom,baseline,1,1,0.0,24.7,77.419,FP32,0,Normal,cassette player,cassette,0,0.9074,64.83,0.0,0
Custom|baseline|1,Custom,baseline,1,2,0.0,24.8,76.445,FP32,0,Normal,chain saw,chain saw,1,0.9744,65.21,0.0,0
Custom|baseline|1,Custom,baseline,1,3,0.0,24.8,76.445,FP32,0,Normal,church,bell cote,0,0.6433,65.22,0.0,0
Custom|baseline|1,Custom,baseline,1,4,0.0,24.8,74.984,FP32,0,Normal,unknown,parachute,,0.1668,65.2,0.0,0
Custom|baseline|1,Custom,baseline,1,5,0.0,24.8,74.984,FP32,0,Normal,unknown,Welsh springer spaniel,,0.3887,65.19,0.0,0
Custom|baseline|1,Custom,baseline,1,6,0.0,24.8,74.01,FP32,0,Normal,golf ball,golf ball,1,0.8637,65.49,0.0,0
Custom|baseline|1,Custom,baseline,1,7,0.0,24.6,74.497,FP32,0,Normal,unknown,French horn,,0.909,65.36,0.0,0
Custom|baseline|1,Custom,baseline,1,8,0.0,25.4,73.036,FP32,0,Normal,parachute,balloon,0,0.9727,65.13,0.0,0
Custom|baseline|1,Custom,baseline,1,9,0.0,25.4,74.01,FP32,0,Normal,unknown,fountain pen,,0.79,65.17,0.0,0
Custom|baseline|1,Custom,baseline,1,10,0.0,25.4,72.549,FP32,0,Normal,unknown,iPod,,0.2564,65.22,0.0,0
Custom|baseline|1,Custom,baseline,1,11,0.0,25.4,71.575,FP32,0,Normal,unknown,hummingbird,,0.0748,65.26,0.0,0
Custom|baseline|1,Custom,baseline,1,12,0.0,25.4,71.575,FP32,0,Normal,tench,tench,1,0.7216,65.19,0.0,0
Custom|baseline|1,Custom,baseline,1,13,0.0,25.4,71.088,FP32,0,Normal,garbage truck,garbage truck,1,0.883,65.17,0.0,0
Custom|baseline|1,Custom,baseline,1,14,0.0,25.4,71.088,FP32,0,Normal,golf ball,soccer ball,0,0.4077,65.19,0.0,0
Custom|baseline|1,Custom,baseline,1,15,0.0,25.4,72.549,FP32,0,Normal,cassette player,cassette,0,0.9074,65.23,0.0,0
Custom|baseline|1,Custom,baseline,1,16,0.0,25.4,71.088,FP32,0,Normal,chain saw,chain saw,1,0.9744,65.17,0.0,0
Custom|baseline|1,Custom,baseline,1,17,0.0,25.4,70.601,FP32,0,Normal,church,bell cote,0,0.6433,65.14,0.0,0
Custom|baseline|1,Custom,baseline,1,18,0.0,25.4,70.601,FP32,0,Normal,unknown,parachute,,0.1668,65.17,0.0,0
Custom|baseline|1,Custom,baseline,1,19,0.0,25.4,70.114,FP32,0,Normal,unknown,Welsh springer spaniel,,0.3887,106.13,0.0,0
Custom|baseline|1,Custom,baseline,1,20,0.0,25.4,69.14,FP32,0,Normal,golf ball,golf ball,1,0.8637,65.09,0.0,0
Custom|baseline|1,Custom,baseline,1,21,0.0,25.4,68.653,FP32,0,Normal,unknown,French horn,,0.909,65.01,0.0,0
Custom|baseline|1,Custom,baseline,1,22,0.0,24.7,70.114,FP32,0,Normal,parachute,balloon,0,0.9727,65.06,0.0,0
Custom|baseline|1,Custom,baseline,1,23,0.0,24.7,69.627,FP32,0,Normal,unknown,fountain pen,,0.79,65.16,0.0,0
Custom|baseline|1,Custom,baseline,1,24,0.0,24.7,68.653,FP32,0,Normal,unknown,iPod,,0.2564,65.19,0.0,0
Custom|baseline|1,Custom,baseline,1,25,0.0,25.5,69.14,FP32,0,Normal,unknown,hummingbird,,0.0748,65.39,0.0,0
Custom|baseline|1,Custom,baseline,1,26,0.0,25.5,68.166,FP32,0,Normal,tench,tench,1,0.7216,65.08,0.0,0
Custom|baseline|1,Custom,baseline,1,27,0.0,25.5,68.653,FP32,0,Normal,garbage truck,garbage truck,1,0.883,65.1,0.0,0
Custom|baseline|1,Custom,baseline,1,28,0.0,25.5,68.653,FP32,0,Normal,golf ball,soccer ball,0,0.4077,106.49,0.0,0
Custom|baseline|1,Custom,baseline,1,29,0.0,25.5,67.679,FP32,0,Normal,cassette player,cassette,0,0.9074,65.14,0.0,0
Custom|baseline|1,Custom,baseline,1,30,0.0,25.5,68.653,FP32,0,Normal,chain saw,chain saw,1,0.9744,65.09,0.0,0
Custom|baseline|1,Custom,baseline,1,31,0.0,25.5,67.679,FP32,0,Normal,church,bell cote,0,0.6433,64.98,0.0,0
Custom|baseline|1,Custom,baseline,1,32,0.0,25.5,67.679,FP32,0,Normal,unknown,parachute,,0.1668,65.06,0.0,0
Custom|baseline|1,Custom,baseline,1,33,0.0,25.5,66.705,FP32,0,Normal,unknown,Welsh springer spaniel,,0.3887,64.98,0.0,0
Custom|baseline|1,Custom,baseline,1,34,0.0,25.5,67.192,FP32,0,Normal,golf ball,golf ball,1,0.8637,65.09,0.0,0
Custom|baseline|1,Custom,baseline,1,35,0.0,25.5,66.705,FP32,0,Normal,unknown,French horn,,0.909,65.06,0.0,0
Custom|baseline|1,Custom,baseline,1,36,0.0,25.8,67.192,FP32,0,Normal,parachute,balloon,0,0.9727,64.9,0.0,0
Custom|baseline|1,Custom,baseline,1,37,0.0,25.8,66.218,FP32,0,Normal,unknown,fountain pen,,0.79,103.8,0.0,0
Custom|baseline|1,Custom,baseline,1,38,0.0,25.8,67.192,FP32,0,Normal,unknown,iPod,,0.2564,65.14,0.0,0
Custom|baseline|1,Custom,baseline,1,39,0.0,25.8,66.705,FP32,0,Normal,unknown,hummingbird,,0.0748,65.09,0.0,0
Custom|baseline|1,Custom,baseline,1,40,100.0,26.2,72.549,FP32,0,Stressed,tench,tench,1,0.7216,128.49,0.0,0
Custom|baseline|1,Custom,baseline,1,41,100.0,26.2,74.497,FP32,0,Stressed,garbage truck,garbage truck,1,0.883,129.97,0.0,0
Custom|baseline|1,Custom,baseline,1,42,100.0,26.2,74.984,FP32,0,Stressed,golf ball,soccer ball,0,0.4077,134.68,0.0,0
Custom|baseline|1,Custom,baseline,1,43,100.0,26.2,76.932,FP32,0,Stressed,cassette player,cassette,0,0.9074,130.0,0.0,0
Custom|baseline|1,Custom,baseline,1,44,100.0,26.2,76.932,FP32,0,Stressed,chain saw,chain saw,1,0.9744,134.35,0.0,0
Custom|baseline|1,Custom,baseline,1,45,100.0,26.2,75.958,FP32,0,Stressed,church,bell cote,0,0.6433,121.45,0.0,0
Custom|baseline|1,Custom,baseline,1,46,100.0,26.2,78.393,FP32,0,Stressed,unknown,parachute,,0.1668,113.04,0.0,0
Custom|baseline|1,Custom,baseline,1,47,100.0,26.2,78.393,FP32,0,Stressed,unknown,Welsh springer spaniel,,0.3887,117.93,0.0,0
Custom|baseline|1,Custom,baseline,1,48,100.0,26.2,79.367,FP32,0,Stressed,golf ball,golf ball,1,0.8637,129.75,0.0,0
Custom|baseline|1,Custom,baseline,1,49,100.0,26.2,79.367,FP32,0,Stressed,unknown,French horn,,0.909,110.21,0.0,0
Custom|baseline|1,Custom,baseline,1,50,100.0,26.3,79.854,FP32,0,Stressed,parachute,balloon,0,0.9727,122.29,0.0,0
Custom|baseline|1,Custom,baseline,1,51,100.0,26.3,78.88,FP32,0,Stressed,unknown,fountain pen,,0.79,131.18,0.0,0
Custom|baseline|1,Custom,baseline,1,52,100.0,26.3,79.854,FP32,0,Stressed,unknown,iPod,,0.2564,129.29,0.0,0
Custom|baseline|1,Custom,baseline,1,53,100.0,26.3,80.828,FP32,0,Stressed,unknown,hummingbird,,0.0748,128.63,0.0,0
Custom|baseline|1,Custom,baseline,1,54,100.0,26.3,80.828,FP32,0,Stressed,tench,tench,1,0.7216,125.93,0.0,0
Custom|baseline|1,Custom,baseline,1,55,100.0,26.3,80.828,FP32,0,Stressed,garbage truck,garbage truck,1,0.883,134.37,0.0,0
Custom|baseline|1,Custom,baseline,1,56,100.0,26.2,82.289,FP32,0,Stressed,golf ball,soccer ball,0,0.4077,134.42,0.0,0
Custom|baseline|1,Custom,baseline,1,57,100.0,26.2,81.315,FP32,0,Stressed,cassette player,cassette,0,0.9074,121.99,0.0,0
Custom|baseline|1,Custom,baseline,1,58,100.0,26.1,81.802,FP32,0,Stressed,chain saw,chain saw,1,0.9744,134.45,0.0,0
Custom|baseline|1,Custom,baseline,1,59,100.0,26.1,81.315,FP32,0,Stressed,church,bell cote,0,0.6433,134.52,0.0,0
Custom|baseline|2,Custom,baseline,2,0,0.0,25.7,80.828,FP32,0,Normal,golf ball,soccer ball,0,0.4077,64.76,0.0,0
Custom|baseline|2,Custom,baseline,2,1,0.0,25.7,79.367,FP32,0,Normal,cassette player,cassette,0,0.9074,64.76,0.0,0
Custom|baseline|2,Custom,baseline,2,2,0.0,25.7,77.906,FP32,0,Normal,chain saw,chain saw,1,0.9744,65.12,0.0,0
Custom|baseline|2,Custom,baseline,2,3,0.0,25.7,78.393,FP32,0,Normal,church,bell cote,0,0.6433,65.07,0.0,0
Custom|baseline|2,Custom,baseline,2,4,0.0,25.7,77.419,FP32,0,Normal,unknown,parachute,,0.1668,65.02,0.0,0
Custom|baseline|2,Custom,baseline,2,5,2.0,25.7,76.445,FP32,0,Normal,unknown,Welsh springer spaniel,,0.3887,64.97,0.0,0
Custom|baseline|2,Custom,baseline,2,6,2.0,25.7,75.471,FP32,0,Normal,golf ball,golf ball,1,0.8637,96.56,0.0,0
Custom|baseline|2,Custom,baseline,2,7,0.0,25.7,75.958,FP32,0,Normal,unknown,French horn,,0.909,65.11,0.0,0
Custom|baseline|2,Custom,baseline,2,8,0.0,25.6,74.497,FP32,0,Normal,parachute,balloon,0,0.9727,65.06,0.0,0
Custom|baseline|2,Custom,baseline,2,9,0.0,25.6,74.497,FP32,0,Normal,unknown,fountain pen,,0.79,65.01,0.0,0
Custom|baseline|2,Custom,baseline,2,10,2.0,25.6,74.984,FP32,0,Normal,unknown,iPod,,0.2564,65.04,0.0,0
Custom|baseline|2,Custom,baseline,2,11,0.0,25.5,74.984,FP32,0,Normal,unknown,hummingbird,,0.0748,64.95,0.0,0
Custom|baseline|2,Custom,baseline,2,12,0.0,25.5,73.036,FP32,0,Normal,tench,tench,1,0.7216,64.73,0.0,0
Custom|baseline|2,Custom,baseline,2,13,2.0,25.5,74.01,FP32,0,Normal,garbage truck,garbage truck,1,0.883,64.82,0.0,0
Custom|baseline|2,Custom,baseline,2,14,0.0,25.5,73.523,FP32,0,Normal,golf ball,soccer ball,0,0.4077,64.82,0.0,0
Custom|baseline|2,Custom,baseline,2,15,0.0,25.5,74.01,FP32,0,Normal,cassette player,cassette,0,0.9074,118.54,0.0,0
Custom|baseline|2,Custom,baseline,2,16,0.0,25.5,72.062,FP32,0,Normal,chain saw,chain saw,1,0.9744,65.08,0.0,0
Custom|baseline|2,Custom,baseline,2,17,0.0,25.5,72.062,FP32,0,Normal,church,bell cote,0,0.6433,64.98,0.0,0
Custom|baseline|2,Custom,baseline,2,18,0.0,25.5,73.036,FP32,0,Normal,unknown,parachute,,0.1668,64.97,0.0,0
Custom|baseline|2,Custom,baseline,2,19,0.0,25.5,72.062,FP32,0,Normal,unknown,Welsh springer spaniel,,0.3887,64.83,0.0,0
Custom|baseline|2,Custom,baseline,2,20,2.0,25.5,71.575,FP32,0,Normal,golf ball,golf ball,1,0.8637,65.15,0.0,0
Custom|baseline|2,Custom,baseline,2,21,0.0,25.5,72.062,FP32,0,Normal,unknown,French horn,,0.909,64.5,0.0,0
Custom|baseline|2,Custom,baseline,2,22,0.0,25.2,72.062,FP32,0,Normal,parachute,balloon,0,0.9727,64.91,0.0,0
Custom|baseline|2,Custom,baseline,2,23,0.0,25.2,71.088,FP32,0,Normal,unknown,fountain pen,,0.79,65.1,0.0,0
Custom|baseline|2,Custom,baseline,2,24,0.0,25.2,71.088,FP32,0,Normal,unknown,iPod,,0.2564,64.67,0.0,0
Custom|baseline|2,Custom,baseline,2,25,0.0,25.6,71.575,FP32,0,Normal,unknown,hummingbird,,0.0748,64.92,0.0,0
Custom|baseline|2,Custom,baseline,2,26,0.0,25.6,70.601,FP32,0,Normal,tench,tench,1,0.7216,65.02,0.0,0
Custom|baseline|2,Custom,baseline,2,27,0.0,25.6,70.114,FP32,0,Normal,garbage truck,garbage truck,1,0.883,65.0,0.0,0
Custom|baseline|2,Custom,baseline,2,28,0.0,25.6,71.088,FP32,0,Normal,golf ball,soccer ball,0,0.4077,64.7,0.0,0
Custom|baseline|2,Custom,baseline,2,29,0.0,25.6,71.088,FP32,0,Normal,cassette player,cassette,0,0.9074,64.57,0.0,0
Custom|baseline|2,Custom,baseline,2,30,0.0,25.6,69.14,FP32,0,Normal,chain saw,chain saw,1,0.9744,64.87,0.0,0
Custom|baseline|2,Custom,baseline,2,31,0.0,25.6,70.114,FP32,0,Normal,church,bell cote,0,0.6433,64.84,0.0,0
Custom|baseline|2,Custom,baseline,2,32,0.0,25.6,70.601,FP32,0,Normal,unknown,parachute,,0.1668,65.13,0.0,0
Custom|baseline|2,Custom,baseline,2,33,0.0,25.6,69.627,FP32,0,Normal,unknown,Welsh springer spaniel,,0.3887,105.75,0.0,0
Custom|baseline|2,Custom,baseline,2,34,0.0,25.6,70.114,FP32,0,Normal,golf ball,golf ball,1,0.8637,64.97,0.0,0
Custom|baseline|2,Custom,baseline,2,35,0.0,25.6,70.114,FP32,0,Normal,unknown,French horn,,0.909,64.58,0.0,0
Custom|baseline|2,Custom,baseline,2,36,0.0,25.3,70.114,FP32,0,Normal,parachute,balloon,0,0.9727,64.94,0.0,0
Custom|baseline|2,Custom,baseline,2,37,0.0,25.3,69.627,FP32,0,Normal,unknown,fountain pen,,0.79,64.89,0.0,0
Custom|baseline|2,Custom,baseline,2,38,0.0,25.3,70.601,FP32,0,Normal,unknown,iPod,,0.2564,65.04,0.0,0
Custom|baseline|2,Custom,baseline,2,39,0.0,25.5,71.575,FP32,0,Normal,unknown,hummingbird,,0.0748,65.07,0.0,0
Custom|baseline|2,Custom,baseline,2,40,100.0,26.2,75.958,FP32,0,Stressed,tench,tench,1,0.7216,128.52,0.0,0
Custom|baseline|2,Custom,baseline,2,41,100.0,26.2,77.906,FP32,0,Stressed,garbage truck,garbage truck,1,0.883,129.44,0.0,0
Custom|baseline|2,Custom,baseline,2,42,100.0,26.2,78.393,FP32,0,Stressed,golf ball,soccer ball,0,0.4077,129.89,0.0,0
Custom|baseline|2,Custom,baseline,2,43,100.0,26.2,78.88,FP32,0,Stressed,cassette player,cassette,0,0.9074,129.68,0.0,0
Custom|baseline|2,Custom,baseline,2,44,100.0,26.2,79.367,FP32,0,Stressed,chain saw,chain saw,1,0.9744,134.75,0.0,0
Custom|baseline|2,Custom,baseline,2,45,100.0,26.2,79.367,FP32,0,Stressed,church,bell cote,0,0.6433,129.86,0.0,0
Custom|baseline|2,Custom,baseline,2,46,100.0,26.2,80.828,FP32,0,Stressed,unknown,parachute,,0.1668,133.55,0.0,0
Custom|baseline|2,Custom,baseline,2,47,100.0,26.2,81.315,FP32,0,Stressed,unknown,Welsh springer spaniel,,0.3887,134.16,0.0,0
Custom|baseline|2,Custom,baseline,2,48,100.0,26.2,81.315,FP32,0,Stressed,golf ball,golf ball,1,0.8637,130.36,0.0,0
Custom|baseline|2,Custom,baseline,2,49,100.0,26.2,82.289,FP32,0,Stressed,unknown,French horn,,0.909,132.02,0.0,0
Custom|baseline|2,Custom,baseline,2,50,100.0,25.9,82.289,FP32,0,Stressed,parachute,balloon,0,0.9727,137.87,0.0,0
Custom|baseline|2,Custom,baseline,2,51,100.0,25.9,82.776,FP32,0,Stressed,unknown,fountain pen,,0.79,130.1,0.0,0
Custom|baseline|2,Custom,baseline,2,52,100.0,25.9,83.263,FP32,0,Stressed,unknown,iPod,,0.2564,114.22,0.0,0
Custom|baseline|2,Custom,baseline,2,53,100.0,26.3,81.802,FP32,0,Stressed,unknown,hummingbird,,0.0748,128.3,0.0,0
Custom|baseline|2,Custom,baseline,2,54,100.0,26.3,83.263,FP32,0,Stressed,tench,tench,1,0.7216,136.63,0.0,0
Custom|baseline|2,Custom,baseline,2,55,100.0,26.3,83.75,FP32,0,Stressed,garbage truck,garbage truck,1,0.883,143.08,0.0,0
Custom|baseline|2,Custom,baseline,2,56,100.0,26.3,83.263,FP32,0,Stressed,golf ball,soccer ball,0,0.4077,114.93,0.0,0
Custom|baseline|2,Custom,baseline,2,57,100.0,26.3,82.776,FP32,0,Stressed,cassette player,cassette,0,0.9074,133.25,0.0,0
Custom|baseline|2,Custom,baseline,2,58,100.0,26.3,83.75,FP32,0,Stressed,chain saw,chain saw,1,0.9744,137.07,0.0,0
Custom|baseline|2,Custom,baseline,2,59,100.0,26.3,82.776,FP32,0,Stressed,church,bell cote,0,0.6433,143.33,0.0,0
Custom|baseline|3,Custom,baseline,3,0,0.0,25.7,80.341,FP32,0,Normal,golf ball,soccer ball,0,0.4077,65.28,0.0,0
Custom|baseline|3,Custom,baseline,3,1,0.0,25.7,79.854,FP32,0,Normal,cassette player,cassette,0,0.9074,65.23,0.0,0
Custom|baseline|3,Custom,baseline,3,2,2.0,25.7,78.88,FP32,0,Normal,chain saw,chain saw,1,0.9744,65.25,0.0,0
Custom|baseline|3,Custom,baseline,3,3,0.0,25.7,77.906,FP32,0,Normal,church,bell cote,0,0.6433,65.02,0.0,0
Custom|baseline|3,Custom,baseline,3,4,0.0,25.7,76.932,FP32,0,Normal,unknown,parachute,,0.1668,65.01,0.0,0
Custom|baseline|3,Custom,baseline,3,5,0.0,25.7,76.445,FP32,0,Normal,unknown,Welsh springer spaniel,,0.3887,64.93,0.0,0
Custom|baseline|3,Custom,baseline,3,6,0.0,25.7,75.958,FP32,0,Normal,golf ball,golf ball,1,0.8637,64.99,0.0,0
Custom|baseline|3,Custom,baseline,3,7,0.0,25.7,74.984,FP32,0,Normal,unknown,French horn,,0.909,65.16,0.0,0
Custom|baseline|3,Custom,baseline,3,8,0.0,25.5,74.984,FP32,0,Normal,parachute,balloon,0,0.9727,100.05,0.0,0
Custom|baseline|3,Custom,baseline,3,9,0.0,25.5,74.984,FP32,0,Normal,unknown,fountain pen,,0.79,64.96,0.0,0
Custom|baseline|3,Custom,baseline,3,10,0.0,25.5,74.984,FP32,0,Normal,unknown,iPod,,0.2564,65.08,0.0,0
Custom|baseline|3,Custom,baseline,3,11,0.0,25.5,74.497,FP32,0,Normal,unknown,hummingbird,,0.0748,65.21,0.0,0
Custom|baseline|3,Custom,baseline,3,12,0.0,25.5,73.523,FP32,0,Normal,tench,tench,1,0.7216,64.98,0.0,0
Custom|baseline|3,Custom,baseline,3,13,0.0,25.5,73.036,FP32,0,Normal,garbage truck,garbage truck,1,0.883,65.07,0.0,0
Custom|baseline|3,Custom,baseline,3,14,0.0,25.5,72.549,FP32,0,Normal,golf ball,soccer ball,0,0.4077,64.97,0.0,0
Custom|baseline|3,Custom,baseline,3,15,0.0,25.5,72.549,FP32,0,Normal,cassette player,cassette,0,0.9074,64.97,0.0,0
Custom|baseline|3,Custom,baseline,3,16,2.0,25.5,72.062,FP32,0,Normal,chain saw,chain saw,1,0.9744,64.99,0.0,0
Custom|baseline|3,Custom,baseline,3,17,2.0,25.5,73.036,FP32,0,Normal,church,bell cote,0,0.6433,106.84,0.0,0
Custom|baseline|3,Custom,baseline,3,18,0.0,25.5,71.575,FP32,0,Normal,unknown,parachute,,0.1668,65.1,0.0,0
Custom|baseline|3,Custom,baseline,3,19,2.0,25.5,72.062,FP32,0,Normal,unknown,Welsh springer spaniel,,0.3887,65.16,0.0,0
Custom|baseline|3,Custom,baseline,3,20,0.0,25.5,71.575,FP32,0,Normal,golf ball,golf ball,1,0.8637,64.98,0.0,0
Custom|baseline|3,Custom,baseline,3,21,0.0,25.5,71.575,FP32,0,Normal,unknown,French horn,,0.909,65.0,0.0,0
Custom|baseline|3,Custom,baseline,3,22,0.0,25.1,72.062,FP32,0,Normal,parachute,balloon,0,0.9727,65.17,0.0,0
Custom|baseline|3,Custom,baseline,3,23,0.0,25.1,70.601,FP32,0,Normal,unknown,fountain pen,,0.79,64.98,0.0,0
Custom|baseline|3,Custom,baseline,3,24,0.0,25.1,71.088,FP32,0,Normal,unknown,iPod,,0.2564,65.02,0.0,0
Custom|baseline|3,Custom,baseline,3,25,0.0,25.5,71.088,FP32,0,Normal,unknown,hummingbird,,0.0748,64.87,0.0,0
Custom|baseline|3,Custom,baseline,3,26,0.0,25.5,70.601,FP32,0,Normal,tench,tench,1,0.7216,109.42,0.0,0
Custom|baseline|3,Custom,baseline,3,27,0.0,25.5,70.601,FP32,0,Normal,garbage truck,garbage truck,1,0.883,65.01,0.0,0
Custom|baseline|3,Custom,baseline,3,28,0.0,25.5,70.114,FP32,0,Normal,golf ball,soccer ball,0,0.4077,65.12,0.0,0
Custom|baseline|3,Custom,baseline,3,29,2.0,25.5,70.114,FP32,0,Normal,cassette player,cassette,0,0.9074,65.07,0.0,0
Custom|baseline|3,Custom,baseline,3,30,0.0,25.5,70.601,FP32,0,Normal,chain saw,chain saw,1,0.9744,64.95,0.0,0
Custom|baseline|3,Custom,baseline,3,31,0.0,25.5,70.601,FP32,0,Normal,church,bell cote,0,0.6433,64.98,0.0,0
Custom|baseline|3,Custom,baseline,3,32,0.0,25.5,69.627,FP32,0,Normal,unknown,parachute,,0.1668,65.11,0.0,0
Custom|baseline|3,Custom,baseline,3,33,0.0,25.5,70.601,FP32,0,Normal,unknown,Welsh springer spaniel,,0.3887,65.1,0.0,0
Custom|baseline|3,Custom,baseline,3,34,0.0,25.5,70.601,FP32,0,Normal,golf ball,golf ball,1,0.8637,65.17,0.0,0
Custom|baseline|3,Custom,baseline,3,35,0.0,25.5,70.601,FP32,0,Normal,unknown,French horn,,0.909,65.02,0.0,0
Custom|baseline|3,Custom,baseline,3,36,0.0,25.9,68.166,FP32,0,Normal,parachute,balloon,0,0.9727,65.08,0.0,0
Custom|baseline|3,Custom,baseline,3,37,0.0,25.9,70.114,FP32,0,Normal,unknown,fountain pen,,0.79,65.2,0.0,0
Custom|baseline|3,Custom,baseline,3,38,0.0,25.8,68.653,FP32,0,Normal,unknown,iPod,,0.2564,65.07,0.0,0
Custom|baseline|3,Custom,baseline,3,39,0.0,25.8,68.653,FP32,0,Normal,unknown,hummingbird,,0.0748,65.19,0.0,0
Custom|baseline|3,Custom,baseline,3,40,100.0,26.2,76.932,FP32,0,Stressed,tench,tench,1,0.7216,129.09,0.0,0
Custom|baseline|3,Custom,baseline,3,41,100.0,26.2,77.906,FP32,0,Stressed,garbage truck,garbage truck,1,0.883,113.71,0.0,0
Custom|baseline|3,Custom,baseline,3,42,100.0,26.2,79.367,FP32,0,Stressed,golf ball,soccer ball,0,0.4077,130.37,0.0,0
Custom|baseline|3,Custom,baseline,3,43,100.0,26.2,79.854,FP32,0,Stressed,cassette player,cassette,0,0.9074,135.16,0.0,0
Custom|baseline|3,Custom,baseline,3,44,100.0,26.2,79.367,FP32,0,Stressed,chain saw,chain saw,1,0.9744,114.19,0.0,0
Custom|baseline|3,Custom,baseline,3,45,100.0,26.2,80.828,FP32,0,Stressed,church,bell cote,0,0.6433,113.8,0.0,0
Custom|baseline|3,Custom,baseline,3,46,100.0,26.2,80.828,FP32,0,Stressed,unknown,parachute,,0.1668,66.49,0.0,0
Custom|baseline|3,Custom,baseline,3,47,100.0,26.2,80.341,FP32,0,Stressed,unknown,Welsh springer spaniel,,0.3887,129.46,0.0,0
Custom|baseline|3,Custom,baseline,3,48,100.0,26.2,80.341,FP32,0,Stressed,golf ball,golf ball,1,0.8637,117.95,0.0,0
Custom|baseline|3,Custom,baseline,3,49,100.0,26.2,81.802,FP32,0,Stressed,unknown,French horn,,0.909,134.22,0.0,0
Custom|baseline|3,Custom,baseline,3,50,100.0,25.9,81.802,FP32,0,Stressed,parachute,balloon,0,0.9727,133.71,0.0,0
Custom|baseline|3,Custom,baseline,3,51,100.0,25.9,81.802,FP32,0,Stressed,unknown,fountain pen,,0.79,135.94,0.0,0
Custom|baseline|3,Custom,baseline,3,52,100.0,25.9,82.776,FP32,0,Stressed,unknown,iPod,,0.2564,88.31,0.0,0
Custom|baseline|3,Custom,baseline,3,53,100.0,26.3,81.802,FP32,0,Stressed,unknown,hummingbird,,0.0748,137.1,0.0,0
Custom|baseline|3,Custom,baseline,3,54,100.0,26.3,81.802,FP32,0,Stressed,tench,tench,1,0.7216,138.14,0.0,0
Custom|baseline|3,Custom,baseline,3,55,100.0,26.3,82.776,FP32,0,Stressed,garbage truck,garbage truck,1,0.883,137.35,0.0,0
Custom|baseline|3,Custom,baseline,3,56,100.0,26.3,82.776,FP32,0,Stressed,golf ball,soccer ball,0,0.4077,126.2,0.0,0
Custom|baseline|3,Custom,baseline,3,57,100.0,26.3,82.776,FP32,0,Stressed,cassette player,cassette,0,0.9074,142.85,0.0,0
Custom|baseline|3,Custom,baseline,3,58,100.0,26.3,83.263,FP32,0,Stressed,chain saw,chain saw,1,0.9744,135.52,0.0,0
Custom|baseline|3,Custom,baseline,3,59,100.0,26.3,82.289,FP32,0,Stressed,church,bell cote,0,0.6433,136.47,0.0,0
Custom|always_int8|1,Custom,always_int8,1,0,0.0,25.3,78.88,INT8,1,Normal,golf ball,face powder,0,0.2422,45.38,0.0,0
Custom|always_int8|1,Custom,always_int8,1,1,0.0,25.3,79.367,INT8,1,Normal,cassette player,cassette,0,0.8359,45.38,0.0,0
Custom|always_int8|1,Custom,always_int8,1,2,0.0,25.3,76.932,INT8,1,Normal,chain saw,chain saw,1,0.9648,45.38,0.0,0
Custom|always_int8|1,Custom,always_int8,1,3,0.0,25.3,75.958,INT8,1,Normal,church,bell cote,0,0.3516,45.35,0.0,0
Custom|always_int8|1,Custom,always_int8,1,4,0.0,25.3,75.958,INT8,1,Normal,unknown,parachute,,0.2305,45.37,0.0,0
Custom|always_int8|1,Custom,always_int8,1,5,0.0,25.3,74.984,INT8,1,Normal,unknown,English springer,,0.2969,45.38,0.0,0
Custom|always_int8|1,Custom,always_int8,1,6,0.0,25.3,75.471,INT8,1,Normal,golf ball,golf ball,1,0.9062,75.54,0.0,0
Custom|always_int8|1,Custom,always_int8,1,7,0.0,25.3,74.01,INT8,1,Normal,unknown,French horn,,0.9102,48.38,0.0,0
Custom|always_int8|1,Custom,always_int8,1,8,0.0,24.9,74.01,INT8,1,Normal,parachute,balloon,0,0.9766,45.38,0.0,0
Custom|always_int8|1,Custom,always_int8,1,9,0.0,24.9,74.497,INT8,1,Normal,unknown,fountain pen,,0.793,45.41,0.0,0
Custom|always_int8|1,Custom,always_int8,1,10,0.0,24.9,72.062,INT8,1,Normal,unknown,iPod,,0.2578,45.36,0.0,0
Custom|always_int8|1,Custom,always_int8,1,11,0.0,24.9,73.036,INT8,1,Normal,unknown,jellyfish,,0.0664,45.39,0.0,0
Custom|always_int8|1,Custom,always_int8,1,12,0.0,24.9,71.088,INT8,1,Normal,tench,tench,1,0.6406,45.38,0.0,0
Custom|always_int8|1,Custom,always_int8,1,13,0.0,24.9,72.062,INT8,1,Normal,garbage truck,garbage truck,1,0.8867,45.46,0.0,0
Custom|always_int8|1,Custom,always_int8,1,14,0.0,24.9,71.088,INT8,1,Normal,golf ball,face powder,0,0.2422,45.4,0.0,0
Custom|always_int8|1,Custom,always_int8,1,15,0.0,24.9,70.601,INT8,1,Normal,cassette player,cassette,0,0.8359,45.36,0.0,0
Custom|always_int8|1,Custom,always_int8,1,16,0.0,24.9,70.601,INT8,1,Normal,chain saw,chain saw,1,0.9648,68.1,0.0,0
Custom|always_int8|1,Custom,always_int8,1,17,0.0,24.9,70.114,INT8,1,Normal,church,bell cote,0,0.3516,45.38,0.0,0
Custom|always_int8|1,Custom,always_int8,1,18,0.0,24.9,71.088,INT8,1,Normal,unknown,parachute,,0.2305,45.37,0.0,0
Custom|always_int8|1,Custom,always_int8,1,19,0.0,24.9,70.601,INT8,1,Normal,unknown,English springer,,0.2969,45.42,0.0,0
Custom|always_int8|1,Custom,always_int8,1,20,0.0,24.9,69.14,INT8,1,Normal,golf ball,golf ball,1,0.9062,45.37,0.0,0
Custom|always_int8|1,Custom,always_int8,1,21,0.0,24.9,69.14,INT8,1,Normal,unknown,French horn,,0.9102,45.59,0.0,0
Custom|always_int8|1,Custom,always_int8,1,22,0.0,25.8,69.627,INT8,1,Normal,parachute,balloon,0,0.9766,45.4,0.0,0
Custom|always_int8|1,Custom,always_int8,1,23,0.0,25.6,69.627,INT8,1,Normal,unknown,fountain pen,,0.793,45.44,0.0,0
Custom|always_int8|1,Custom,always_int8,1,24,0.0,25.6,69.627,INT8,1,Normal,unknown,iPod,,0.2578,45.4,0.0,0
Custom|always_int8|1,Custom,always_int8,1,25,0.0,25.2,69.14,INT8,1,Normal,unknown,jellyfish,,0.0664,91.18,0.0,0
Custom|always_int8|1,Custom,always_int8,1,26,0.0,25.2,68.653,INT8,1,Normal,tench,tench,1,0.6406,45.49,0.0,0
Custom|always_int8|1,Custom,always_int8,1,27,0.0,25.2,69.14,INT8,1,Normal,garbage truck,garbage truck,1,0.8867,45.39,0.0,0
Custom|always_int8|1,Custom,always_int8,1,28,0.0,25.2,68.653,INT8,1,Normal,golf ball,face powder,0,0.2422,45.41,0.0,0
Custom|always_int8|1,Custom,always_int8,1,29,0.0,25.2,69.14,INT8,1,Normal,cassette player,cassette,0,0.8359,45.52,0.0,0
Custom|always_int8|1,Custom,always_int8,1,30,0.0,25.2,69.627,INT8,1,Normal,chain saw,chain saw,1,0.9648,45.56,0.0,0
Custom|always_int8|1,Custom,always_int8,1,31,0.0,25.2,69.14,INT8,1,Normal,church,bell cote,0,0.3516,45.4,0.0,0
Custom|always_int8|1,Custom,always_int8,1,32,0.0,25.2,70.114,INT8,1,Normal,unknown,parachute,,0.2305,45.43,0.0,0
Custom|always_int8|1,Custom,always_int8,1,33,0.0,25.2,68.653,INT8,1,Normal,unknown,English springer,,0.2969,45.39,0.0,0
Custom|always_int8|1,Custom,always_int8,1,34,0.0,25.2,67.192,INT8,1,Normal,golf ball,golf ball,1,0.9062,93.35,0.0,0
Custom|always_int8|1,Custom,always_int8,1,35,0.0,25.2,68.166,INT8,1,Normal,unknown,French horn,,0.9102,61.19,0.0,0
Custom|always_int8|1,Custom,always_int8,1,36,0.0,24.9,67.192,INT8,1,Normal,parachute,balloon,0,0.9766,45.51,0.0,0
Custom|always_int8|1,Custom,always_int8,1,37,0.0,24.9,68.166,INT8,1,Normal,unknown,fountain pen,,0.793,45.47,0.0,0
Custom|always_int8|1,Custom,always_int8,1,38,0.0,24.9,67.679,INT8,1,Normal,unknown,iPod,,0.2578,45.42,0.0,0
Custom|always_int8|1,Custom,always_int8,1,39,0.0,25.1,68.166,INT8,1,Normal,unknown,jellyfish,,0.0664,45.39,0.0,0
Custom|always_int8|1,Custom,always_int8,1,40,100.0,25.7,74.01,INT8,1,Stressed,tench,tench,1,0.6406,89.43,0.0,0
Custom|always_int8|1,Custom,always_int8,1,41,100.0,25.7,74.984,INT8,1,Stressed,garbage truck,garbage truck,1,0.8867,93.46,0.0,0
Custom|always_int8|1,Custom,always_int8,1,42,100.0,25.7,75.471,INT8,1,Stressed,golf ball,face powder,0,0.2422,89.4,0.0,0
Custom|always_int8|1,Custom,always_int8,1,43,100.0,25.7,77.419,INT8,1,Stressed,cassette player,cassette,0,0.8359,93.7,0.0,0
Custom|always_int8|1,Custom,always_int8,1,44,100.0,25.7,77.419,INT8,1,Stressed,chain saw,chain saw,1,0.9648,93.96,0.0,0
Custom|always_int8|1,Custom,always_int8,1,45,100.0,25.7,77.906,INT8,1,Stressed,church,bell cote,0,0.3516,89.76,0.0,0
Custom|always_int8|1,Custom,always_int8,1,46,100.0,25.7,77.419,INT8,1,Stressed,unknown,parachute,,0.2305,93.7,0.0,0
Custom|always_int8|1,Custom,always_int8,1,47,100.0,25.7,79.367,INT8,1,Stressed,unknown,English springer,,0.2969,89.91,0.0,0
Custom|always_int8|1,Custom,always_int8,1,48,100.0,25.7,79.367,INT8,1,Stressed,golf ball,golf ball,1,0.9062,93.71,0.0,0
Custom|always_int8|1,Custom,always_int8,1,49,100.0,25.7,79.854,INT8,1,Stressed,unknown,French horn,,0.9102,85.74,0.0,0
Custom|always_int8|1,Custom,always_int8,1,50,100.0,25.5,79.854,INT8,1,Stressed,parachute,balloon,0,0.9766,89.59,0.0,0
Custom|always_int8|1,Custom,always_int8,1,51,100.0,25.5,80.341,INT8,1,Stressed,unknown,fountain pen,,0.793,89.39,0.0,0
Custom|always_int8|1,Custom,always_int8,1,52,100.0,25.5,80.828,INT8,1,Stressed,unknown,iPod,,0.2578,93.52,0.0,0
Custom|always_int8|1,Custom,always_int8,1,53,100.0,25.7,80.828,INT8,1,Stressed,unknown,jellyfish,,0.0664,89.99,0.0,0
Custom|always_int8|1,Custom,always_int8,1,54,100.0,25.7,80.828,INT8,1,Stressed,tench,tench,1,0.6406,90.41,0.0,0
Custom|always_int8|1,Custom,always_int8,1,55,100.0,25.7,81.802,INT8,1,Stressed,garbage truck,garbage truck,1,0.8867,94.0,0.0,0
Custom|always_int8|1,Custom,always_int8,1,56,100.0,25.7,81.315,INT8,1,Stressed,golf ball,face powder,0,0.2422,94.69,0.0,0
Custom|always_int8|1,Custom,always_int8,1,57,100.0,25.7,82.776,INT8,1,Stressed,cassette player,cassette,0,0.8359,94.36,0.0,0
Custom|always_int8|1,Custom,always_int8,1,58,100.0,25.7,82.289,INT8,1,Stressed,chain saw,chain saw,1,0.9648,94.35,0.0,0
Custom|always_int8|1,Custom,always_int8,1,59,100.0,25.7,81.802,INT8,1,Stressed,church,bell cote,0,0.3516,95.15,0.0,0
Custom|always_int8|2,Custom,always_int8,2,0,0.0,25.8,80.828,INT8,1,Normal,golf ball,face powder,0,0.2422,45.35,0.0,0
Custom|always_int8|2,Custom,always_int8,2,1,0.0,25.8,79.367,INT8,1,Normal,cassette player,cassette,0,0.8359,45.38,0.0,0
Custom|always_int8|2,Custom,always_int8,2,2,0.0,25.8,77.906,INT8,1,Normal,chain saw,chain saw,1,0.9648,45.37,0.0,0
Custom|always_int8|2,Custom,always_int8,2,3,0.0,25.8,78.393,INT8,1,Normal,church,bell cote,0,0.3516,46.26,0.0,0
Custom|always_int8|2,Custom,always_int8,2,4,0.0,25.8,76.932,INT8,1,Normal,unknown,parachute,,0.2305,45.36,0.0,0
Custom|always_int8|2,Custom,always_int8,2,5,0.0,25.8,76.932,INT8,1,Normal,unknown,English springer,,0.2969,45.36,0.0,0
Custom|always_int8|2,Custom,always_int8,2,6,0.0,25.8,76.445,INT8,1,Normal,golf ball,golf ball,1,0.9062,45.46,0.0,0
Custom|always_int8|2,Custom,always_int8,2,7,2.0,25.8,75.958,INT8,1,Normal,unknown,French horn,,0.9102,45.43,0.0,0
Custom|always_int8|2,Custom,always_int8,2,8,0.0,25.4,74.984,INT8,1,Normal,parachute,balloon,0,0.9766,45.64,0.0,0
Custom|always_int8|2,Custom,always_int8,2,9,0.0,25.4,74.01,INT8,1,Normal,unknown,fountain pen,,0.793,45.36,0.0,0
Custom|always_int8|2,Custom,always_int8,2,10,0.0,25.4,74.01,INT8,1,Normal,unknown,iPod,,0.2578,45.39,0.0,0
Custom|always_int8|2,Custom,always_int8,2,11,0.0,25.4,74.984,INT8,1,Normal,unknown,jellyfish,,0.0664,88.62,0.0,0
Custom|always_int8|2,Custom,always_int8,2,12,0.0,25.4,74.497,INT8,1,Normal,tench,tench,1,0.6406,45.4,0.0,0
Custom|always_int8|2,Custom,always_int8,2,13,0.0,25.4,73.523,INT8,1,Normal,garbage truck,garbage truck,1,0.8867,45.37,0.0,0
Custom|always_int8|2,Custom,always_int8,2,14,0.0,25.4,74.01,INT8,1,Normal,golf ball,face powder,0,0.2422,45.36,0.0,0
Custom|always_int8|2,Custom,always_int8,2,15,0.0,25.4,73.036,INT8,1,Normal,cassette player,cassette,0,0.8359,45.36,0.0,0
Custom|always_int8|2,Custom,always_int8,2,16,0.0,25.4,72.062,INT8,1,Normal,chain saw,chain saw,1,0.9648,45.36,0.0,0
Custom|always_int8|2,Custom,always_int8,2,17,0.0,25.4,72.062,INT8,1,Normal,church,bell cote,0,0.3516,45.39,0.0,0
Custom|always_int8|2,Custom,always_int8,2,18,2.0,25.4,72.549,INT8,1,Normal,unknown,parachute,,0.2305,45.39,0.0,0
Custom|always_int8|2,Custom,always_int8,2,19,2.0,25.4,72.549,INT8,1,Normal,unknown,English springer,,0.2969,45.39,0.0,0
Custom|always_int8|2,Custom,always_int8,2,20,0.0,25.4,71.575,INT8,1,Normal,golf ball,golf ball,1,0.9062,106.6,0.0,0
Custom|always_int8|2,Custom,always_int8,2,21,2.0,25.4,71.088,INT8,1,Normal,unknown,French horn,,0.9102,45.63,0.0,0
Custom|always_int8|2,Custom,always_int8,2,22,0.0,25.3,70.601,INT8,1,Normal,parachute,balloon,0,0.9766,45.38,0.0,0
Custom|always_int8|2,Custom,always_int8,2,23,0.0,25.3,71.088,INT8,1,Normal,unknown,fountain pen,,0.793,45.4,0.0,0
Custom|always_int8|2,Custom,always_int8,2,24,0.0,25.3,70.601,INT8,1,Normal,unknown,iPod,,0.2578,45.46,0.0,0
Custom|always_int8|2,Custom,always_int8,2,25,0.0,25.3,71.088,INT8,1,Normal,unknown,jellyfish,,0.0664,45.42,0.0,0
Custom|always_int8|2,Custom,always_int8,2,26,2.0,25.3,70.601,INT8,1,Normal,tench,tench,1,0.6406,45.39,0.0,0
Custom|always_int8|2,Custom,always_int8,2,27,0.0,25.3,69.627,INT8,1,Normal,garbage truck,garbage truck,1,0.8867,45.42,0.0,0
Custom|always_int8|2,Custom,always_int8,2,28,0.0,25.3,70.601,INT8,1,Normal,golf ball,face powder,0,0.2422,45.43,0.0,0
Custom|always_int8|2,Custom,always_int8,2,29,0.0,25.3,69.14,INT8,1,Normal,cassette player,cassette,0,0.8359,101.9,0.0,0
Custom|always_int8|2,Custom,always_int8,2,30,0.0,25.3,69.627,INT8,1,Normal,chain saw,chain saw,1,0.9648,45.53,0.0,0
Custom|always_int8|2,Custom,always_int8,2,31,0.0,25.3,69.14,INT8,1,Normal,church,bell cote,0,0.3516,45.41,0.0,0
Custom|always_int8|2,Custom,always_int8,2,32,0.0,25.3,70.114,INT8,1,Normal,unknown,parachute,,0.2305,45.39,0.0,0
Custom|always_int8|2,Custom,always_int8,2,33,0.0,25.3,69.14,INT8,1,Normal,unknown,English springer,,0.2969,45.39,0.0,0
Custom|always_int8|2,Custom,always_int8,2,34,0.0,25.3,69.627,INT8,1,Normal,golf ball,golf ball,1,0.9062,45.39,0.0,0
Custom|always_int8|2,Custom,always_int8,2,35,0.0,25.3,69.14,INT8,1,Normal,unknown,French horn,,0.9102,45.45,0.0,0
Custom|always_int8|2,Custom,always_int8,2,36,0.0,25.4,69.627,INT8,1,Normal,parachute,balloon,0,0.9766,45.39,0.0,0
Custom|always_int8|2,Custom,always_int8,2,37,0.0,25.4,70.114,INT8,1,Normal,unknown,fountain pen,,0.793,45.4,0.0,0
Custom|always_int8|2,Custom,always_int8,2,38,0.0,25.4,68.653,INT8,1,Normal,unknown,iPod,,0.2578,52.26,0.0,0
Custom|always_int8|2,Custom,always_int8,2,39,0.0,25.4,68.653,INT8,1,Normal,unknown,jellyfish,,0.0664,45.43,0.0,0
Custom|always_int8|2,Custom,always_int8,2,40,100.0,25.8,75.958,INT8,1,Stressed,tench,tench,1,0.6406,89.4,0.0,0
Custom|always_int8|2,Custom,always_int8,2,41,100.0,25.8,75.471,INT8,1,Stressed,garbage truck,garbage truck,1,0.8867,93.43,0.0,0
Custom|always_int8|2,Custom,always_int8,2,42,100.0,25.8,77.906,INT8,1,Stressed,golf ball,face powder,0,0.2422,89.33,0.0,0
Custom|always_int8|2,Custom,always_int8,2,43,100.0,25.8,78.393,INT8,1,Stressed,cassette player,cassette,0,0.8359,89.74,0.0,0
Custom|always_int8|2,Custom,always_int8,2,44,100.0,25.8,78.88,INT8,1,Stressed,chain saw,chain saw,1,0.9648,94.21,0.0,0
Custom|always_int8|2,Custom,always_int8,2,45,100.0,25.8,79.367,INT8,1,Stressed,church,bell cote,0,0.3516,89.71,0.0,0
Custom|always_int8|2,Custom,always_int8,2,46,100.0,25.8,79.367,INT8,1,Stressed,unknown,parachute,,0.2305,93.85,0.0,0
Custom|always_int8|2,Custom,always_int8,2,47,100.0,25.8,80.828,INT8,1,Stressed,unknown,English springer,,0.2969,93.67,0.0,0
Custom|always_int8|2,Custom,always_int8,2,48,100.0,25.8,81.315,INT8,1,Stressed,golf ball,golf ball,1,0.9062,93.65,0.0,0
Custom|always_int8|2,Custom,always_int8,2,49,100.0,25.8,81.315,INT8,1,Stressed,unknown,French horn,,0.9102,89.61,0.0,0
Custom|always_int8|2,Custom,always_int8,2,50,100.0,25.9,81.315,INT8,1,Stressed,parachute,balloon,0,0.9766,89.49,0.0,0
Custom|always_int8|2,Custom,always_int8,2,51,100.0,25.9,81.802,INT8,1,Stressed,unknown,fountain pen,,0.793,89.32,0.0,0
Custom|always_int8|2,Custom,always_int8,2,52,100.0,25.9,81.802,INT8,1,Stressed,unknown,iPod,,0.2578,95.42,0.0,0
Custom|always_int8|2,Custom,always_int8,2,53,100.0,25.9,83.263,INT8,1,Stressed,unknown,jellyfish,,0.0664,94.7,0.0,0
Custom|always_int8|2,Custom,always_int8,2,54,100.0,25.9,82.289,INT8,1,Stressed,tench,tench,1,0.6406,95.69,0.0,0
Custom|always_int8|2,Custom,always_int8,2,55,100.0,25.9,82.289,INT8,1,Stressed,garbage truck,garbage truck,1,0.8867,95.65,0.0,0
Custom|always_int8|2,Custom,always_int8,2,56,100.0,25.9,82.776,INT8,1,Stressed,golf ball,face powder,0,0.2422,95.42,0.0,0
Custom|always_int8|2,Custom,always_int8,2,57,100.0,25.9,83.263,INT8,1,Stressed,cassette player,cassette,0,0.8359,94.88,0.0,0
Custom|always_int8|2,Custom,always_int8,2,58,100.0,25.9,82.776,INT8,1,Stressed,chain saw,chain saw,1,0.9648,96.78,0.0,0
Custom|always_int8|2,Custom,always_int8,2,59,100.0,25.9,82.289,INT8,1,Stressed,church,bell cote,0,0.3516,96.01,0.0,0
Custom|always_int8|3,Custom,always_int8,3,0,0.0,25.8,80.341,INT8,1,Normal,golf ball,face powder,0,0.2422,45.49,0.0,0
Custom|always_int8|3,Custom,always_int8,3,1,0.0,25.7,78.88,INT8,1,Normal,cassette player,cassette,0,0.8359,45.42,0.0,0
Custom|always_int8|3,Custom,always_int8,3,2,0.0,25.7,78.88,INT8,1,Normal,chain saw,chain saw,1,0.9648,45.54,0.0,0
Custom|always_int8|3,Custom,always_int8,3,3,2.0,25.7,77.906,INT8,1,Normal,church,bell cote,0,0.3516,45.41,0.0,0
Custom|always_int8|3,Custom,always_int8,3,4,0.0,25.7,76.445,INT8,1,Normal,unknown,parachute,,0.2305,45.36,0.0,0
Custom|always_int8|3,Custom,always_int8,3,5,0.0,25.7,77.419,INT8,1,Normal,unknown,English springer,,0.2969,45.36,0.0,0
Custom|always_int8|3,Custom,always_int8,3,6,0.0,25.7,76.445,INT8,1,Normal,golf ball,golf ball,1,0.9062,45.37,0.0,0
Custom|always_int8|3,Custom,always_int8,3,7,0.0,25.7,75.471,INT8,1,Normal,unknown,French horn,,0.9102,45.4,0.0,0
Custom|always_int8|3,Custom,always_int8,3,8,0.0,25.3,75.471,INT8,1,Normal,parachute,balloon,0,0.9766,45.38,0.0,0
Custom|always_int8|3,Custom,always_int8,3,9,0.0,25.3,74.984,INT8,1,Normal,unknown,fountain pen,,0.793,45.38,0.0,0
Custom|always_int8|3,Custom,always_int8,3,10,2.0,25.3,74.01,INT8,1,Normal,unknown,iPod,,0.2578,45.55,0.0,0
Custom|always_int8|3,Custom,always_int8,3,11,0.0,25.3,73.523,INT8,1,Normal,unknown,jellyfish,,0.0664,45.36,0.0,0
Custom|always_int8|3,Custom,always_int8,3,12,0.0,25.3,73.523,INT8,1,Normal,tench,tench,1,0.6406,45.39,0.0,0
Custom|always_int8|3,Custom,always_int8,3,13,0.0,25.3,74.01,INT8,1,Normal,garbage truck,garbage truck,1,0.8867,80.79,0.0,0
Custom|always_int8|3,Custom,always_int8,3,14,0.0,25.3,72.549,INT8,1,Normal,golf ball,face powder,0,0.2422,45.32,0.0,0
Custom|always_int8|3,Custom,always_int8,3,15,0.0,25.3,72.549,INT8,1,Normal,cassette player,cassette,0,0.8359,45.32,0.0,0
Custom|always_int8|3,Custom,always_int8,3,16,0.0,25.3,72.062,INT8,1,Normal,chain saw,chain saw,1,0.9648,45.36,0.0,0
Custom|always_int8|3,Custom,always_int8,3,17,0.0,25.3,73.036,INT8,1,Normal,church,bell cote,0,0.3516,45.36,0.0,0
Custom|always_int8|3,Custom,always_int8,3,18,0.0,25.3,72.549,INT8,1,Normal,unknown,parachute,,0.2305,45.35,0.0,0
Custom|always_int8|3,Custom,always_int8,3,19,0.0,25.3,71.575,INT8,1,Normal,unknown,English springer,,0.2969,45.39,0.0,0
Custom|always_int8|3,Custom,always_int8,3,20,0.0,25.3,71.575,INT8,1,Normal,golf ball,golf ball,1,0.9062,45.45,0.0,0
Custom|always_int8|3,Custom,always_int8,3,21,0.0,25.3,72.062,INT8,1,Normal,unknown,French horn,,0.9102,45.47,0.0,0
Custom|always_int8|3,Custom,always_int8,3,22,2.0,26.0,71.088,INT8,1,Normal,parachute,balloon,0,0.9766,84.21,0.0,0
Custom|always_int8|3,Custom,always_int8,3,23,0.0,26.0,70.114,INT8,1,Normal,unknown,fountain pen,,0.793,45.4,0.0,0
Custom|always_int8|3,Custom,always_int8,3,24,0.0,26.0,71.575,INT8,1,Normal,unknown,iPod,,0.2578,45.41,0.0,0
Custom|always_int8|3,Custom,always_int8,3,25,0.0,26.0,70.114,INT8,1,Normal,unknown,jellyfish,,0.0664,45.39,0.0,0
Custom|always_int8|3,Custom,always_int8,3,26,2.0,26.0,71.088,INT8,1,Normal,tench,tench,1,0.6406,45.4,0.0,0
Custom|always_int8|3,Custom,always_int8,3,27,0.0,26.0,71.575,INT8,1,Normal,garbage truck,garbage truck,1,0.8867,45.43,0.0,0
Custom|always_int8|3,Custom,always_int8,3,28,0.0,26.0,69.627,INT8,1,Normal,golf ball,face powder,0,0.2422,45.58,0.0,0
Custom|always_int8|3,Custom,always_int8,3,29,0.0,26.0,69.627,INT8,1,Normal,cassette player,cassette,0,0.8359,45.44,0.0,0
Custom|always_int8|3,Custom,always_int8,3,30,0.0,26.0,70.114,INT8,1,Normal,chain saw,chain saw,1,0.9648,45.5,0.0,0
Custom|always_int8|3,Custom,always_int8,3,31,0.0,26.0,70.114,INT8,1,Normal,church,bell cote,0,0.3516,93.02,0.0,0
Custom|always_int8|3,Custom,always_int8,3,32,0.0,26.0,70.114,INT8,1,Normal,unknown,parachute,,0.2305,45.43,0.0,0
Custom|always_int8|3,Custom,always_int8,3,33,0.0,25.9,70.114,INT8,1,Normal,unknown,English springer,,0.2969,45.4,0.0,0
Custom|always_int8|3,Custom,always_int8,3,34,0.0,25.9,69.627,INT8,1,Normal,golf ball,golf ball,1,0.9062,45.42,0.0,0
Custom|always_int8|3,Custom,always_int8,3,35,0.0,25.8,69.14,INT8,1,Normal,unknown,French horn,,0.9102,45.46,0.0,0
Custom|always_int8|3,Custom,always_int8,3,36,0.0,25.4,69.627,INT8,1,Normal,parachute,balloon,0,0.9766,45.43,0.0,0
Custom|always_int8|3,Custom,always_int8,3,37,0.0,25.4,69.14,INT8,1,Normal,unknown,fountain pen,,0.793,45.61,0.0,0
Custom|always_int8|3,Custom,always_int8,3,38,0.0,25.4,68.653,INT8,1,Normal,unknown,iPod,,0.2578,45.46,0.0,0
Custom|always_int8|3,Custom,always_int8,3,39,0.0,25.4,69.14,INT8,1,Normal,unknown,jellyfish,,0.0664,45.43,0.0,0
Custom|always_int8|3,Custom,always_int8,3,40,100.0,26.2,75.471,INT8,1,Stressed,tench,tench,1,0.6406,89.41,0.0,0
Custom|always_int8|3,Custom,always_int8,3,41,100.0,26.2,76.932,INT8,1,Stressed,garbage truck,garbage truck,1,0.8867,93.48,0.0,0
Custom|always_int8|3,Custom,always_int8,3,42,100.0,26.2,77.906,INT8,1,Stressed,golf ball,face powder,0,0.2422,94.04,0.0,0
Custom|always_int8|3,Custom,always_int8,3,43,100.0,26.2,78.393,INT8,1,Stressed,cassette player,cassette,0,0.8359,89.48,0.0,0
Custom|always_int8|3,Custom,always_int8,3,44,100.0,26.2,79.367,INT8,1,Stressed,chain saw,chain saw,1,0.9648,89.49,0.0,0
Custom|always_int8|3,Custom,always_int8,3,45,100.0,26.2,79.854,INT8,1,Stressed,church,bell cote,0,0.3516,93.73,0.0,0
Custom|always_int8|3,Custom,always_int8,3,46,100.0,26.2,79.854,INT8,1,Stressed,unknown,parachute,,0.2305,89.98,0.0,0
Custom|always_int8|3,Custom,always_int8,3,47,100.0,26.2,79.854,INT8,1,Stressed,unknown,English springer,,0.2969,93.78,0.0,0
Custom|always_int8|3,Custom,always_int8,3,48,100.0,26.2,81.802,INT8,1,Stressed,golf ball,golf ball,1,0.9062,94.53,0.0,0
Custom|always_int8|3,Custom,always_int8,3,49,100.0,26.2,81.315,INT8,1,Stressed,unknown,French horn,,0.9102,93.69,0.0,0
Custom|always_int8|3,Custom,always_int8,3,50,100.0,27.6,81.802,INT8,1,Stressed,parachute,balloon,0,0.9766,89.65,0.0,0
Custom|always_int8|3,Custom,always_int8,3,51,100.0,27.4,81.802,INT8,1,Stressed,unknown,fountain pen,,0.793,93.63,0.0,0
Custom|always_int8|3,Custom,always_int8,3,52,100.0,27.4,82.776,INT8,1,Stressed,unknown,iPod,,0.2578,90.5,0.0,0
Custom|always_int8|3,Custom,always_int8,3,53,100.0,27.3,81.802,INT8,1,Stressed,unknown,jellyfish,,0.0664,90.8,0.0,0
Custom|always_int8|3,Custom,always_int8,3,54,100.0,27.3,83.75,INT8,1,Stressed,tench,tench,1,0.6406,94.38,0.0,0
Custom|always_int8|3,Custom,always_int8,3,55,100.0,27.3,82.776,INT8,1,Stressed,garbage truck,garbage truck,1,0.8867,97.14,0.0,0
Custom|always_int8|3,Custom,always_int8,3,56,100.0,27.2,84.237,INT8,1,Stressed,golf ball,face powder,0,0.2422,96.5,0.0,0
Custom|always_int8|3,Custom,always_int8,3,57,100.0,27.2,81.802,INT8,1,Stressed,cassette player,cassette,0,0.8359,96.43,0.0,0
Custom|always_int8|3,Custom,always_int8,3,58,100.0,27.0,82.289,INT8,1,Stressed,chain saw,chain saw,1,0.9648,90.28,0.0,0
Custom|always_int8|3,Custom,always_int8,3,59,100.0,26.9,82.776,INT8,1,Stressed,church,bell cote,0,0.3516,95.52,0.0,0
Custom|egreedy|1,Custom,egreedy,1,0,2.0,25.4,80.341,FP32,0,Normal,golf ball,soccer ball,0,0.4077,64.72,0.036,0
Custom|egreedy|1,Custom,egreedy,1,1,0.0,25.4,77.906,FP32,0,Normal,cassette player,cassette,0,0.9074,64.88,0.037,0
Custom|egreedy|1,Custom,egreedy,1,2,0.0,25.4,77.906,FP32,0,Normal,chain saw,chain saw,1,0.9744,64.81,0.04,0
Custom|egreedy|1,Custom,egreedy,1,3,0.0,25.4,78.393,FP32,0,Normal,church,bell cote,0,0.6433,65.26,0.037,0
Custom|egreedy|1,Custom,egreedy,1,4,0.0,25.4,77.906,FP32,0,Normal,unknown,parachute,,0.1668,65.19,0.038,0
Custom|egreedy|1,Custom,egreedy,1,5,0.0,25.4,76.445,FP32,0,Normal,unknown,Welsh springer spaniel,,0.3887,65.23,0.038,0
Custom|egreedy|1,Custom,egreedy,1,6,0.0,25.4,75.471,FP32,0,Normal,golf ball,golf ball,1,0.8637,96.68,0.058,0
Custom|egreedy|1,Custom,egreedy,1,7,0.0,25.4,74.984,FP32,0,Normal,unknown,French horn,,0.909,65.07,0.038,0
Custom|egreedy|1,Custom,egreedy,1,8,0.0,25.0,74.497,FP32,0,Normal,parachute,balloon,0,0.9727,65.22,0.038,0
Custom|egreedy|1,Custom,egreedy,1,9,0.0,25.0,74.497,FP32,0,Normal,unknown,fountain pen,,0.79,65.0,0.038,0
Custom|egreedy|1,Custom,egreedy,1,10,0.0,25.0,74.01,FP32,0,Normal,unknown,iPod,,0.2564,65.15,0.038,0
Custom|egreedy|1,Custom,egreedy,1,11,0.0,25.2,74.497,FP32,0,Normal,unknown,hummingbird,,0.0748,65.09,0.037,0
Custom|egreedy|1,Custom,egreedy,1,12,0.0,25.2,72.549,FP32,0,Normal,tench,tench,1,0.7216,65.09,0.037,0
Custom|egreedy|1,Custom,egreedy,1,13,0.0,25.2,74.01,FP32,0,Normal,garbage truck,garbage truck,1,0.883,65.05,0.036,0
Custom|egreedy|1,Custom,egreedy,1,14,0.0,25.2,72.549,FP32,0,Normal,golf ball,soccer ball,0,0.4077,64.99,0.037,0
Custom|egreedy|1,Custom,egreedy,1,15,0.0,25.2,73.036,INT8,1,Normal,cassette player,cassette,0,0.8359,83.01,0.354,1
Custom|egreedy|1,Custom,egreedy,1,16,0.0,25.2,71.575,INT8,1,Normal,chain saw,chain saw,1,0.9648,89.48,0.059,0
Custom|egreedy|1,Custom,egreedy,1,17,0.0,25.2,70.601,INT8,1,Normal,church,bell cote,0,0.3516,94.07,0.08,0
Custom|egreedy|1,Custom,egreedy,1,18,0.0,25.2,70.601,INT8,1,Normal,unknown,parachute,,0.2305,45.41,0.039,0
Custom|egreedy|1,Custom,egreedy,1,19,0.0,25.2,70.601,FP32,0,Normal,unknown,Welsh springer spaniel,,0.3887,64.89,0.037,1
Custom|egreedy|1,Custom,egreedy,1,20,0.0,25.2,71.575,FP32,0,Normal,golf ball,golf ball,1,0.8637,65.01,0.229,0
Custom|egreedy|1,Custom,egreedy,1,21,0.0,25.2,70.601,FP32,0,Normal,unknown,French horn,,0.909,65.13,0.039,0
Custom|egreedy|1,Custom,egreedy,1,22,0.0,25.3,71.575,FP32,0,Normal,parachute,balloon,0,0.9727,65.06,0.037,0
Custom|egreedy|1,Custom,egreedy,1,23,0.0,25.3,70.114,FP32,0,Normal,unknown,fountain pen,,0.79,65.15,0.037,0
Custom|egreedy|1,Custom,egreedy,1,24,0.0,25.3,70.114,FP32,0,Normal,unknown,iPod,,0.2564,64.78,0.038,0
Custom|egreedy|1,Custom,egreedy,1,25,0.0,25.3,70.601,FP32,0,Normal,unknown,hummingbird,,0.0748,64.97,0.039,0
Custom|egreedy|1,Custom,egreedy,1,26,0.0,25.3,70.114,FP32,0,Normal,tench,tench,1,0.7216,106.06,0.038,0
Custom|egreedy|1,Custom,egreedy,1,27,0.0,25.3,69.627,FP32,0,Normal,garbage truck,garbage truck,1,0.883,65.04,0.038,0
Custom|egreedy|1,Custom,egreedy,1,28,0.0,25.3,70.601,FP32,0,Normal,golf ball,soccer ball,0,0.4077,65.01,0.222,0
Custom|egreedy|1,Custom,egreedy,1,29,0.0,25.3,69.14,FP32,0,Normal,cassette player,cassette,0,0.9074,64.94,0.038,0
Custom|egreedy|1,Custom,egreedy,1,30,0.0,25.3,70.601,FP32,0,Normal,chain saw,chain saw,1,0.9744,64.86,0.037,0
Custom|egreedy|1,Custom,egreedy,1,31,0.0,25.3,69.627,FP32,0,Normal,church,bell cote,0,0.6433,64.81,0.038,0
Custom|egreedy|1,Custom,egreedy,1,32,0.0,25.3,69.627,FP32,0,Normal,unknown,parachute,,0.1668,65.04,0.042,0
Custom|egreedy|1,Custom,egreedy,1,33,0.0,25.3,70.601,FP32,0,Normal,unknown,Welsh springer spaniel,,0.3887,65.02,0.037,0
Custom|egreedy|1,Custom,egreedy,1,34,0.0,25.3,68.653,FP32,0,Normal,golf ball,golf ball,1,0.8637,65.11,0.224,0
Custom|egreedy|1,Custom,egreedy,1,35,0.0,25.3,68.653,FP32,0,Normal,unknown,French horn,,0.909,65.09,0.351,0
Custom|egreedy|1,Custom,egreedy,1,36,0.0,24.9,69.627,FP32,0,Normal,parachute,balloon,0,0.9727,65.03,0.039,0
Custom|egreedy|1,Custom,egreedy,1,37,0.0,24.9,68.653,FP32,0,Normal,unknown,fountain pen,,0.79,65.0,0.038,0
Custom|egreedy|1,Custom,egreedy,1,38,0.0,24.9,69.627,FP32,0,Normal,unknown,iPod,,0.2564,64.99,0.037,0
Custom|egreedy|1,Custom,egreedy,1,39,0.0,25.3,69.14,FP32,0,Normal,unknown,hummingbird,,0.0748,65.05,0.038,0
Custom|egreedy|1,Custom,egreedy,1,40,100.0,25.8,74.497,INT8,1,Stressed,tench,tench,1,0.6406,89.4,0.241,1
Custom|egreedy|1,Custom,egreedy,1,41,100.0,25.8,76.932,FP32,0,Stressed,garbage truck,garbage truck,1,0.883,134.07,0.04,1
Custom|egreedy|1,Custom,egreedy,1,42,100.0,25.8,76.445,FP32,0,Stressed,golf ball,soccer ball,0,0.4077,134.03,0.039,0
Custom|egreedy|1,Custom,egreedy,1,43,100.0,25.8,77.906,FP32,0,Stressed,cassette player,cassette,0,0.9074,129.4,0.04,0
Custom|egreedy|1,Custom,egreedy,1,44,100.0,25.8,77.906,FP32,0,Stressed,chain saw,chain saw,1,0.9744,134.3,0.042,0
Custom|egreedy|1,Custom,egreedy,1,45,100.0,25.8,78.393,FP32,0,Stressed,church,bell cote,0,0.6433,121.31,0.043,0
Custom|egreedy|1,Custom,egreedy,1,46,100.0,25.8,79.854,FP32,0,Stressed,unknown,parachute,,0.1668,133.39,0.044,0
Custom|egreedy|1,Custom,egreedy,1,47,100.0,25.8,79.854,FP32,0,Stressed,unknown,Welsh springer spaniel,,0.3887,125.63,0.042,0
Custom|egreedy|1,Custom,egreedy,1,48,100.0,25.8,81.315,FP32,0,Stressed,golf ball,golf ball,1,0.8637,134.73,0.04,0
Custom|egreedy|1,Custom,egreedy,1,49,100.0,25.8,80.341,FP32,0,Stressed,unknown,French horn,,0.909,120.99,0.041,0
Custom|egreedy|1,Custom,egreedy,1,50,100.0,26.5,81.315,FP32,0,Stressed,parachute,balloon,0,0.9727,131.03,0.041,0
Custom|egreedy|1,Custom,egreedy,1,51,100.0,26.3,81.315,INT8,1,Stressed,unknown,fountain pen,,0.793,90.05,0.236,1
Custom|egreedy|1,Custom,egreedy,1,52,100.0,26.3,81.315,FP32,0,Stressed,unknown,iPod,,0.2564,103.48,0.041,1
Custom|egreedy|1,Custom,egreedy,1,53,100.0,26.6,83.263,FP32,0,Stressed,unknown,hummingbird,,0.0748,123.3,0.039,0
Custom|egreedy|1,Custom,egreedy,1,54,100.0,26.5,82.776,FP32,0,Stressed,tench,tench,1,0.7216,125.91,0.043,0
Custom|egreedy|1,Custom,egreedy,1,55,100.0,26.5,82.289,FP32,0,Stressed,garbage truck,garbage truck,1,0.883,136.89,0.042,0
Custom|egreedy|1,Custom,egreedy,1,56,100.0,26.4,82.776,FP32,0,Stressed,golf ball,soccer ball,0,0.4077,135.79,0.043,0
Custom|egreedy|1,Custom,egreedy,1,57,100.0,26.3,81.802,FP32,0,Stressed,cassette player,cassette,0,0.9074,136.21,0.042,0
Custom|egreedy|1,Custom,egreedy,1,58,100.0,26.3,82.776,FP32,0,Stressed,chain saw,chain saw,1,0.9744,130.04,0.044,0
Custom|egreedy|1,Custom,egreedy,1,59,100.0,26.2,83.263,FP32,0,Stressed,church,bell cote,0,0.6433,136.45,0.043,0
Custom|egreedy|2,Custom,egreedy,2,0,0.0,25.8,80.341,FP32,0,Normal,golf ball,soccer ball,0,0.4077,64.71,0.037,0
Custom|egreedy|2,Custom,egreedy,2,1,0.0,25.8,80.341,FP32,0,Normal,cassette player,cassette,0,0.9074,64.85,0.23,0
Custom|egreedy|2,Custom,egreedy,2,2,0.0,25.8,78.88,FP32,0,Normal,chain saw,chain saw,1,0.9744,65.07,0.041,0
Custom|egreedy|2,Custom,egreedy,2,3,0.0,25.8,78.393,FP32,0,Normal,church,bell cote,0,0.6433,64.95,0.037,0
Custom|egreedy|2,Custom,egreedy,2,4,0.0,25.8,76.932,FP32,0,Normal,unknown,parachute,,0.1668,65.26,0.036,0
Custom|egreedy|2,Custom,egreedy,2,5,0.0,25.8,75.958,FP32,0,Normal,unknown,Welsh springer spaniel,,0.3887,65.08,0.039,0
Custom|egreedy|2,Custom,egreedy,2,6,0.0,25.8,75.958,FP32,0,Normal,golf ball,golf ball,1,0.8637,65.02,0.041,0
Custom|egreedy|2,Custom,egreedy,2,7,0.0,25.8,74.984,FP32,0,Normal,unknown,French horn,,0.909,65.01,0.037,0
Custom|egreedy|2,Custom,egreedy,2,8,2.0,25.4,74.984,FP32,0,Normal,parachute,balloon,0,0.9727,99.98,0.08,0
Custom|egreedy|2,Custom,egreedy,2,9,0.0,25.4,74.984,FP32,0,Normal,unknown,fountain pen,,0.79,65.18,0.037,0
Custom|egreedy|2,Custom,egreedy,2,10,0.0,25.4,74.01,FP32,0,Normal,unknown,iPod,,0.2564,65.14,0.039,0
Custom|egreedy|2,Custom,egreedy,2,11,0.0,25.4,74.01,FP32,0,Normal,unknown,hummingbird,,0.0748,64.98,0.225,0
Custom|egreedy|2,Custom,egreedy,2,12,0.0,25.4,74.01,FP32,0,Normal,tench,tench,1,0.7216,65.01,0.038,0
Custom|egreedy|2,Custom,egreedy,2,13,0.0,25.4,72.549,FP32,0,Normal,garbage truck,garbage truck,1,0.883,65.03,0.038,0
Custom|egreedy|2,Custom,egreedy,2,14,0.0,25.4,72.549,FP32,0,Normal,golf ball,soccer ball,0,0.4077,64.88,0.038,0
Custom|egreedy|2,Custom,egreedy,2,15,0.0,25.4,73.523,FP32,0,Normal,cassette player,cassette,0,0.9074,65.0,0.038,0
Custom|egreedy|2,Custom,egreedy,2,16,0.0,25.4,72.549,FP32,0,Normal,chain saw,chain saw,1,0.9744,64.93,0.036,0
Custom|egreedy|2,Custom,egreedy,2,17,0.0,25.4,71.575,FP32,0,Normal,church,bell cote,0,0.6433,110.26,0.064,0
Custom|egreedy|2,Custom,egreedy,2,18,0.0,25.4,72.062,FP32,0,Normal,unknown,parachute,,0.1668,65.0,0.038,0
Custom|egreedy|2,Custom,egreedy,2,19,0.0,25.4,71.575,INT8,1,Normal,unknown,English springer,,0.2969,45.38,0.226,1
Custom|egreedy|2,Custom,egreedy,2,20,0.0,25.4,71.575,FP32,0,Normal,golf ball,golf ball,1,0.8637,65.02,0.037,1
Custom|egreedy|2,Custom,egreedy,2,21,0.0,25.4,72.549,FP32,0,Normal,unknown,French horn,,0.909,65.01,0.038,0
Custom|egreedy|2,Custom,egreedy,2,22,0.0,26.2,71.575,FP32,0,Normal,parachute,balloon,0,0.9727,65.05,0.038,0
Custom|egreedy|2,Custom,egreedy,2,23,0.0,26.0,71.575,FP32,0,Normal,unknown,fountain pen,,0.79,65.0,0.039,0
Custom|egreedy|2,Custom,egreedy,2,24,0.0,25.8,72.062,FP32,0,Normal,unknown,iPod,,0.2564,65.14,0.038,0
Custom|egreedy|2,Custom,egreedy,2,25,2.0,25.9,70.114,FP32,0,Normal,unknown,hummingbird,,0.0748,65.28,0.038,0
Custom|egreedy|2,Custom,egreedy,2,26,0.0,25.9,70.601,FP32,0,Normal,tench,tench,1,0.7216,96.47,0.079,0
Custom|egreedy|2,Custom,egreedy,2,27,0.0,25.9,70.601,FP32,0,Normal,garbage truck,garbage truck,1,0.883,64.98,0.038,0
Custom|egreedy|2,Custom,egreedy,2,28,0.0,25.9,70.601,FP32,0,Normal,golf ball,soccer ball,0,0.4077,65.1,0.04,0
Custom|egreedy|2,Custom,egreedy,2,29,0.0,25.9,71.088,FP32,0,Normal,cassette player,cassette,0,0.9074,65.12,0.038,0
Custom|egreedy|2,Custom,egreedy,2,30,2.0,25.9,71.088,FP32,0,Normal,chain saw,chain saw,1,0.9744,65.02,0.038,0
Custom|egreedy|2,Custom,egreedy,2,31,0.0,25.9,70.114,FP32,0,Normal,church,bell cote,0,0.6433,64.99,0.038,0
Custom|egreedy|2,Custom,egreedy,2,32,0.0,25.9,69.627,FP32,0,Normal,unknown,parachute,,0.1668,64.99,0.038,0
Custom|egreedy|2,Custom,egreedy,2,33,0.0,25.9,70.114,FP32,0,Normal,unknown,Welsh springer spaniel,,0.3887,65.0,0.044,0
Custom|egreedy|2,Custom,egreedy,2,34,0.0,25.8,69.14,FP32,0,Normal,golf ball,golf ball,1,0.8637,64.97,0.038,0
Custom|egreedy|2,Custom,egreedy,2,35,0.0,25.8,70.601,FP32,0,Normal,unknown,French horn,,0.909,65.17,0.078,0
Custom|egreedy|2,Custom,egreedy,2,36,0.0,25.4,70.114,FP32,0,Normal,parachute,balloon,0,0.9727,65.06,0.039,0
Custom|egreedy|2,Custom,egreedy,2,37,0.0,25.4,69.627,FP32,0,Normal,unknown,fountain pen,,0.79,64.91,0.038,0
Custom|egreedy|2,Custom,egreedy,2,38,2.0,25.4,69.627,FP32,0,Normal,unknown,iPod,,0.2564,65.04,0.037,0
Custom|egreedy|2,Custom,egreedy,2,39,0.0,25.4,69.627,FP32,0,Normal,unknown,hummingbird,,0.0748,64.91,0.038,0
Custom|egreedy|2,Custom,egreedy,2,40,100.0,25.9,75.958,FP32,0,Stressed,tench,tench,1,0.7216,128.6,0.039,0
Custom|egreedy|2,Custom,egreedy,2,41,100.0,25.9,77.419,FP32,0,Stressed,garbage truck,garbage truck,1,0.883,128.9,0.038,0
Custom|egreedy|2,Custom,egreedy,2,42,100.0,25.9,78.393,FP32,0,Stressed,golf ball,soccer ball,0,0.4077,130.45,0.039,0
Custom|egreedy|2,Custom,egreedy,2,43,100.0,25.9,78.393,FP32,0,Stressed,cassette player,cassette,0,0.9074,134.52,0.046,0
Custom|egreedy|2,Custom,egreedy,2,44,100.0,25.9,78.88,FP32,0,Stressed,chain saw,chain saw,1,0.9744,117.76,0.041,0
Custom|egreedy|2,Custom,egreedy,2,45,100.0,25.9,81.315,FP32,0,Stressed,church,bell cote,0,0.6433,129.57,0.042,0
Custom|egreedy|2,Custom,egreedy,2,46,100.0,25.9,81.802,FP32,0,Stressed,unknown,parachute,,0.1668,129.13,0.043,0
Custom|egreedy|2,Custom,egreedy,2,47,100.0,25.9,80.828,FP32,0,Stressed,unknown,Welsh springer spaniel,,0.3887,129.81,0.04,0
Custom|egreedy|2,Custom,egreedy,2,48,100.0,25.9,81.802,FP32,0,Stressed,golf ball,golf ball,1,0.8637,122.15,0.044,0
Custom|egreedy|2,Custom,egreedy,2,49,100.0,25.9,82.289,FP32,0,Stressed,unknown,French horn,,0.909,134.18,0.043,0
Custom|egreedy|2,Custom,egreedy,2,50,100.0,25.7,82.289,FP32,0,Stressed,parachute,balloon,0,0.9727,134.45,0.047,0
Custom|egreedy|2,Custom,egreedy,2,51,100.0,25.7,83.263,FP32,0,Stressed,unknown,fountain pen,,0.79,135.43,0.044,0
Custom|egreedy|2,Custom,egreedy,2,52,100.0,25.7,82.289,FP32,0,Stressed,unknown,iPod,,0.2564,114.66,0.042,0
Custom|egreedy|2,Custom,egreedy,2,53,100.0,25.9,82.776,FP32,0,Stressed,unknown,hummingbird,,0.0748,121.8,0.041,0
Custom|egreedy|2,Custom,egreedy,2,54,100.0,25.9,83.263,FP32,0,Stressed,tench,tench,1,0.7216,132.17,0.04,0
Custom|egreedy|2,Custom,egreedy,2,55,100.0,25.9,83.263,FP32,0,Stressed,garbage truck,garbage truck,1,0.883,136.76,0.04,0
Custom|egreedy|2,Custom,egreedy,2,56,100.0,25.9,82.776,FP32,0,Stressed,golf ball,soccer ball,0,0.4077,142.69,0.045,0
Custom|egreedy|2,Custom,egreedy,2,57,100.0,25.9,82.289,FP32,0,Stressed,cassette player,cassette,0,0.9074,136.79,0.043,0
Custom|egreedy|2,Custom,egreedy,2,58,100.0,25.9,82.289,FP32,0,Stressed,chain saw,chain saw,1,0.9744,137.5,0.044,0
Custom|egreedy|2,Custom,egreedy,2,59,100.0,25.9,82.289,FP32,0,Stressed,church,bell cote,0,0.6433,136.27,0.045,0
Custom|egreedy|3,Custom,egreedy,3,0,0.0,25.7,80.341,FP32,0,Normal,golf ball,soccer ball,0,0.4077,65.09,0.037,0
Custom|egreedy|3,Custom,egreedy,3,1,0.0,25.7,79.854,FP32,0,Normal,cassette player,cassette,0,0.9074,64.98,0.038,0
Custom|egreedy|3,Custom,egreedy,3,2,0.0,25.7,78.393,FP32,0,Normal,chain saw,chain saw,1,0.9744,65.15,0.041,0
Custom|egreedy|3,Custom,egreedy,3,3,0.0,25.7,77.419,FP32,0,Normal,church,bell cote,0,0.6433,65.16,0.224,0
Custom|egreedy|3,Custom,egreedy,3,4,0.0,25.7,77.419,FP32,0,Normal,unknown,parachute,,0.1668,64.95,0.09,0
Custom|egreedy|3,Custom,egreedy,3,5,0.0,25.7,75.958,FP32,0,Normal,unknown,Welsh springer spaniel,,0.3887,65.11,0.038,0
Custom|egreedy|3,Custom,egreedy,3,6,0.0,25.7,75.471,FP32,0,Normal,golf ball,golf ball,1,0.8637,65.02,0.038,0
Custom|egreedy|3,Custom,egreedy,3,7,0.0,25.7,76.445,FP32,0,Normal,unknown,French horn,,0.909,65.06,0.04,0
Custom|egreedy|3,Custom,egreedy,3,8,2.0,25.4,74.497,FP32,0,Normal,parachute,balloon,0,0.9727,64.99,0.038,0
Custom|egreedy|3,Custom,egreedy,3,9,0.0,25.4,74.01,FP32,0,Normal,unknown,fountain pen,,0.79,65.05,0.038,0
Custom|egreedy|3,Custom,egreedy,3,10,0.0,25.4,74.497,FP32,0,Normal,unknown,iPod,,0.2564,73.82,0.068,0
Custom|egreedy|3,Custom,egreedy,3,11,0.0,25.5,74.01,FP32,0,Normal,unknown,hummingbird,,0.0748,64.98,0.038,0
Custom|egreedy|3,Custom,egreedy,3,12,0.0,25.5,73.036,FP32,0,Normal,tench,tench,1,0.7216,65.01,0.037,0
Custom|egreedy|3,Custom,egreedy,3,13,0.0,25.5,73.523,FP32,0,Normal,garbage truck,garbage truck,1,0.883,64.94,0.038,0
Custom|egreedy|3,Custom,egreedy,3,14,2.0,25.4,72.549,FP32,0,Normal,golf ball,soccer ball,0,0.4077,65.1,0.038,0
Custom|egreedy|3,Custom,egreedy,3,15,0.0,25.4,73.036,FP32,0,Normal,cassette player,cassette,0,0.9074,65.14,0.038,0
Custom|egreedy|3,Custom,egreedy,3,16,0.0,25.4,72.062,FP32,0,Normal,chain saw,chain saw,1,0.9744,65.21,0.037,0
Custom|egreedy|3,Custom,egreedy,3,17,0.0,25.4,73.036,FP32,0,Normal,church,bell cote,0,0.6433,65.1,0.037,0
Custom|egreedy|3,Custom,egreedy,3,18,0.0,25.4,72.549,FP32,0,Normal,unknown,parachute,,0.1668,65.03,0.037,0
Custom|egreedy|3,Custom,egreedy,3,19,0.0,25.4,71.088,FP32,0,Normal,unknown,Welsh springer spaniel,,0.3887,105.42,0.078,0
Custom|egreedy|3,Custom,egreedy,3,20,0.0,25.4,72.062,FP32,0,Normal,golf ball,golf ball,1,0.8637,64.96,0.037,0
Custom|egreedy|3,Custom,egreedy,3,21,0.0,25.4,71.088,FP32,0,Normal,unknown,French horn,,0.909,65.03,0.037,0
Custom|egreedy|3,Custom,egreedy,3,22,0.0,26.3,71.088,FP32,0,Normal,parachute,balloon,0,0.9727,64.93,0.036,0
Custom|egreedy|3,Custom,egreedy,3,23,0.0,25.7,70.114,FP32,0,Normal,unknown,fountain pen,,0.79,64.96,0.037,0
Custom|egreedy|3,Custom,egreedy,3,24,0.0,25.7,71.088,FP32,0,Normal,unknown,iPod,,0.2564,64.96,0.038,0
Custom|egreedy|3,Custom,egreedy,3,25,0.0,25.7,70.601,FP32,0,Normal,unknown,hummingbird,,0.0748,65.05,0.037,0
Custom|egreedy|3,Custom,egreedy,3,26,0.0,25.7,71.088,FP32,0,Normal,tench,tench,1,0.7216,65.06,0.037,0
Custom|egreedy|3,Custom,egreedy,3,27,0.0,25.7,70.601,FP32,0,Normal,garbage truck,garbage truck,1,0.883,64.95,0.038,0
Custom|egreedy|3,Custom,egreedy,3,28,0.0,25.7,70.601,FP32,0,Normal,golf ball,soccer ball,0,0.4077,101.76,0.064,0
Custom|egreedy|3,Custom,egreedy,3,29,0.0,25.7,69.627,FP32,0,Normal,cassette player,cassette,0,0.9074,65.0,0.038,0
Custom|egreedy|3,Custom,egreedy,3,30,0.0,25.7,70.601,FP32,0,Normal,chain saw,chain saw,1,0.9744,65.03,0.038,0
Custom|egreedy|3,Custom,egreedy,3,31,0.0,25.7,69.627,FP32,0,Normal,church,bell cote,0,0.6433,65.0,0.037,0
Custom|egreedy|3,Custom,egreedy,3,32,0.0,25.7,70.114,INT8,1,Normal,unknown,parachute,,0.2305,45.51,0.223,1
Custom|egreedy|3,Custom,egreedy,3,33,0.0,25.7,69.627,FP32,0,Normal,unknown,Welsh springer spaniel,,0.3887,65.03,0.037,1
Custom|egreedy|3,Custom,egreedy,3,34,0.0,25.7,69.627,FP32,0,Normal,golf ball,golf ball,1,0.8637,65.81,0.038,0
Custom|egreedy|3,Custom,egreedy,3,35,0.0,25.7,69.627,FP32,0,Normal,unknown,French horn,,0.909,65.13,0.038,0
Custom|egreedy|3,Custom,egreedy,3,36,2.0,25.3,69.627,FP32,0,Normal,parachute,balloon,0,0.9727,65.05,0.038,0
Custom|egreedy|3,Custom,egreedy,3,37,0.0,25.3,68.653,FP32,0,Normal,unknown,fountain pen,,0.79,83.94,0.065,0
Custom|egreedy|3,Custom,egreedy,3,38,0.0,25.3,69.627,FP32,0,Normal,unknown,iPod,,0.2564,65.1,0.038,0
Custom|egreedy|3,Custom,egreedy,3,39,0.0,25.5,69.627,FP32,0,Normal,unknown,hummingbird,,0.0748,65.09,0.038,0
Custom|egreedy|3,Custom,egreedy,3,40,100.0,26.2,75.958,FP32,0,Stressed,tench,tench,1,0.7216,128.79,0.04,0
Custom|egreedy|3,Custom,egreedy,3,41,100.0,26.2,76.445,FP32,0,Stressed,garbage truck,garbage truck,1,0.883,122.33,0.24,0
Custom|egreedy|3,Custom,egreedy,3,42,100.0,26.2,78.393,FP32,0,Stressed,golf ball,soccer ball,0,0.4077,134.59,0.234,0
Custom|egreedy|3,Custom,egreedy,3,43,100.0,26.2,76.932,FP32,0,Stressed,cassette player,cassette,0,0.9074,129.33,0.04,0
Custom|egreedy|3,Custom,egreedy,3,44,100.0,26.2,78.88,FP32,0,Stressed,chain saw,chain saw,1,0.9744,109.01,0.041,0
Custom|egreedy|3,Custom,egreedy,3,45,100.0,26.2,79.854,FP32,0,Stressed,church,bell cote,0,0.6433,129.18,0.042,0
Custom|egreedy|3,Custom,egreedy,3,46,100.0,26.2,80.341,FP32,0,Stressed,unknown,parachute,,0.1668,130.35,0.04,0
Custom|egreedy|3,Custom,egreedy,3,47,100.0,26.2,80.828,FP32,0,Stressed,unknown,Welsh springer spaniel,,0.3887,118.43,0.042,0
Custom|egreedy|3,Custom,egreedy,3,48,100.0,26.2,81.315,FP32,0,Stressed,golf ball,golf ball,1,0.8637,133.83,0.257,0
Custom|egreedy|3,Custom,egreedy,3,49,100.0,26.2,81.315,FP32,0,Stressed,unknown,French horn,,0.909,135.85,0.039,0
Custom|egreedy|3,Custom,egreedy,3,50,100.0,25.7,81.315,FP32,0,Stressed,parachute,balloon,0,0.9727,130.36,0.038,0
Custom|egreedy|3,Custom,egreedy,3,51,100.0,25.7,81.315,FP32,0,Stressed,unknown,fountain pen,,0.79,135.46,0.045,0
Custom|egreedy|3,Custom,egreedy,3,52,100.0,25.7,83.263,INT8,1,Stressed,unknown,iPod,,0.2578,82.24,0.25,1
Custom|egreedy|3,Custom,egreedy,3,53,100.0,26.1,82.776,FP32,0,Stressed,unknown,hummingbird,,0.0748,136.55,0.254,1
Custom|egreedy|3,Custom,egreedy,3,54,100.0,26.1,82.289,FP32,0,Stressed,tench,tench,1,0.7216,137.43,0.047,0
Custom|egreedy|3,Custom,egreedy,3,55,100.0,26.1,83.263,FP32,0,Stressed,garbage truck,garbage truck,1,0.883,123.71,0.042,0
Custom|egreedy|3,Custom,egreedy,3,56,100.0,26.1,81.802,FP32,0,Stressed,golf ball,soccer ball,0,0.4077,136.78,0.04,0
Custom|egreedy|3,Custom,egreedy,3,57,100.0,26.1,81.802,INT8,1,Stressed,cassette player,cassette,0,0.8359,96.1,0.28,1
Custom|egreedy|3,Custom,egreedy,3,58,100.0,26.1,83.263,FP32,0,Stressed,chain saw,chain saw,1,0.9744,138.27,0.045,1
Custom|egreedy|3,Custom,egreedy,3,59,100.0,26.1,83.263,FP32,0,Stressed,church,bell cote,0,0.6433,141.06,0.043,0
Custom|linucb_cold|1,Custom,linucb_cold,1,0,0.0,25.6,81.802,FP32,0,Normal,golf ball,soccer ball,0,0.4077,64.48,0.315,0
Custom|linucb_cold|1,Custom,linucb_cold,1,1,0.0,25.6,78.88,INT8,1,Normal,cassette player,cassette,0,0.8359,45.37,0.306,1
Custom|linucb_cold|1,Custom,linucb_cold,1,2,0.0,25.5,78.393,INT8,1,Normal,chain saw,chain saw,1,0.9648,45.4,0.31,0
Custom|linucb_cold|1,Custom,linucb_cold,1,3,0.0,25.5,76.932,INT8,1,Normal,church,bell cote,0,0.3516,45.51,0.309,0
Custom|linucb_cold|1,Custom,linucb_cold,1,4,0.0,25.5,77.419,INT8,1,Normal,unknown,parachute,,0.2305,96.3,0.409,0
Custom|linucb_cold|1,Custom,linucb_cold,1,5,2.0,25.5,74.984,FP32,0,Normal,unknown,Welsh springer spaniel,,0.3887,64.52,0.31,1
Custom|linucb_cold|1,Custom,linucb_cold,1,6,0.0,25.5,74.984,INT8,1,Normal,golf ball,golf ball,1,0.9062,45.38,0.31,1
Custom|linucb_cold|1,Custom,linucb_cold,1,7,0.0,25.5,73.523,INT8,1,Normal,unknown,French horn,,0.9102,45.43,0.311,0
Custom|linucb_cold|1,Custom,linucb_cold,1,8,0.0,25.2,74.497,INT8,1,Normal,parachute,balloon,0,0.9766,45.39,0.313,0
Custom|linucb_cold|1,Custom,linucb_cold,1,9,0.0,25.2,74.01,INT8,1,Normal,unknown,fountain pen,,0.793,45.42,0.313,0
Custom|linucb_cold|1,Custom,linucb_cold,1,10,0.0,25.2,73.523,INT8,1,Normal,unknown,iPod,,0.2578,45.39,0.314,0
Custom|linucb_cold|1,Custom,linucb_cold,1,11,0.0,25.3,73.036,FP32,0,Normal,unknown,hummingbird,,0.0748,65.0,0.314,1
Custom|linucb_cold|1,Custom,linucb_cold,1,12,0.0,25.3,73.036,INT8,1,Normal,tench,tench,1,0.6406,45.42,0.311,1
Custom|linucb_cold|1,Custom,linucb_cold,1,13,0.0,25.3,73.036,INT8,1,Normal,garbage truck,garbage truck,1,0.8867,96.27,0.614,0
Custom|linucb_cold|1,Custom,linucb_cold,1,14,0.0,25.3,72.549,INT8,1,Normal,golf ball,face powder,0,0.2422,45.42,0.307,0
Custom|linucb_cold|1,Custom,linucb_cold,1,15,2.0,25.3,71.575,INT8,1,Normal,cassette player,cassette,0,0.8359,45.4,0.308,0
Custom|linucb_cold|1,Custom,linucb_cold,1,16,0.0,25.3,72.062,INT8,1,Normal,chain saw,chain saw,1,0.9648,45.4,0.31,0
Custom|linucb_cold|1,Custom,linucb_cold,1,17,0.0,25.3,71.088,INT8,1,Normal,church,bell cote,0,0.3516,45.41,0.311,0
Custom|linucb_cold|1,Custom,linucb_cold,1,18,0.0,25.3,71.575,INT8,1,Normal,unknown,parachute,,0.2305,45.41,0.317,0
Custom|linucb_cold|1,Custom,linucb_cold,1,19,0.0,25.3,72.062,INT8,1,Normal,unknown,English springer,,0.2969,45.4,0.314,0
Custom|linucb_cold|1,Custom,linucb_cold,1,20,0.0,25.3,72.062,INT8,1,Normal,golf ball,golf ball,1,0.9062,45.4,0.312,0
Custom|linucb_cold|1,Custom,linucb_cold,1,21,0.0,25.3,70.114,INT8,1,Normal,unknown,French horn,,0.9102,45.44,0.309,0
Custom|linucb_cold|1,Custom,linucb_cold,1,22,0.0,26.2,70.114,INT8,1,Normal,parachute,balloon,0,0.9766,81.16,0.614,0
Custom|linucb_cold|1,Custom,linucb_cold,1,23,0.0,26.1,70.601,INT8,1,Normal,unknown,fountain pen,,0.793,45.42,0.314,0
Custom|linucb_cold|1,Custom,linucb_cold,1,24,0.0,25.8,69.627,INT8,1,Normal,unknown,iPod,,0.2578,45.42,0.311,0
Custom|linucb_cold|1,Custom,linucb_cold,1,25,0.0,25.9,69.627,FP32,0,Normal,unknown,hummingbird,,0.0748,64.99,0.314,1
Custom|linucb_cold|1,Custom,linucb_cold,1,26,0.0,25.9,69.627,INT8,1,Normal,tench,tench,1,0.6406,45.41,0.312,1
Custom|linucb_cold|1,Custom,linucb_cold,1,27,0.0,25.9,69.627,INT8,1,Normal,garbage truck,garbage truck,1,0.8867,45.41,0.312,0
Custom|linucb_cold|1,Custom,linucb_cold,1,28,0.0,25.9,69.14,INT8,1,Normal,golf ball,face powder,0,0.2422,45.45,0.314,0
Custom|linucb_cold|1,Custom,linucb_cold,1,29,0.0,25.9,69.14,INT8,1,Normal,cassette player,cassette,0,0.8359,45.49,0.31,0
Custom|linucb_cold|1,Custom,linucb_cold,1,30,0.0,25.9,69.627,INT8,1,Normal,chain saw,chain saw,1,0.9648,45.41,0.31,0
Custom|linucb_cold|1,Custom,linucb_cold,1,31,2.0,25.9,69.14,INT8,1,Normal,church,bell cote,0,0.3516,66.53,0.61,0
Custom|linucb_cold|1,Custom,linucb_cold,1,32,0.0,25.9,69.14,INT8,1,Normal,unknown,parachute,,0.2305,45.4,0.31,0
Custom|linucb_cold|1,Custom,linucb_cold,1,33,0.0,25.9,68.166,INT8,1,Normal,unknown,English springer,,0.2969,45.42,0.314,0
Custom|linucb_cold|1,Custom,linucb_cold,1,34,0.0,25.8,69.627,INT8,1,Normal,golf ball,golf ball,1,0.9062,45.4,0.314,0
Custom|linucb_cold|1,Custom,linucb_cold,1,35,0.0,25.8,69.14,INT8,1,Normal,unknown,French horn,,0.9102,45.45,0.363,0
Custom|linucb_cold|1,Custom,linucb_cold,1,36,0.0,25.3,69.14,INT8,1,Normal,parachute,balloon,0,0.9766,45.44,0.311,0
Custom|linucb_cold|1,Custom,linucb_cold,1,37,0.0,25.3,68.166,INT8,1,Normal,unknown,fountain pen,,0.793,45.42,0.311,0
Custom|linucb_cold|1,Custom,linucb_cold,1,38,0.0,25.3,69.627,INT8,1,Normal,unknown,iPod,,0.2578,45.45,0.31,0
Custom|linucb_cold|1,Custom,linucb_cold,1,39,0.0,25.3,69.14,INT8,1,Normal,unknown,jellyfish,,0.0664,45.44,0.318,0
Custom|linucb_cold|1,Custom,linucb_cold,1,40,100.0,25.7,75.471,INT8,1,Stressed,tench,tench,1,0.6406,89.36,0.324,0
Custom|linucb_cold|1,Custom,linucb_cold,1,41,100.0,25.7,75.958,FP32,0,Stressed,garbage truck,garbage truck,1,0.883,112.89,0.32,1
Custom|linucb_cold|1,Custom,linucb_cold,1,42,100.0,25.7,76.932,INT8,1,Stressed,golf ball,face powder,0,0.2422,93.5,0.325,1
Custom|linucb_cold|1,Custom,linucb_cold,1,43,100.0,25.7,77.906,FP32,0,Stressed,cassette player,cassette,0,0.9074,130.94,0.314,1
Custom|linucb_cold|1,Custom,linucb_cold,1,44,100.0,25.7,78.393,FP32,0,Stressed,chain saw,chain saw,1,0.9744,134.56,0.318,0
Custom|linucb_cold|1,Custom,linucb_cold,1,45,100.0,25.7,78.393,INT8,1,Stressed,church,bell cote,0,0.3516,89.6,0.343,1
Custom|linucb_cold|1,Custom,linucb_cold,1,46,100.0,25.7,79.854,FP32,0,Stressed,unknown,parachute,,0.1668,105.62,0.339,1
Custom|linucb_cold|1,Custom,linucb_cold,1,47,100.0,25.7,79.854,INT8,1,Stressed,unknown,English springer,,0.2969,89.35,0.327,1
Custom|linucb_cold|1,Custom,linucb_cold,1,48,100.0,25.7,80.341,FP32,0,Stressed,golf ball,golf ball,1,0.8637,129.46,0.326,1
Custom|linucb_cold|1,Custom,linucb_cold,1,49,100.0,25.7,80.828,FP32,0,Stressed,unknown,French horn,,0.909,94.11,0.324,0
Custom|linucb_cold|1,Custom,linucb_cold,1,50,100.0,25.3,80.341,FP32,0,Stressed,parachute,balloon,0,0.9727,129.28,0.33,0
Custom|linucb_cold|1,Custom,linucb_cold,1,51,100.0,25.3,82.289,INT8,1,Stressed,unknown,fountain pen,,0.793,89.4,0.413,1
Custom|linucb_cold|1,Custom,linucb_cold,1,52,100.0,25.3,81.315,FP32,0,Stressed,unknown,iPod,,0.2564,102.12,0.34,1
Custom|linucb_cold|1,Custom,linucb_cold,1,53,100.0,25.7,82.289,INT8,1,Stressed,unknown,jellyfish,,0.0664,90.11,0.358,1
Custom|linucb_cold|1,Custom,linucb_cold,1,54,100.0,25.7,81.315,FP32,0,Stressed,tench,tench,1,0.7216,129.56,0.351,1
Custom|linucb_cold|1,Custom,linucb_cold,1,55,100.0,25.7,82.289,FP32,0,Stressed,garbage truck,garbage truck,1,0.883,136.46,0.342,0
Custom|linucb_cold|1,Custom,linucb_cold,1,56,100.0,25.7,81.315,FP32,0,Stressed,golf ball,soccer ball,0,0.4077,134.11,0.369,0
Custom|linucb_cold|1,Custom,linucb_cold,1,57,100.0,25.7,82.289,INT8,1,Stressed,cassette player,cassette,0,0.8359,89.86,0.345,1
Custom|linucb_cold|1,Custom,linucb_cold,1,58,100.0,25.7,82.289,INT8,1,Stressed,chain saw,chain saw,1,0.9648,94.48,0.363,0
Custom|linucb_cold|1,Custom,linucb_cold,1,59,100.0,25.7,82.776,INT8,1,Stressed,church,bell cote,0,0.3516,90.39,0.358,0
Custom|linucb_cold|2,Custom,linucb_cold,2,0,0.0,25.7,80.341,FP32,0,Normal,golf ball,soccer ball,0,0.4077,64.91,0.313,0
Custom|linucb_cold|2,Custom,linucb_cold,2,1,0.0,25.7,79.367,INT8,1,Normal,cassette player,cassette,0,0.8359,45.35,0.312,1
Custom|linucb_cold|2,Custom,linucb_cold,2,2,0.0,25.7,78.88,INT8,1,Normal,chain saw,chain saw,1,0.9648,45.37,0.314,0
Custom|linucb_cold|2,Custom,linucb_cold,2,3,0.0,25.7,76.932,INT8,1,Normal,church,bell cote,0,0.3516,45.37,0.31,0
Custom|linucb_cold|2,Custom,linucb_cold,2,4,0.0,25.7,77.419,INT8,1,Normal,unknown,parachute,,0.2305,45.36,0.31,0
Custom|linucb_cold|2,Custom,linucb_cold,2,5,0.0,25.7,77.419,FP32,0,Normal,unknown,Welsh springer spaniel,,0.3887,65.83,0.311,1
Custom|linucb_cold|2,Custom,linucb_cold,2,6,0.0,25.7,75.958,INT8,1,Normal,golf ball,golf ball,1,0.9062,45.36,0.364,1
Custom|linucb_cold|2,Custom,linucb_cold,2,7,0.0,25.7,75.471,INT8,1,Normal,unknown,French horn,,0.9102,45.41,0.693,0
Custom|linucb_cold|2,Custom,linucb_cold,2,8,0.0,25.4,74.497,INT8,1,Normal,parachute,balloon,0,0.9766,45.82,0.312,0
Custom|linucb_cold|2,Custom,linucb_cold,2,9,2.0,25.4,74.01,INT8,1,Normal,unknown,fountain pen,,0.793,45.41,0.311,0
Custom|linucb_cold|2,Custom,linucb_cold,2,10,0.0,25.4,74.984,INT8,1,Normal,unknown,iPod,,0.2578,45.39,0.313,0
Custom|linucb_cold|2,Custom,linucb_cold,2,11,0.0,25.5,73.036,FP32,0,Normal,unknown,hummingbird,,0.0748,65.23,0.312,1
Custom|linucb_cold|2,Custom,linucb_cold,2,12,0.0,25.5,73.036,INT8,1,Normal,tench,tench,1,0.6406,45.46,0.313,1
Custom|linucb_cold|2,Custom,linucb_cold,2,13,0.0,25.5,74.497,INT8,1,Normal,garbage truck,garbage truck,1,0.8867,45.41,0.311,0
Custom|linucb_cold|2,Custom,linucb_cold,2,14,0.0,25.5,72.549,INT8,1,Normal,golf ball,face powder,0,0.2422,45.41,0.309,0
Custom|linucb_cold|2,Custom,linucb_cold,2,15,0.0,25.5,72.549,INT8,1,Normal,cassette player,cassette,0,0.8359,45.4,0.31,0
Custom|linucb_cold|2,Custom,linucb_cold,2,16,0.0,25.5,72.549,INT8,1,Normal,chain saw,chain saw,1,0.9648,92.27,0.724,0
Custom|linucb_cold|2,Custom,linucb_cold,2,17,0.0,25.5,72.549,INT8,1,Normal,church,bell cote,0,0.3516,45.4,0.31,0
Custom|linucb_cold|2,Custom,linucb_cold,2,18,0.0,25.5,71.088,INT8,1,Normal,unknown,parachute,,0.2305,45.39,0.37,0
Custom|linucb_cold|2,Custom,linucb_cold,2,19,0.0,25.5,72.062,INT8,1,Normal,unknown,English springer,,0.2969,45.4,0.31,0
Custom|linucb_cold|2,Custom,linucb_cold,2,20,0.0,25.5,71.575,INT8,1,Normal,golf ball,golf ball,1,0.9062,45.38,0.31,0
Custom|linucb_cold|2,Custom,linucb_cold,2,21,0.0,25.5,71.088,INT8,1,Normal,unknown,French horn,,0.9102,45.47,0.312,0
Custom|linucb_cold|2,Custom,linucb_cold,2,22,0.0,26.3,71.575,INT8,1,Normal,parachute,balloon,0,0.9766,45.39,0.311,0
Custom|linucb_cold|2,Custom,linucb_cold,2,23,2.0,26.2,71.088,INT8,1,Normal,unknown,fountain pen,,0.793,45.37,0.314,0
Custom|linucb_cold|2,Custom,linucb_cold,2,24,0.0,25.9,71.088,INT8,1,Normal,unknown,iPod,,0.2578,45.41,0.309,0
Custom|linucb_cold|2,Custom,linucb_cold,2,25,0.0,26.0,71.088,INT8,1,Normal,unknown,jellyfish,,0.0664,74.13,0.673,0
Custom|linucb_cold|2,Custom,linucb_cold,2,26,0.0,25.9,70.601,FP32,0,Normal,tench,tench,1,0.7216,65.15,0.311,1
Custom|linucb_cold|2,Custom,linucb_cold,2,27,0.0,25.9,69.14,FP32,0,Normal,garbage truck,garbage truck,1,0.883,64.95,0.311,0
Custom|linucb_cold|2,Custom,linucb_cold,2,28,0.0,25.9,69.627,FP32,0,Normal,golf ball,soccer ball,0,0.4077,64.71,0.312,0
Custom|linucb_cold|2,Custom,linucb_cold,2,29,0.0,25.9,69.627,FP32,0,Normal,cassette player,cassette,0,0.9074,64.48,0.312,0
Custom|linucb_cold|2,Custom,linucb_cold,2,30,2.0,25.9,69.627,FP32,0,Normal,chain saw,chain saw,1,0.9744,64.52,0.314,0
Custom|linucb_cold|2,Custom,linucb_cold,2,31,0.0,25.9,70.114,FP32,0,Normal,church,bell cote,0,0.6433,64.58,0.311,0
Custom|linucb_cold|2,Custom,linucb_cold,2,32,0.0,25.9,70.114,FP32,0,Normal,unknown,parachute,,0.1668,64.69,0.311,0
Custom|linucb_cold|2,Custom,linucb_cold,2,33,0.0,25.9,69.14,INT8,1,Normal,unknown,English springer,,0.2969,45.4,0.312,1
Custom|linucb_cold|2,Custom,linucb_cold,2,34,0.0,25.9,69.627,INT8,1,Normal,golf ball,golf ball,1,0.9062,91.24,0.617,0
Custom|linucb_cold|2,Custom,linucb_cold,2,35,2.0,25.9,70.114,INT8,1,Normal,unknown,French horn,,0.9102,45.58,0.313,0
Custom|linucb_cold|2,Custom,linucb_cold,2,36,0.0,25.4,69.14,INT8,1,Normal,parachute,balloon,0,0.9766,45.4,0.312,0
Custom|linucb_cold|2,Custom,linucb_cold,2,37,0.0,25.4,69.14,INT8,1,Normal,unknown,fountain pen,,0.793,45.37,0.315,0
Custom|linucb_cold|2,Custom,linucb_cold,2,38,0.0,25.4,69.627,INT8,1,Normal,unknown,iPod,,0.2578,45.36,0.314,0
Custom|linucb_cold|2,Custom,linucb_cold,2,39,0.0,25.4,69.14,INT8,1,Normal,unknown,jellyfish,,0.0664,45.37,0.311,0
Custom|linucb_cold|2,Custom,linucb_cold,2,40,100.0,25.9,74.984,INT8,1,Stressed,tench,tench,1,0.6406,95.58,0.325,0
Custom|linucb_cold|2,Custom,linucb_cold,2,41,100.0,25.9,75.958,FP32,0,Stressed,garbage truck,garbage truck,1,0.883,128.39,0.327,1
Custom|linucb_cold|2,Custom,linucb_cold,2,42,100.0,25.9,76.445,INT8,1,Stressed,golf ball,face powder,0,0.2422,89.68,0.328,1
Custom|linucb_cold|2,Custom,linucb_cold,2,43,100.0,25.9,78.393,FP32,0,Stressed,cassette player,cassette,0,0.9074,133.83,0.327,1
Custom|linucb_cold|2,Custom,linucb_cold,2,44,100.0,25.9,78.88,FP32,0,Stressed,chain saw,chain saw,1,0.9744,129.26,0.325,0
Custom|linucb_cold|2,Custom,linucb_cold,2,45,100.0,25.9,80.341,FP32,0,Stressed,church,bell cote,0,0.6433,129.65,0.372,0
Custom|linucb_cold|2,Custom,linucb_cold,2,46,100.0,25.9,80.828,INT8,1,Stressed,unknown,parachute,,0.2305,93.66,0.332,1
Custom|linucb_cold|2,Custom,linucb_cold,2,47,100.0,25.9,79.854,FP32,0,Stressed,unknown,Welsh springer spaniel,,0.3887,110.38,0.337,1
Custom|linucb_cold|2,Custom,linucb_cold,2,48,100.0,25.9,80.341,INT8,1,Stressed,golf ball,golf ball,1,0.9062,89.46,0.34,1
Custom|linucb_cold|2,Custom,linucb_cold,2,49,100.0,25.9,82.289,FP32,0,Stressed,unknown,French horn,,0.909,114.13,0.354,1
Custom|linucb_cold|2,Custom,linucb_cold,2,50,100.0,25.4,82.289,INT8,1,Stressed,parachute,balloon,0,0.9766,89.42,0.346,1
Custom|linucb_cold|2,Custom,linucb_cold,2,51,100.0,25.4,81.802,FP32,0,Stressed,unknown,fountain pen,,0.79,129.89,0.362,1
Custom|linucb_cold|2,Custom,linucb_cold,2,52,100.0,25.4,81.802,INT8,1,Stressed,unknown,iPod,,0.2578,90.24,0.342,1
Custom|linucb_cold|2,Custom,linucb_cold,2,53,100.0,25.8,81.315,FP32,0,Stressed,unknown,hummingbird,,0.0748,131.56,0.358,1
Custom|linucb_cold|2,Custom,linucb_cold,2,54,100.0,25.8,83.263,INT8,1,Stressed,tench,tench,1,0.6406,90.01,0.328,1
Custom|linucb_cold|2,Custom,linucb_cold,2,55,100.0,25.8,82.776,FP32,0,Stressed,garbage truck,garbage truck,1,0.883,142.87,4.378,1
Custom|linucb_cold|2,Custom,linucb_cold,2,56,100.0,25.8,82.289,INT8,1,Stressed,golf ball,face powder,0,0.2422,96.5,4.369,1
Custom|linucb_cold|2,Custom,linucb_cold,2,57,100.0,25.8,82.776,FP32,0,Stressed,cassette player,cassette,0,0.9074,141.97,0.35,1
Custom|linucb_cold|2,Custom,linucb_cold,2,58,100.0,25.8,81.802,FP32,0,Stressed,chain saw,chain saw,1,0.9744,130.85,0.345,0
Custom|linucb_cold|2,Custom,linucb_cold,2,59,100.0,25.8,82.776,FP32,0,Stressed,church,bell cote,0,0.6433,134.57,0.352,0
Custom|linucb_cold|3,Custom,linucb_cold,3,0,0.0,25.8,80.828,FP32,0,Normal,golf ball,soccer ball,0,0.4077,64.88,0.318,0
Custom|linucb_cold|3,Custom,linucb_cold,3,1,0.0,25.7,79.854,INT8,1,Normal,cassette player,cassette,0,0.8359,45.39,0.379,1
Custom|linucb_cold|3,Custom,linucb_cold,3,2,2.0,25.7,78.393,INT8,1,Normal,chain saw,chain saw,1,0.9648,45.5,0.309,0
Custom|linucb_cold|3,Custom,linucb_cold,3,3,0.0,25.7,78.393,INT8,1,Normal,church,bell cote,0,0.3516,45.39,0.374,0
Custom|linucb_cold|3,Custom,linucb_cold,3,4,0.0,25.7,77.906,INT8,1,Normal,unknown,parachute,,0.2305,45.48,0.309,0
Custom|linucb_cold|3,Custom,linucb_cold,3,5,0.0,25.7,77.419,FP32,0,Normal,unknown,Welsh springer spaniel,,0.3887,64.83,0.312,1
Custom|linucb_cold|3,Custom,linucb_cold,3,6,0.0,25.7,76.445,INT8,1,Normal,golf ball,golf ball,1,0.9062,45.44,0.309,1
Custom|linucb_cold|3,Custom,linucb_cold,3,7,0.0,25.7,74.984,INT8,1,Normal,unknown,French horn,,0.9102,45.45,0.311,0
Custom|linucb_cold|3,Custom,linucb_cold,3,8,0.0,25.6,75.471,INT8,1,Normal,parachute,balloon,0,0.9766,45.42,0.311,0
Custom|linucb_cold|3,Custom,linucb_cold,3,9,0.0,25.6,74.01,INT8,1,Normal,unknown,fountain pen,,0.793,91.95,0.314,0
Custom|linucb_cold|3,Custom,linucb_cold,3,10,0.0,25.6,74.497,INT8,1,Normal,unknown,iPod,,0.2578,45.42,0.313,0
Custom|linucb_cold|3,Custom,linucb_cold,3,11,0.0,25.7,74.497,FP32,0,Normal,unknown,hummingbird,,0.0748,65.49,0.313,1
Custom|linucb_cold|3,Custom,linucb_cold,3,12,0.0,25.7,74.01,INT8,1,Normal,tench,tench,1,0.6406,45.4,0.31,1
Custom|linucb_cold|3,Custom,linucb_cold,3,13,0.0,25.7,72.549,INT8,1,Normal,garbage truck,garbage truck,1,0.8867,45.42,0.312,0
Custom|linucb_cold|3,Custom,linucb_cold,3,14,0.0,25.7,73.036,INT8,1,Normal,golf ball,face powder,0,0.2422,45.43,0.309,0
Custom|linucb_cold|3,Custom,linucb_cold,3,15,0.0,25.7,73.036,INT8,1,Normal,cassette player,cassette,0,0.8359,45.41,0.311,0
Custom|linucb_cold|3,Custom,linucb_cold,3,16,0.0,25.7,72.549,INT8,1,Normal,chain saw,chain saw,1,0.9648,45.45,0.313,0
Custom|linucb_cold|3,Custom,linucb_cold,3,17,0.0,25.7,72.549,INT8,1,Normal,church,bell cote,0,0.3516,45.44,0.312,0
Custom|linucb_cold|3,Custom,linucb_cold,3,18,0.0,25.7,72.549,INT8,1,Normal,unknown,parachute,,0.2305,88.78,0.61,0
Custom|linucb_cold|3,Custom,linucb_cold,3,19,0.0,25.7,72.062,INT8,1,Normal,unknown,English springer,,0.2969,45.43,0.311,0
Custom|linucb_cold|3,Custom,linucb_cold,3,20,0.0,25.7,71.088,INT8,1,Normal,golf ball,golf ball,1,0.9062,45.49,0.312,0
Custom|linucb_cold|3,Custom,linucb_cold,3,21,0.0,25.7,72.549,INT8,1,Normal,unknown,French horn,,0.9102,45.44,0.312,0
Custom|linucb_cold|3,Custom,linucb_cold,3,22,0.0,25.9,71.575,INT8,1,Normal,parachute,balloon,0,0.9766,45.4,0.314,0
Custom|linucb_cold|3,Custom,linucb_cold,3,23,0.0,25.9,71.088,INT8,1,Normal,unknown,fountain pen,,0.793,45.47,0.31,0
Custom|linucb_cold|3,Custom,linucb_cold,3,24,0.0,25.9,70.114,INT8,1,Normal,unknown,iPod,,0.2578,45.44,0.315,0
Custom|linucb_cold|3,Custom,linucb_cold,3,25,0.0,25.9,71.088,INT8,1,Normal,unknown,jellyfish,,0.0664,45.4,0.31,0
Custom|linucb_cold|3,Custom,linucb_cold,3,26,0.0,25.9,71.088,FP32,0,Normal,tench,tench,1,0.7216,65.07,0.309,1
Custom|linucb_cold|3,Custom,linucb_cold,3,27,0.0,25.9,71.088,FP32,0,Normal,garbage truck,garbage truck,1,0.883,105.42,0.61,0
Custom|linucb_cold|3,Custom,linucb_cold,3,28,0.0,25.9,71.088,FP32,0,Normal,golf ball,soccer ball,0,0.4077,64.73,0.308,0
Custom|linucb_cold|3,Custom,linucb_cold,3,29,0.0,25.9,70.114,INT8,1,Normal,cassette player,cassette,0,0.8359,45.39,0.314,1
Custom|linucb_cold|3,Custom,linucb_cold,3,30,0.0,25.9,70.601,INT8,1,Normal,chain saw,chain saw,1,0.9648,45.36,0.309,0
Custom|linucb_cold|3,Custom,linucb_cold,3,31,0.0,25.9,69.627,INT8,1,Normal,church,bell cote,0,0.3516,45.38,0.37,0
Custom|linucb_cold|3,Custom,linucb_cold,3,32,0.0,25.9,70.114,INT8,1,Normal,unknown,parachute,,0.2305,45.42,0.316,0
Custom|linucb_cold|3,Custom,linucb_cold,3,33,0.0,25.9,70.114,FP32,0,Normal,unknown,Welsh springer spaniel,,0.3887,64.6,0.312,1
Custom|linucb_cold|3,Custom,linucb_cold,3,34,0.0,25.9,70.114,INT8,1,Normal,golf ball,golf ball,1,0.9062,45.38,0.311,1
Custom|linucb_cold|3,Custom,linucb_cold,3,35,0.0,25.9,69.14,INT8,1,Normal,unknown,French horn,,0.9102,45.38,0.312,0
Custom|linucb_cold|3,Custom,linucb_cold,3,36,0.0,25.8,69.627,INT8,1,Normal,parachute,balloon,0,0.9766,61.37,0.613,0
Custom|linucb_cold|3,Custom,linucb_cold,3,37,0.0,25.8,69.627,INT8,1,Normal,unknown,fountain pen,,0.793,45.37,0.312,0
Custom|linucb_cold|3,Custom,linucb_cold,3,38,0.0,25.7,69.14,INT8,1,Normal,unknown,iPod,,0.2578,45.37,0.373,0
Custom|linucb_cold|3,Custom,linucb_cold,3,39,0.0,25.7,69.627,INT8,1,Normal,unknown,jellyfish,,0.0664,45.36,0.314,0
Custom|linucb_cold|3,Custom,linucb_cold,3,40,100.0,26.0,75.958,INT8,1,Stressed,tench,tench,1,0.6406,89.43,0.326,0
Custom|linucb_cold|3,Custom,linucb_cold,3,41,100.0,26.0,77.419,FP32,0,Stressed,garbage truck,garbage truck,1,0.883,133.61,0.328,1
Custom|linucb_cold|3,Custom,linucb_cold,3,42,100.0,26.0,77.906,INT8,1,Stressed,golf ball,face powder,0,0.2422,45.34,0.326,1
Custom|linucb_cold|3,Custom,linucb_cold,3,43,100.0,26.0,77.906,FP32,0,Stressed,cassette player,cassette,0,0.9074,117.25,0.329,1
Custom|linucb_cold|3,Custom,linucb_cold,3,44,100.0,26.0,79.367,INT8,1,Stressed,chain saw,chain saw,1,0.9648,89.58,0.324,1
Custom|linucb_cold|3,Custom,linucb_cold,3,45,100.0,26.0,78.88,FP32,0,Stressed,church,bell cote,0,0.6433,130.13,0.322,1
Custom|linucb_cold|3,Custom,linucb_cold,3,46,100.0,26.0,80.341,INT8,1,Stressed,unknown,parachute,,0.2305,93.67,0.341,1
Custom|linucb_cold|3,Custom,linucb_cold,3,47,100.0,26.0,80.341,FP32,0,Stressed,unknown,Welsh springer spaniel,,0.3887,129.08,0.338,1
Custom|linucb_cold|3,Custom,linucb_cold,3,48,100.0,26.0,81.315,INT8,1,Stressed,golf ball,golf ball,1,0.9062,89.4,0.325,1
Custom|linucb_cold|3,Custom,linucb_cold,3,49,100.0,26.0,81.315,FP32,0,Stressed,unknown,French horn,,0.909,112.36,0.33,1
Custom|linucb_cold|3,Custom,linucb_cold,3,50,100.0,25.7,81.802,INT8,1,Stressed,parachute,balloon,0,0.9766,90.01,0.342,1
Custom|linucb_cold|3,Custom,linucb_cold,3,51,100.0,25.7,82.289,INT8,1,Stressed,unknown,fountain pen,,0.793,90.36,0.348,0
Custom|linucb_cold|3,Custom,linucb_cold,3,52,100.0,25.7,82.776,FP32,0,Stressed,unknown,iPod,,0.2564,122.31,0.36,1
Custom|linucb_cold|3,Custom,linucb_cold,3,53,100.0,26.1,83.263,INT8,1,Stressed,unknown,jellyfish,,0.0664,95.87,0.319,1
Custom|linucb_cold|3,Custom,linucb_cold,3,54,100.0,26.1,82.776,FP32,0,Stressed,tench,tench,1,0.7216,139.04,0.347,1
Custom|linucb_cold|3,Custom,linucb_cold,3,55,100.0,26.1,82.289,INT8,1,Stressed,garbage truck,garbage truck,1,0.8867,90.86,0.348,1
Custom|linucb_cold|3,Custom,linucb_cold,3,56,100.0,26.1,83.75,FP32,0,Stressed,golf ball,soccer ball,0,0.4077,144.0,0.36,1
Custom|linucb_cold|3,Custom,linucb_cold,3,57,100.0,26.1,83.263,INT8,1,Stressed,cassette player,cassette,0,0.8359,96.91,0.338,1
Custom|linucb_cold|3,Custom,linucb_cold,3,58,100.0,26.1,83.263,INT8,1,Stressed,chain saw,chain saw,1,0.9648,97.25,0.345,0
Custom|linucb_cold|3,Custom,linucb_cold,3,59,100.0,26.1,83.263,INT8,1,Stressed,church,bell cote,0,0.3516,100.26,0.346,0
Custom|linucb_warm|1,Custom,linucb_warm,1,0,0.0,25.4,80.341,FP32,0,Normal,golf ball,soccer ball,0,0.4077,64.86,0.312,0
Custom|linucb_warm|1,Custom,linucb_warm,1,1,0.0,25.4,79.367,INT8,1,Normal,cassette player,cassette,0,0.8359,45.4,0.312,1
Custom|linucb_warm|1,Custom,linucb_warm,1,2,0.0,25.4,77.906,INT8,1,Normal,chain saw,chain saw,1,0.9648,45.46,0.308,0
Custom|linucb_warm|1,Custom,linucb_warm,1,3,0.0,25.4,77.906,INT8,1,Normal,church,bell cote,0,0.3516,45.48,0.312,0
Custom|linucb_warm|1,Custom,linucb_warm,1,4,2.0,25.4,76.445,INT8,1,Normal,unknown,parachute,,0.2305,45.37,0.309,0
Custom|linucb_warm|1,Custom,linucb_warm,1,5,0.0,25.4,75.471,FP32,0,Normal,unknown,Welsh springer spaniel,,0.3887,64.82,0.307,1
Custom|linucb_warm|1,Custom,linucb_warm,1,6,0.0,25.4,74.984,INT8,1,Normal,golf ball,golf ball,1,0.9062,45.4,0.31,1
Custom|linucb_warm|1,Custom,linucb_warm,1,7,0.0,25.4,75.958,INT8,1,Normal,unknown,French horn,,0.9102,45.44,0.311,0
Custom|linucb_warm|1,Custom,linucb_warm,1,8,0.0,25.1,74.01,INT8,1,Normal,parachute,balloon,0,0.9766,45.41,0.313,0
Custom|linucb_warm|1,Custom,linucb_warm,1,9,0.0,25.1,74.497,INT8,1,Normal,unknown,fountain pen,,0.793,87.55,0.713,0
Custom|linucb_warm|1,Custom,linucb_warm,1,10,2.0,25.1,73.036,INT8,1,Normal,unknown,iPod,,0.2578,45.41,0.312,0
Custom|linucb_warm|1,Custom,linucb_warm,1,11,0.0,25.3,73.523,FP32,0,Normal,unknown,hummingbird,,0.0748,65.19,0.313,1
Custom|linucb_warm|1,Custom,linucb_warm,1,12,0.0,25.3,73.523,INT8,1,Normal,tench,tench,1,0.6406,45.39,0.312,1
Custom|linucb_warm|1,Custom,linucb_warm,1,13,0.0,25.3,72.549,INT8,1,Normal,garbage truck,garbage truck,1,0.8867,45.41,0.312,0
Custom|linucb_warm|1,Custom,linucb_warm,1,14,0.0,25.3,73.523,INT8,1,Normal,golf ball,face powder,0,0.2422,45.42,0.315,0
Custom|linucb_warm|1,Custom,linucb_warm,1,15,0.0,25.3,71.575,INT8,1,Normal,cassette player,cassette,0,0.8359,45.41,0.315,0
Custom|linucb_warm|1,Custom,linucb_warm,1,16,0.0,25.3,71.575,INT8,1,Normal,chain saw,chain saw,1,0.9648,45.41,0.311,0
Custom|linucb_warm|1,Custom,linucb_warm,1,17,0.0,25.3,70.601,INT8,1,Normal,church,bell cote,0,0.3516,45.42,0.376,0
Custom|linucb_warm|1,Custom,linucb_warm,1,18,0.0,25.3,70.601,INT8,1,Normal,unknown,parachute,,0.2305,90.84,0.313,0
Custom|linucb_warm|1,Custom,linucb_warm,1,19,0.0,25.3,71.575,INT8,1,Normal,unknown,English springer,,0.2969,45.43,0.312,0
Custom|linucb_warm|1,Custom,linucb_warm,1,20,0.0,25.3,71.575,INT8,1,Normal,golf ball,golf ball,1,0.9062,45.4,0.317,0
Custom|linucb_warm|1,Custom,linucb_warm,1,21,0.0,25.3,70.601,INT8,1,Normal,unknown,French horn,,0.9102,45.44,0.31,0
Custom|linucb_warm|1,Custom,linucb_warm,1,22,0.0,25.7,71.088,INT8,1,Normal,parachute,balloon,0,0.9766,45.42,0.31,0
Custom|linucb_warm|1,Custom,linucb_warm,1,23,0.0,25.6,70.601,INT8,1,Normal,unknown,fountain pen,,0.793,45.38,0.312,0
Custom|linucb_warm|1,Custom,linucb_warm,1,24,0.0,25.4,70.114,INT8,1,Normal,unknown,iPod,,0.2578,45.59,0.311,0
Custom|linucb_warm|1,Custom,linucb_warm,1,25,0.0,25.4,71.088,INT8,1,Normal,unknown,jellyfish,,0.0664,45.41,0.31,0
Custom|linucb_warm|1,Custom,linucb_warm,1,26,0.0,25.4,71.575,FP32,0,Normal,tench,tench,1,0.7216,65.28,0.31,1
Custom|linucb_warm|1,Custom,linucb_warm,1,27,0.0,25.4,70.601,FP32,0,Normal,garbage truck,garbage truck,1,0.883,100.02,0.692,0
Custom|linucb_warm|1,Custom,linucb_warm,1,28,0.0,25.4,70.114,FP32,0,Normal,golf ball,soccer ball,0,0.4077,105.58,0.695,0
Custom|linucb_warm|1,Custom,linucb_warm,1,29,0.0,25.4,69.627,INT8,1,Normal,cassette player,cassette,0,0.8359,45.46,0.31,1
Custom|linucb_warm|1,Custom,linucb_warm,1,30,0.0,25.4,68.653,INT8,1,Normal,chain saw,chain saw,1,0.9648,45.42,0.312,0
Custom|linucb_warm|1,Custom,linucb_warm,1,31,0.0,25.4,67.679,INT8,1,Normal,church,bell cote,0,0.3516,45.42,0.312,0
Custom|linucb_warm|1,Custom,linucb_warm,1,32,0.0,25.4,70.601,INT8,1,Normal,unknown,parachute,,0.2305,45.4,0.311,0
Custom|linucb_warm|1,Custom,linucb_warm,1,33,0.0,25.4,70.601,INT8,1,Normal,unknown,English springer,,0.2969,45.44,0.316,0
Custom|linucb_warm|1,Custom,linucb_warm,1,34,0.0,25.4,68.653,FP32,0,Normal,golf ball,golf ball,1,0.8637,65.15,0.373,1
Custom|linucb_warm|1,Custom,linucb_warm,1,35,0.0,25.4,68.166,FP32,0,Normal,unknown,French horn,,0.909,64.52,0.311,0
Custom|linucb_warm|1,Custom,linucb_warm,1,36,0.0,25.0,68.653,FP32,0,Normal,parachute,balloon,0,0.9727,64.46,0.312,0
Custom|linucb_warm|1,Custom,linucb_warm,1,37,0.0,25.0,69.627,FP32,0,Normal,unknown,fountain pen,,0.79,104.58,0.429,0
Custom|linucb_warm|1,Custom,linucb_warm,1,38,0.0,25.0,68.166,FP32,0,Normal,unknown,iPod,,0.2564,64.49,0.311,0
Custom|linucb_warm|1,Custom,linucb_warm,1,39,0.0,25.2,67.192,FP32,0,Normal,unknown,hummingbird,,0.0748,64.52,0.31,0
Custom|linucb_warm|1,Custom,linucb_warm,1,40,100.0,25.7,74.497,INT8,1,Stressed,tench,tench,1,0.6406,89.44,0.324,1
Custom|linucb_warm|1,Custom,linucb_warm,1,41,100.0,25.7,75.471,FP32,0,Stressed,garbage truck,garbage truck,1,0.883,134.36,0.323,1
Custom|linucb_warm|1,Custom,linucb_warm,1,42,100.0,25.7,76.445,INT8,1,Stressed,golf ball,face powder,0,0.2422,94.01,0.325,1
Custom|linucb_warm|1,Custom,linucb_warm,1,43,100.0,25.7,76.932,FP32,0,Stressed,cassette player,cassette,0,0.9074,114.22,0.321,1
Custom|linucb_warm|1,Custom,linucb_warm,1,44,100.0,25.7,78.88,FP32,0,Stressed,chain saw,chain saw,1,0.9744,130.42,0.327,0
Custom|linucb_warm|1,Custom,linucb_warm,1,45,100.0,25.7,79.367,FP32,0,Stressed,church,bell cote,0,0.6433,126.04,0.328,0
Custom|linucb_warm|1,Custom,linucb_warm,1,46,100.0,25.7,79.854,INT8,1,Stressed,unknown,parachute,,0.2305,93.65,0.337,1
Custom|linucb_warm|1,Custom,linucb_warm,1,47,100.0,25.7,80.341,FP32,0,Stressed,unknown,Welsh springer spaniel,,0.3887,129.12,0.337,1
Custom|linucb_warm|1,Custom,linucb_warm,1,48,100.0,25.7,79.854,INT8,1,Stressed,golf ball,golf ball,1,0.9062,89.45,0.347,1
Custom|linucb_warm|1,Custom,linucb_warm,1,49,100.0,25.7,81.315,FP32,0,Stressed,unknown,French horn,,0.909,94.68,0.339,1
Custom|linucb_warm|1,Custom,linucb_warm,1,50,100.0,25.3,80.828,INT8,1,Stressed,parachute,balloon,0,0.9766,90.24,0.325,1
Custom|linucb_warm|1,Custom,linucb_warm,1,51,100.0,25.3,81.802,FP32,0,Stressed,unknown,fountain pen,,0.79,126.66,0.335,1
Custom|linucb_warm|1,Custom,linucb_warm,1,52,100.0,25.3,81.802,INT8,1,Stressed,unknown,iPod,,0.2578,61.32,0.33,1
Custom|linucb_warm|1,Custom,linucb_warm,1,53,100.0,25.7,82.289,FP32,0,Stressed,unknown,hummingbird,,0.0748,120.82,0.322,1
Custom|linucb_warm|1,Custom,linucb_warm,1,54,100.0,25.7,82.289,INT8,1,Stressed,tench,tench,1,0.6406,95.41,0.361,1
Custom|linucb_warm|1,Custom,linucb_warm,1,55,100.0,25.7,81.802,INT8,1,Stressed,garbage truck,garbage truck,1,0.8867,89.47,0.357,0
Custom|linucb_warm|1,Custom,linucb_warm,1,56,100.0,25.7,82.289,FP32,0,Stressed,golf ball,soccer ball,0,0.4077,68.25,0.347,1
Custom|linucb_warm|1,Custom,linucb_warm,1,57,100.0,25.7,83.263,INT8,1,Stressed,cassette player,cassette,0,0.8359,96.64,0.325,1
Custom|linucb_warm|1,Custom,linucb_warm,1,58,100.0,25.7,82.289,INT8,1,Stressed,chain saw,chain saw,1,0.9648,94.02,0.399,0
Custom|linucb_warm|1,Custom,linucb_warm,1,59,100.0,25.7,83.75,FP32,0,Stressed,church,bell cote,0,0.6433,127.16,0.324,1
Custom|linucb_warm|2,Custom,linucb_warm,2,0,0.0,25.5,80.828,FP32,0,Normal,golf ball,soccer ball,0,0.4077,64.92,0.312,0
Custom|linucb_warm|2,Custom,linucb_warm,2,1,0.0,25.5,80.341,INT8,1,Normal,cassette player,cassette,0,0.8359,45.43,0.313,1
Custom|linucb_warm|2,Custom,linucb_warm,2,2,0.0,25.5,78.393,INT8,1,Normal,chain saw,chain saw,1,0.9648,45.39,0.312,0
Custom|linucb_warm|2,Custom,linucb_warm,2,3,0.0,25.5,77.906,INT8,1,Normal,church,bell cote,0,0.3516,45.44,0.37,0
Custom|linucb_warm|2,Custom,linucb_warm,2,4,0.0,25.5,77.419,INT8,1,Normal,unknown,parachute,,0.2305,45.36,0.31,0
Custom|linucb_warm|2,Custom,linucb_warm,2,5,0.0,25.5,76.932,FP32,0,Normal,unknown,Welsh springer spaniel,,0.3887,64.78,0.311,1
Custom|linucb_warm|2,Custom,linucb_warm,2,6,0.0,25.5,76.445,INT8,1,Normal,golf ball,golf ball,1,0.9062,45.5,0.309,1
Custom|linucb_warm|2,Custom,linucb_warm,2,7,0.0,25.5,75.471,INT8,1,Normal,unknown,French horn,,0.9102,45.42,0.313,0
Custom|linucb_warm|2,Custom,linucb_warm,2,8,0.0,25.2,74.497,INT8,1,Normal,parachute,balloon,0,0.9766,45.71,0.312,0
Custom|linucb_warm|2,Custom,linucb_warm,2,9,0.0,25.2,74.984,INT8,1,Normal,unknown,fountain pen,,0.793,45.39,0.312,0
Custom|linucb_warm|2,Custom,linucb_warm,2,10,0.0,25.2,74.497,INT8,1,Normal,unknown,iPod,,0.2578,45.4,0.312,0
Custom|linucb_warm|2,Custom,linucb_warm,2,11,0.0,25.3,74.01,FP32,0,Normal,unknown,hummingbird,,0.0748,65.23,0.316,1
Custom|linucb_warm|2,Custom,linucb_warm,2,12,0.0,25.3,73.036,INT8,1,Normal,tench,tench,1,0.6406,91.41,0.612,1
Custom|linucb_warm|2,Custom,linucb_warm,2,13,0.0,25.3,73.523,INT8,1,Normal,garbage truck,garbage truck,1,0.8867,45.43,0.312,0
Custom|linucb_warm|2,Custom,linucb_warm,2,14,0.0,25.3,72.549,INT8,1,Normal,golf ball,face powder,0,0.2422,45.42,0.312,0
Custom|linucb_warm|2,Custom,linucb_warm,2,15,0.0,25.3,71.575,INT8,1,Normal,cassette player,cassette,0,0.8359,45.37,0.311,0
Custom|linucb_warm|2,Custom,linucb_warm,2,16,0.0,25.3,71.575,INT8,1,Normal,chain saw,chain saw,1,0.9648,45.41,0.314,0
Custom|linucb_warm|2,Custom,linucb_warm,2,17,2.0,25.3,71.575,INT8,1,Normal,church,bell cote,0,0.3516,45.38,0.313,0
Custom|linucb_warm|2,Custom,linucb_warm,2,18,0.0,25.3,72.062,INT8,1,Normal,unknown,parachute,,0.2305,45.47,0.31,0
Custom|linucb_warm|2,Custom,linucb_warm,2,19,0.0,25.3,71.575,INT8,1,Normal,unknown,English springer,,0.2969,45.41,0.315,0
Custom|linucb_warm|2,Custom,linucb_warm,2,20,0.0,25.3,71.575,INT8,1,Normal,golf ball,golf ball,1,0.9062,45.47,0.365,0
Custom|linucb_warm|2,Custom,linucb_warm,2,21,0.0,25.3,71.088,INT8,1,Normal,unknown,French horn,,0.9102,53.38,0.614,0
Custom|linucb_warm|2,Custom,linucb_warm,2,22,0.0,26.0,71.088,INT8,1,Normal,parachute,balloon,0,0.9766,45.4,0.312,0
Custom|linucb_warm|2,Custom,linucb_warm,2,23,0.0,25.5,71.088,INT8,1,Normal,unknown,fountain pen,,0.793,45.38,0.312,0
Custom|linucb_warm|2,Custom,linucb_warm,2,24,2.0,25.5,71.575,INT8,1,Normal,unknown,iPod,,0.2578,45.46,0.315,0
Custom|linucb_warm|2,Custom,linucb_warm,2,25,0.0,25.6,71.088,INT8,1,Normal,unknown,jellyfish,,0.0664,45.4,0.308,0
Custom|linucb_warm|2,Custom,linucb_warm,2,26,0.0,25.6,70.114,FP32,0,Normal,tench,tench,1,0.7216,65.17,0.312,1
Custom|linucb_warm|2,Custom,linucb_warm,2,27,0.0,25.6,70.601,FP32,0,Normal,garbage truck,garbage truck,1,0.883,64.74,0.311,0
Custom|linucb_warm|2,Custom,linucb_warm,2,28,0.0,25.6,70.114,FP32,0,Normal,golf ball,soccer ball,0,0.4077,64.52,0.314,0
Custom|linucb_warm|2,Custom,linucb_warm,2,29,2.0,25.6,69.14,INT8,1,Normal,cassette player,cassette,0,0.8359,45.36,0.311,1
Custom|linucb_warm|2,Custom,linucb_warm,2,30,0.0,25.6,69.627,INT8,1,Normal,chain saw,chain saw,1,0.9648,90.27,0.613,0
Custom|linucb_warm|2,Custom,linucb_warm,2,31,2.0,25.6,69.627,INT8,1,Normal,church,bell cote,0,0.3516,45.35,0.31,0
Custom|linucb_warm|2,Custom,linucb_warm,2,32,0.0,25.6,69.627,FP32,0,Normal,unknown,parachute,,0.1668,64.5,0.31,1
Custom|linucb_warm|2,Custom,linucb_warm,2,33,0.0,25.6,69.14,INT8,1,Normal,unknown,English springer,,0.2969,45.34,0.313,1
Custom|linucb_warm|2,Custom,linucb_warm,2,34,0.0,25.6,68.653,INT8,1,Normal,golf ball,golf ball,1,0.9062,45.47,0.37,0
Custom|linucb_warm|2,Custom,linucb_warm,2,35,0.0,25.6,69.627,INT8,1,Normal,unknown,French horn,,0.9102,45.37,0.307,0
Custom|linucb_warm|2,Custom,linucb_warm,2,36,0.0,25.1,69.14,INT8,1,Normal,parachute,balloon,0,0.9766,45.37,0.311,0
Custom|linucb_warm|2,Custom,linucb_warm,2,37,0.0,25.1,68.653,INT8,1,Normal,unknown,fountain pen,,0.793,45.36,0.312,0
Custom|linucb_warm|2,Custom,linucb_warm,2,38,0.0,25.1,69.14,INT8,1,Normal,unknown,iPod,,0.2578,45.36,0.381,0
Custom|linucb_warm|2,Custom,linucb_warm,2,39,0.0,25.3,68.653,INT8,1,Normal,unknown,jellyfish,,0.0664,91.09,0.31,0
Custom|linucb_warm|2,Custom,linucb_warm,2,40,100.0,26.1,74.984,INT8,1,Stressed,tench,tench,1,0.6406,89.38,0.326,0
Custom|linucb_warm|2,Custom,linucb_warm,2,41,100.0,26.1,76.445,FP32,0,Stressed,garbage truck,garbage truck,1,0.883,129.66,0.326,1
Custom|linucb_warm|2,Custom,linucb_warm,2,42,100.0,26.1,77.906,INT8,1,Stressed,golf ball,face powder,0,0.2422,93.7,0.326,1
Custom|linucb_warm|2,Custom,linucb_warm,2,43,100.0,26.1,77.419,FP32,0,Stressed,cassette player,cassette,0,0.9074,130.21,0.327,1
Custom|linucb_warm|2,Custom,linucb_warm,2,44,100.0,26.1,77.906,FP32,0,Stressed,chain saw,chain saw,1,0.9744,109.4,4.49,0
Custom|linucb_warm|2,Custom,linucb_warm,2,45,100.0,26.1,79.367,INT8,1,Stressed,church,bell cote,0,0.3516,89.53,0.331,1
Custom|linucb_warm|2,Custom,linucb_warm,2,46,100.0,26.1,79.367,FP32,0,Stressed,unknown,parachute,,0.1668,121.55,0.336,1
Custom|linucb_warm|2,Custom,linucb_warm,2,47,100.0,26.1,80.828,INT8,1,Stressed,unknown,English springer,,0.2969,89.42,0.339,1
Custom|linucb_warm|2,Custom,linucb_warm,2,48,100.0,26.1,79.854,FP32,0,Stressed,golf ball,golf ball,1,0.8637,121.3,0.339,1
Custom|linucb_warm|2,Custom,linucb_warm,2,49,100.0,26.1,81.802,FP32,0,Stressed,unknown,French horn,,0.909,106.92,0.325,0
Custom|linucb_warm|2,Custom,linucb_warm,2,50,100.0,26.8,81.315,FP32,0,Stressed,parachute,balloon,0,0.9727,130.48,0.369,0
Custom|linucb_warm|2,Custom,linucb_warm,2,51,100.0,26.6,81.802,INT8,1,Stressed,unknown,fountain pen,,0.793,90.27,0.343,1
Custom|linucb_warm|2,Custom,linucb_warm,2,52,100.0,26.2,82.289,FP32,0,Stressed,unknown,iPod,,0.2564,120.0,0.354,1
Custom|linucb_warm|2,Custom,linucb_warm,2,53,100.0,26.6,83.263,INT8,1,Stressed,unknown,jellyfish,,0.0664,90.4,0.362,1
Custom|linucb_warm|2,Custom,linucb_warm,2,54,100.0,26.6,82.776,FP32,0,Stressed,tench,tench,1,0.7216,123.65,0.333,1
Custom|linucb_warm|2,Custom,linucb_warm,2,55,100.0,26.6,82.776,FP32,0,Stressed,garbage truck,garbage truck,1,0.883,131.27,0.357,0
Custom|linucb_warm|2,Custom,linucb_warm,2,56,100.0,26.6,82.289,FP32,0,Stressed,golf ball,soccer ball,0,0.4077,136.77,0.344,0
Custom|linucb_warm|2,Custom,linucb_warm,2,57,100.0,26.6,81.802,INT8,1,Stressed,cassette player,cassette,0,0.8359,95.6,0.327,1
Custom|linucb_warm|2,Custom,linucb_warm,2,58,100.0,26.6,82.289,INT8,1,Stressed,chain saw,chain saw,1,0.9648,100.69,0.343,0
Custom|linucb_warm|2,Custom,linucb_warm,2,59,100.0,26.5,82.776,INT8,1,Stressed,church,bell cote,0,0.3516,95.06,0.348,0
Custom|linucb_warm|3,Custom,linucb_warm,3,0,0.0,25.8,80.828,FP32,0,Normal,golf ball,soccer ball,0,0.4077,65.0,0.315,0
Custom|linucb_warm|3,Custom,linucb_warm,3,1,0.0,25.7,79.367,INT8,1,Normal,cassette player,cassette,0,0.8359,45.42,0.314,1
Custom|linucb_warm|3,Custom,linucb_warm,3,2,2.0,25.7,77.419,INT8,1,Normal,chain saw,chain saw,1,0.9648,45.43,0.312,0
Custom|linucb_warm|3,Custom,linucb_warm,3,3,0.0,25.7,78.393,INT8,1,Normal,church,bell cote,0,0.3516,45.43,0.312,0
Custom|linucb_warm|3,Custom,linucb_warm,3,4,0.0,25.7,77.906,INT8,1,Normal,unknown,parachute,,0.2305,45.41,0.313,0
Custom|linucb_warm|3,Custom,linucb_warm,3,5,0.0,25.7,76.445,FP32,0,Normal,unknown,Welsh springer spaniel,,0.3887,93.08,0.433,1
Custom|linucb_warm|3,Custom,linucb_warm,3,6,0.0,25.7,75.958,INT8,1,Normal,golf ball,golf ball,1,0.9062,45.42,0.312,1
Custom|linucb_warm|3,Custom,linucb_warm,3,7,0.0,25.7,75.471,INT8,1,Normal,unknown,French horn,,0.9102,45.47,0.309,0
Custom|linucb_warm|3,Custom,linucb_warm,3,8,0.0,25.3,75.958,INT8,1,Normal,parachute,balloon,0,0.9766,45.87,0.313,0
Custom|linucb_warm|3,Custom,linucb_warm,3,9,0.0,25.3,74.984,INT8,1,Normal,unknown,fountain pen,,0.793,45.41,0.313,0
Custom|linucb_warm|3,Custom,linucb_warm,3,10,2.0,25.3,74.497,INT8,1,Normal,unknown,iPod,,0.2578,45.45,0.311,0
Custom|linucb_warm|3,Custom,linucb_warm,3,11,0.0,25.3,74.01,INT8,1,Normal,unknown,jellyfish,,0.0664,45.44,0.365,0
Custom|linucb_warm|3,Custom,linucb_warm,3,12,0.0,25.3,73.523,FP32,0,Normal,tench,tench,1,0.7216,65.04,0.31,1
Custom|linucb_warm|3,Custom,linucb_warm,3,13,2.0,25.3,74.01,FP32,0,Normal,garbage truck,garbage truck,1,0.883,65.12,0.378,0
Custom|linucb_warm|3,Custom,linucb_warm,3,14,0.0,25.3,73.036,FP32,0,Normal,golf ball,soccer ball,0,0.4077,108.92,0.312,0
Custom|linucb_warm|3,Custom,linucb_warm,3,15,0.0,25.3,73.036,INT8,1,Normal,cassette player,cassette,0,0.8359,45.56,0.314,1
Custom|linucb_warm|3,Custom,linucb_warm,3,16,0.0,25.3,73.036,INT8,1,Normal,chain saw,chain saw,1,0.9648,45.4,0.422,0
Custom|linucb_warm|3,Custom,linucb_warm,3,17,0.0,25.3,72.549,INT8,1,Normal,church,bell cote,0,0.3516,45.39,0.311,0
Custom|linucb_warm|3,Custom,linucb_warm,3,18,0.0,25.3,72.062,INT8,1,Normal,unknown,parachute,,0.2305,45.43,0.314,0
Custom|linucb_warm|3,Custom,linucb_warm,3,19,0.0,25.3,72.062,FP32,0,Normal,unknown,Welsh springer spaniel,,0.3887,65.01,0.313,1
Custom|linucb_warm|3,Custom,linucb_warm,3,20,0.0,25.3,71.088,INT8,1,Normal,golf ball,golf ball,1,0.9062,45.43,0.313,1
Custom|linucb_warm|3,Custom,linucb_warm,3,21,0.0,25.3,71.575,INT8,1,Normal,unknown,French horn,,0.9102,45.56,0.311,0
Custom|linucb_warm|3,Custom,linucb_warm,3,22,0.0,25.2,71.088,INT8,1,Normal,parachute,balloon,0,0.9766,45.4,0.313,0
Custom|linucb_warm|3,Custom,linucb_warm,3,23,0.0,25.2,71.088,INT8,1,Normal,unknown,fountain pen,,0.793,91.04,0.313,0
Custom|linucb_warm|3,Custom,linucb_warm,3,24,2.0,25.2,71.088,INT8,1,Normal,unknown,iPod,,0.2578,45.39,0.311,0
Custom|linucb_warm|3,Custom,linucb_warm,3,25,0.0,25.4,70.601,INT8,1,Normal,unknown,jellyfish,,0.0664,45.48,0.314,0
Custom|linucb_warm|3,Custom,linucb_warm,3,26,0.0,25.4,71.088,INT8,1,Normal,tench,tench,1,0.6406,45.4,0.31,0
Custom|linucb_warm|3,Custom,linucb_warm,3,27,0.0,25.4,70.601,FP32,0,Normal,garbage truck,garbage truck,1,0.883,64.72,0.312,1
Custom|linucb_warm|3,Custom,linucb_warm,3,28,0.0,25.4,70.114,FP32,0,Normal,golf ball,soccer ball,0,0.4077,64.71,0.31,0
Custom|linucb_warm|3,Custom,linucb_warm,3,29,0.0,25.4,70.601,INT8,1,Normal,cassette player,cassette,0,0.8359,45.4,0.309,1
Custom|linucb_warm|3,Custom,linucb_warm,3,30,0.0,25.4,70.114,INT8,1,Normal,chain saw,chain saw,1,0.9648,45.41,0.312,0
Custom|linucb_warm|3,Custom,linucb_warm,3,31,0.0,25.4,70.114,INT8,1,Normal,church,bell cote,0,0.3516,45.4,0.37,0
Custom|linucb_warm|3,Custom,linucb_warm,3,32,0.0,25.4,70.601,INT8,1,Normal,unknown,parachute,,0.2305,90.95,0.609,0
Custom|linucb_warm|3,Custom,linucb_warm,3,33,0.0,25.4,70.114,FP32,0,Normal,unknown,Welsh springer spaniel,,0.3887,64.71,0.373,1
Custom|linucb_warm|3,Custom,linucb_warm,3,34,0.0,25.4,70.601,INT8,1,Normal,golf ball,golf ball,1,0.9062,45.39,0.316,1
Custom|linucb_warm|3,Custom,linucb_warm,3,35,0.0,25.4,68.166,INT8,1,Normal,unknown,French horn,,0.9102,45.41,0.314,0
Custom|linucb_warm|3,Custom,linucb_warm,3,36,0.0,25.2,69.627,INT8,1,Normal,parachute,balloon,0,0.9766,45.39,0.308,0
Custom|linucb_warm|3,Custom,linucb_warm,3,37,2.0,25.2,69.14,INT8,1,Normal,unknown,fountain pen,,0.793,45.4,0.31,0
Custom|linucb_warm|3,Custom,linucb_warm,3,38,0.0,25.2,70.601,INT8,1,Normal,unknown,iPod,,0.2578,45.41,0.309,0
Custom|linucb_warm|3,Custom,linucb_warm,3,39,0.0,25.3,69.627,INT8,1,Normal,unknown,jellyfish,,0.0664,45.4,0.313,0
Custom|linucb_warm|3,Custom,linucb_warm,3,40,100.0,25.7,75.471,INT8,1,Stressed,tench,tench,1,0.6406,89.37,0.329,0
Custom|linucb_warm|3,Custom,linucb_warm,3,41,100.0,25.7,76.445,FP32,0,Stressed,garbage truck,garbage truck,1,0.883,128.55,0.325,1
Custom|linucb_warm|3,Custom,linucb_warm,3,42,100.0,25.7,77.419,INT8,1,Stressed,golf ball,face powder,0,0.2422,89.39,0.323,1
Custom|linucb_warm|3,Custom,linucb_warm,3,43,100.0,25.7,78.88,FP32,0,Stressed,cassette player,cassette,0,0.9074,116.97,0.327,1
Custom|linucb_warm|3,Custom,linucb_warm,3,44,100.0,25.7,78.88,FP32,0,Stressed,chain saw,chain saw,1,0.9744,125.41,0.325,0
Custom|linucb_warm|3,Custom,linucb_warm,3,45,100.0,25.7,79.367,FP32,0,Stressed,church,bell cote,0,0.6433,125.57,0.319,0
Custom|linucb_warm|3,Custom,linucb_warm,3,46,100.0,25.7,80.828,INT8,1,Stressed,unknown,parachute,,0.2305,93.71,0.329,1
Custom|linucb_warm|3,Custom,linucb_warm,3,47,100.0,25.7,82.289,FP32,0,Stressed,unknown,Welsh springer spaniel,,0.3887,110.2,0.335,1
Custom|linucb_warm|3,Custom,linucb_warm,3,48,100.0,25.7,81.315,INT8,1,Stressed,golf ball,golf ball,1,0.9062,89.59,0.338,1
Custom|linucb_warm|3,Custom,linucb_warm,3,49,100.0,25.7,81.315,FP32,0,Stressed,unknown,French horn,,0.909,85.71,0.34,1
Custom|linucb_warm|3,Custom,linucb_warm,3,50,100.0,26.6,81.802,INT8,1,Stressed,parachute,balloon,0,0.9766,89.79,0.343,1
Custom|linucb_warm|3,Custom,linucb_warm,3,51,100.0,26.5,82.289,FP32,0,Stressed,unknown,fountain pen,,0.79,135.46,0.343,1
Custom|linucb_warm|3,Custom,linucb_warm,3,52,100.0,26.3,81.315,INT8,1,Stressed,unknown,iPod,,0.2578,90.72,0.338,1
Custom|linucb_warm|3,Custom,linucb_warm,3,53,100.0,26.3,82.289,FP32,0,Stressed,unknown,hummingbird,,0.0748,134.29,0.328,1
Custom|linucb_warm|3,Custom,linucb_warm,3,54,100.0,26.3,82.776,INT8,1,Stressed,tench,tench,1,0.6406,93.55,0.364,1
Custom|linucb_warm|3,Custom,linucb_warm,3,55,100.0,26.3,83.75,FP32,0,Stressed,garbage truck,garbage truck,1,0.883,113.7,0.362,1
Custom|linucb_warm|3,Custom,linucb_warm,3,56,100.0,26.3,83.75,INT8,1,Stressed,golf ball,face powder,0,0.2422,96.35,0.353,1
Custom|linucb_warm|3,Custom,linucb_warm,3,57,100.0,26.3,82.776,FP32,0,Stressed,cassette player,cassette,0,0.9074,124.07,0.355,1
Custom|linucb_warm|3,Custom,linucb_warm,3,58,100.0,26.3,83.263,FP32,0,Stressed,chain saw,chain saw,1,0.9744,136.77,0.365,0
Custom|linucb_warm|3,Custom,linucb_warm,3,59,100.0,26.3,82.776,FP32,0,Stressed,church,bell cote,0,0.6433,114.17,0.393,0
Custom|eightsignal_cold|1,Custom,eightsignal_cold,1,0,0.0,25.6,81.315,FP32,0,Normal,golf ball,soccer ball,0,0.4077,63.98,0.34,0
Custom|eightsignal_cold|1,Custom,eightsignal_cold,1,1,0.0,25.6,79.854,INT8,1,Normal,cassette player,cassette,0,0.8359,44.55,0.393,1
Custom|eightsignal_cold|1,Custom,eightsignal_cold,1,2,0.0,25.6,77.906,INT8,1,Normal,chain saw,chain saw,1,0.9648,44.64,0.403,0
Custom|eightsignal_cold|1,Custom,eightsignal_cold,1,3,0.0,25.6,77.419,INT8,1,Normal,church,bell cote,0,0.3516,44.65,0.407,0
Custom|eightsignal_cold|1,Custom,eightsignal_cold,1,4,0.0,25.6,77.419,INT8,1,Normal,unknown,parachute,,0.2305,44.89,0.475,0
Custom|eightsignal_cold|1,Custom,eightsignal_cold,1,5,0.0,25.6,76.445,FP32,0,Normal,unknown,Welsh springer spaniel,,0.3887,64.44,0.418,1
Custom|eightsignal_cold|1,Custom,eightsignal_cold,1,6,0.0,25.6,75.471,INT8,1,Normal,golf ball,golf ball,1,0.9062,44.84,0.419,1
Custom|eightsignal_cold|1,Custom,eightsignal_cold,1,7,0.0,25.6,74.984,INT8,1,Normal,unknown,French horn,,0.9102,44.93,0.422,0
Custom|eightsignal_cold|1,Custom,eightsignal_cold,1,8,0.0,25.2,75.471,INT8,1,Normal,parachute,balloon,0,0.9766,44.99,0.422,0
Custom|eightsignal_cold|1,Custom,eightsignal_cold,1,9,0.0,25.2,74.497,INT8,1,Normal,unknown,fountain pen,,0.793,44.97,0.425,0
Custom|eightsignal_cold|1,Custom,eightsignal_cold,1,10,0.0,25.2,74.01,FP32,0,Normal,unknown,iPod,,0.2564,64.82,0.224,1
Custom|eightsignal_cold|1,Custom,eightsignal_cold,1,11,0.0,25.4,74.984,INT8,1,Normal,unknown,jellyfish,,0.0664,45.01,0.432,1
Custom|eightsignal_cold|1,Custom,eightsignal_cold,1,12,0.0,25.4,72.549,INT8,1,Normal,tench,tench,1,0.6406,92.29,1.019,0
Custom|eightsignal_cold|1,Custom,eightsignal_cold,1,13,0.0,25.4,73.036,INT8,1,Normal,garbage truck,garbage truck,1,0.8867,45.07,0.486,0
Custom|eightsignal_cold|1,Custom,eightsignal_cold,1,14,0.0,25.4,72.549,FP32,0,Normal,golf ball,soccer ball,0,0.4077,64.73,0.431,1
Custom|eightsignal_cold|1,Custom,eightsignal_cold,1,15,0.0,25.4,72.549,INT8,1,Normal,cassette player,cassette,0,0.8359,45.1,0.436,1
Custom|eightsignal_cold|1,Custom,eightsignal_cold,1,16,0.0,25.4,72.062,INT8,1,Normal,chain saw,chain saw,1,0.9648,45.22,0.43,0
Custom|eightsignal_cold|1,Custom,eightsignal_cold,1,17,0.0,25.4,72.062,INT8,1,Normal,church,bell cote,0,0.3516,45.14,0.432,0
Custom|eightsignal_cold|1,Custom,eightsignal_cold,1,18,0.0,25.4,72.062,INT8,1,Normal,unknown,parachute,,0.2305,45.16,0.435,0
Custom|eightsignal_cold|1,Custom,eightsignal_cold,1,19,0.0,25.4,70.601,FP32,0,Normal,unknown,Welsh springer spaniel,,0.3887,64.86,0.433,1
Custom|eightsignal_cold|1,Custom,eightsignal_cold,1,20,0.0,25.4,70.601,INT8,1,Normal,golf ball,golf ball,1,0.9062,45.2,0.434,1
Custom|eightsignal_cold|1,Custom,eightsignal_cold,1,21,0.0,25.4,71.575,INT8,1,Normal,unknown,French horn,,0.9102,55.57,0.582,0
Custom|eightsignal_cold|1,Custom,eightsignal_cold,1,22,0.0,25.0,70.601,INT8,1,Normal,parachute,balloon,0,0.9766,45.24,0.429,0
Custom|eightsignal_cold|1,Custom,eightsignal_cold,1,23,0.0,25.0,71.088,INT8,1,Normal,unknown,fountain pen,,0.793,45.23,0.435,0
Custom|eightsignal_cold|1,Custom,eightsignal_cold,1,24,0.0,25.0,70.601,INT8,1,Normal,unknown,iPod,,0.2578,45.28,0.435,0
Custom|eightsignal_cold|1,Custom,eightsignal_cold,1,25,0.0,25.4,69.627,INT8,1,Normal,unknown,jellyfish,,0.0664,45.28,0.433,0
Custom|eightsignal_cold|1,Custom,eightsignal_cold,1,26,0.0,25.4,69.14,INT8,1,Normal,tench,tench,1,0.6406,45.29,0.433,0
Custom|eightsignal_cold|1,Custom,eightsignal_cold,1,27,0.0,25.4,70.114,INT8,1,Normal,garbage truck,garbage truck,1,0.8867,45.3,0.43,0
Custom|eightsignal_cold|1,Custom,eightsignal_cold,1,28,2.0,25.4,69.14,INT8,1,Normal,golf ball,face powder,0,0.2422,45.32,0.129,0
Custom|eightsignal_cold|1,Custom,eightsignal_cold,1,29,0.0,25.4,69.14,FP32,0,Normal,cassette player,cassette,0,0.9074,65.16,0.128,1
Custom|eightsignal_cold|1,Custom,eightsignal_cold,1,30,0.0,25.4,70.114,INT8,1,Normal,chain saw,chain saw,1,0.9648,74.18,0.892,1
Custom|eightsignal_cold|1,Custom,eightsignal_cold,1,31,0.0,25.4,70.114,INT8,1,Normal,church,bell cote,0,0.3516,45.34,0.435,0
Custom|eightsignal_cold|1,Custom,eightsignal_cold,1,32,0.0,25.4,69.14,INT8,1,Normal,unknown,parachute,,0.2305,45.32,0.447,0
Custom|eightsignal_cold|1,Custom,eightsignal_cold,1,33,2.0,25.4,69.627,FP32,0,Normal,unknown,Welsh springer spaniel,,0.3887,65.06,0.439,1
Custom|eightsignal_cold|1,Custom,eightsignal_cold,1,34,0.0,25.4,68.166,FP32,0,Normal,golf ball,golf ball,1,0.8637,65.13,0.129,0
Custom|eightsignal_cold|1,Custom,eightsignal_cold,1,35,0.0,25.4,68.166,INT8,1,Normal,unknown,French horn,,0.9102,45.36,0.433,1
Custom|eightsignal_cold|1,Custom,eightsignal_cold,1,36,2.0,25.1,68.166,INT8,1,Normal,parachute,balloon,0,0.9766,45.36,0.439,0
Custom|eightsignal_cold|1,Custom,eightsignal_cold,1,37,0.0,25.1,69.627,INT8,1,Normal,unknown,fountain pen,,0.793,45.35,0.437,0
Custom|eightsignal_cold|1,Custom,eightsignal_cold,1,38,0.0,25.1,69.627,INT8,1,Normal,unknown,iPod,,0.2578,45.36,0.437,0
Custom|eightsignal_cold|1,Custom,eightsignal_cold,1,39,0.0,25.5,69.14,INT8,1,Normal,unknown,jellyfish,,0.0664,88.24,0.894,0
Custom|eightsignal_cold|1,Custom,eightsignal_cold,1,40,100.0,25.7,75.958,INT8,1,Stressed,tench,tench,1,0.6406,83.72,0.136,0
Custom|eightsignal_cold|1,Custom,eightsignal_cold,1,41,100.0,25.8,75.958,INT8,1,Stressed,garbage truck,garbage truck,1,0.8867,89.36,0.13,0
Custom|eightsignal_cold|1,Custom,eightsignal_cold,1,42,100.0,25.8,77.906,INT8,1,Stressed,golf ball,face powder,0,0.2422,94.05,0.135,0
Custom|eightsignal_cold|1,Custom,eightsignal_cold,1,43,100.0,25.8,78.393,INT8,1,Stressed,cassette player,cassette,0,0.8359,93.96,0.444,0
Custom|eightsignal_cold|1,Custom,eightsignal_cold,1,44,100.0,25.8,78.393,INT8,1,Stressed,chain saw,chain saw,1,0.9648,89.98,0.134,0
Custom|eightsignal_cold|1,Custom,eightsignal_cold,1,45,100.0,25.8,77.906,FP32,0,Stressed,church,bell cote,0,0.6433,135.76,0.44,1
Custom|eightsignal_cold|1,Custom,eightsignal_cold,1,46,100.0,25.8,79.367,INT8,1,Stressed,unknown,parachute,,0.2305,89.72,0.142,1
Custom|eightsignal_cold|1,Custom,eightsignal_cold,1,47,100.0,25.8,79.854,INT8,1,Stressed,unknown,English springer,,0.2969,89.62,4.552,0
Custom|eightsignal_cold|1,Custom,eightsignal_cold,1,48,100.0,25.8,80.341,INT8,1,Stressed,golf ball,golf ball,1,0.9062,93.93,0.477,0
Custom|eightsignal_cold|1,Custom,eightsignal_cold,1,49,100.0,25.8,80.828,INT8,1,Stressed,unknown,French horn,,0.9102,93.93,0.134,0
Custom|eightsignal_cold|1,Custom,eightsignal_cold,1,50,100.0,25.4,81.315,FP32,0,Stressed,parachute,balloon,0,0.9727,129.87,0.467,1
Custom|eightsignal_cold|1,Custom,eightsignal_cold,1,51,100.0,25.4,81.315,INT8,1,Stressed,unknown,fountain pen,,0.793,94.15,0.134,1
Custom|eightsignal_cold|1,Custom,eightsignal_cold,1,52,100.0,25.4,81.315,INT8,1,Stressed,unknown,iPod,,0.2578,89.74,0.456,0
Custom|eightsignal_cold|1,Custom,eightsignal_cold,1,53,100.0,25.8,82.776,INT8,1,Stressed,unknown,jellyfish,,0.0664,95.29,4.6,0
Custom|eightsignal_cold|1,Custom,eightsignal_cold,1,54,100.0,25.8,82.776,FP32,0,Stressed,tench,tench,1,0.7216,137.95,0.492,1
Custom|eightsignal_cold|1,Custom,eightsignal_cold,1,55,100.0,25.8,82.776,INT8,1,Stressed,garbage truck,garbage truck,1,0.8867,90.85,0.137,1
Custom|eightsignal_cold|1,Custom,eightsignal_cold,1,56,100.0,25.8,82.289,INT8,1,Stressed,golf ball,face powder,0,0.2422,96.08,0.136,0
Custom|eightsignal_cold|1,Custom,eightsignal_cold,1,57,100.0,25.8,83.263,INT8,1,Stressed,cassette player,cassette,0,0.8359,101.48,0.481,0
Custom|eightsignal_cold|1,Custom,eightsignal_cold,1,58,100.0,25.8,81.802,INT8,1,Stressed,chain saw,chain saw,1,0.9648,97.45,0.14,0
Custom|eightsignal_cold|1,Custom,eightsignal_cold,1,59,100.0,25.8,82.289,INT8,1,Stressed,church,bell cote,0,0.3516,95.98,0.14,0
Custom|eightsignal_cold|2,Custom,eightsignal_cold,2,0,0.0,25.7,80.828,FP32,0,Normal,golf ball,soccer ball,0,0.4077,64.82,0.345,0
Custom|eightsignal_cold|2,Custom,eightsignal_cold,2,1,0.0,25.7,79.854,INT8,1,Normal,cassette player,cassette,0,0.8359,45.36,0.34,1
Custom|eightsignal_cold|2,Custom,eightsignal_cold,2,2,0.0,25.7,79.367,INT8,1,Normal,chain saw,chain saw,1,0.9648,45.38,0.411,0
Custom|eightsignal_cold|2,Custom,eightsignal_cold,2,3,2.0,25.7,77.906,INT8,1,Normal,church,bell cote,0,0.3516,45.39,0.113,0
Custom|eightsignal_cold|2,Custom,eightsignal_cold,2,4,0.0,25.7,77.906,FP32,0,Normal,unknown,parachute,,0.1668,64.79,0.113,1
Custom|eightsignal_cold|2,Custom,eightsignal_cold,2,5,0.0,25.7,77.906,INT8,1,Normal,unknown,English springer,,0.2969,45.39,0.426,1
Custom|eightsignal_cold|2,Custom,eightsignal_cold,2,6,0.0,25.7,75.958,INT8,1,Normal,golf ball,golf ball,1,0.9062,45.42,0.427,0
Custom|eightsignal_cold|2,Custom,eightsignal_cold,2,7,0.0,25.7,75.958,INT8,1,Normal,unknown,French horn,,0.9102,45.44,0.428,0
Custom|eightsignal_cold|2,Custom,eightsignal_cold,2,8,0.0,25.4,75.958,FP32,0,Normal,parachute,balloon,0,0.9727,65.16,0.438,1
Custom|eightsignal_cold|2,Custom,eightsignal_cold,2,9,0.0,25.4,75.471,FP32,0,Normal,unknown,fountain pen,,0.79,65.14,0.438,0
Custom|eightsignal_cold|2,Custom,eightsignal_cold,2,10,0.0,25.3,74.497,INT8,1,Normal,unknown,iPod,,0.2578,45.37,0.44,1
Custom|eightsignal_cold|2,Custom,eightsignal_cold,2,11,0.0,25.4,74.984,INT8,1,Normal,unknown,jellyfish,,0.0664,45.33,0.133,0
Custom|eightsignal_cold|2,Custom,eightsignal_cold,2,12,2.0,25.4,74.984,INT8,1,Normal,tench,tench,1,0.6406,45.33,0.443,0
Custom|eightsignal_cold|2,Custom,eightsignal_cold,2,13,0.0,25.4,73.036,FP32,0,Normal,garbage truck,garbage truck,1,0.883,102.75,0.863,1
Custom|eightsignal_cold|2,Custom,eightsignal_cold,2,14,0.0,25.4,73.036,FP32,0,Normal,golf ball,soccer ball,0,0.4077,64.62,0.44,0
Custom|eightsignal_cold|2,Custom,eightsignal_cold,2,15,0.0,25.4,72.549,INT8,1,Normal,cassette player,cassette,0,0.8359,45.37,0.439,1
Custom|eightsignal_cold|2,Custom,eightsignal_cold,2,16,0.0,25.4,73.036,INT8,1,Normal,chain saw,chain saw,1,0.9648,45.38,0.439,0
Custom|eightsignal_cold|2,Custom,eightsignal_cold,2,17,0.0,25.4,72.549,INT8,1,Normal,church,bell cote,0,0.3516,45.38,0.438,0
Custom|eightsignal_cold|2,Custom,eightsignal_cold,2,18,0.0,25.4,72.549,FP32,0,Normal,unknown,parachute,,0.1668,64.52,0.442,1
Custom|eightsignal_cold|2,Custom,eightsignal_cold,2,19,2.0,25.4,71.575,INT8,1,Normal,unknown,English springer,,0.2969,45.38,0.446,1
Custom|eightsignal_cold|2,Custom,eightsignal_cold,2,20,0.0,25.4,71.575,INT8,1,Normal,golf ball,golf ball,1,0.9062,45.36,0.438,0
Custom|eightsignal_cold|2,Custom,eightsignal_cold,2,21,0.0,25.4,72.549,INT8,1,Normal,unknown,French horn,,0.9102,45.36,0.433,0
Custom|eightsignal_cold|2,Custom,eightsignal_cold,2,22,0.0,25.4,72.062,INT8,1,Normal,parachute,balloon,0,0.9766,88.8,0.437,0
Custom|eightsignal_cold|2,Custom,eightsignal_cold,2,23,0.0,25.4,72.549,INT8,1,Normal,unknown,fountain pen,,0.793,45.35,0.547,0
Custom|eightsignal_cold|2,Custom,eightsignal_cold,2,24,2.0,25.4,70.114,INT8,1,Normal,unknown,iPod,,0.2578,45.4,0.437,0
Custom|eightsignal_cold|2,Custom,eightsignal_cold,2,25,0.0,25.4,71.088,FP32,0,Normal,unknown,hummingbird,,0.0748,64.38,0.132,1
Custom|eightsignal_cold|2,Custom,eightsignal_cold,2,26,2.0,25.4,70.601,INT8,1,Normal,tench,tench,1,0.6406,45.35,0.443,1
Custom|eightsignal_cold|2,Custom,eightsignal_cold,2,27,0.0,25.4,70.114,INT8,1,Normal,garbage truck,garbage truck,1,0.8867,45.35,0.437,0
Custom|eightsignal_cold|2,Custom,eightsignal_cold,2,28,0.0,25.4,70.601,INT8,1,Normal,golf ball,face powder,0,0.2422,45.38,0.44,0
Custom|eightsignal_cold|2,Custom,eightsignal_cold,2,29,0.0,25.4,71.575,FP32,0,Normal,cassette player,cassette,0,0.9074,64.51,0.442,1
Custom|eightsignal_cold|2,Custom,eightsignal_cold,2,30,0.0,25.4,70.114,FP32,0,Normal,chain saw,chain saw,1,0.9744,64.45,0.44,0
Custom|eightsignal_cold|2,Custom,eightsignal_cold,2,31,0.0,25.4,70.114,FP32,0,Normal,church,bell cote,0,0.6433,108.85,0.436,0
Custom|eightsignal_cold|2,Custom,eightsignal_cold,2,32,0.0,25.4,71.088,FP32,0,Normal,unknown,parachute,,0.1668,64.67,0.446,0
Custom|eightsignal_cold|2,Custom,eightsignal_cold,2,33,2.0,25.4,71.088,INT8,1,Normal,unknown,English springer,,0.2969,45.4,0.511,1
Custom|eightsignal_cold|2,Custom,eightsignal_cold,2,34,0.0,25.4,71.575,INT8,1,Normal,golf ball,golf ball,1,0.9062,45.39,0.442,0
Custom|eightsignal_cold|2,Custom,eightsignal_cold,2,35,0.0,25.4,70.601,INT8,1,Normal,unknown,French horn,,0.9102,45.37,0.437,0
Custom|eightsignal_cold|2,Custom,eightsignal_cold,2,36,0.0,25.4,69.627,INT8,1,Normal,parachute,balloon,0,0.9766,45.36,0.439,0
Custom|eightsignal_cold|2,Custom,eightsignal_cold,2,37,0.0,25.4,69.627,INT8,1,Normal,unknown,fountain pen,,0.793,45.34,0.439,0
Custom|eightsignal_cold|2,Custom,eightsignal_cold,2,38,2.0,25.4,70.114,INT8,1,Normal,unknown,iPod,,0.2578,45.5,0.439,0
Custom|eightsignal_cold|2,Custom,eightsignal_cold,2,39,0.0,25.4,70.601,INT8,1,Normal,unknown,jellyfish,,0.0664,45.36,0.441,0
Custom|eightsignal_cold|2,Custom,eightsignal_cold,2,40,100.0,26.2,75.471,INT8,1,Stressed,tench,tench,1,0.6406,89.39,0.135,0
Custom|eightsignal_cold|2,Custom,eightsignal_cold,2,41,100.0,26.2,76.445,INT8,1,Stressed,garbage truck,garbage truck,1,0.8867,93.39,0.136,0
Custom|eightsignal_cold|2,Custom,eightsignal_cold,2,42,100.0,26.2,78.88,INT8,1,Stressed,golf ball,face powder,0,0.2422,93.73,0.135,0
Custom|eightsignal_cold|2,Custom,eightsignal_cold,2,43,100.0,26.2,78.393,INT8,1,Stressed,cassette player,cassette,0,0.8359,89.4,0.45,0
Custom|eightsignal_cold|2,Custom,eightsignal_cold,2,44,100.0,26.2,78.393,FP32,0,Stressed,chain saw,chain saw,1,0.9744,118.27,4.469,1
Custom|eightsignal_cold|2,Custom,eightsignal_cold,2,45,100.0,26.2,80.341,INT8,1,Stressed,church,bell cote,0,0.3516,89.89,0.134,1
Custom|eightsignal_cold|2,Custom,eightsignal_cold,2,46,100.0,26.2,81.315,INT8,1,Stressed,unknown,parachute,,0.2305,89.7,0.446,0
Custom|eightsignal_cold|2,Custom,eightsignal_cold,2,47,100.0,26.2,81.802,INT8,1,Stressed,unknown,English springer,,0.2969,93.7,0.133,0
Custom|eightsignal_cold|2,Custom,eightsignal_cold,2,48,100.0,26.2,80.828,FP32,0,Stressed,golf ball,golf ball,1,0.8637,118.18,0.481,1
Custom|eightsignal_cold|2,Custom,eightsignal_cold,2,49,100.0,26.2,80.828,INT8,1,Stressed,unknown,French horn,,0.9102,94.57,0.138,1
Custom|eightsignal_cold|2,Custom,eightsignal_cold,2,50,100.0,26.2,82.289,INT8,1,Stressed,parachute,balloon,0,0.9766,89.72,0.135,0
Custom|eightsignal_cold|2,Custom,eightsignal_cold,2,51,100.0,26.2,82.289,INT8,1,Stressed,unknown,fountain pen,,0.793,90.19,0.139,0
Custom|eightsignal_cold|2,Custom,eightsignal_cold,2,52,100.0,26.2,81.802,FP32,0,Stressed,unknown,iPod,,0.2564,95.38,0.502,1
Custom|eightsignal_cold|2,Custom,eightsignal_cold,2,53,100.0,26.5,82.289,INT8,1,Stressed,unknown,jellyfish,,0.0664,96.16,0.144,1
Custom|eightsignal_cold|2,Custom,eightsignal_cold,2,54,100.0,26.5,82.289,INT8,1,Stressed,tench,tench,1,0.6406,98.1,0.511,0
Custom|eightsignal_cold|2,Custom,eightsignal_cold,2,55,100.0,26.5,82.289,INT8,1,Stressed,garbage truck,garbage truck,1,0.8867,103.48,0.148,0
Custom|eightsignal_cold|2,Custom,eightsignal_cold,2,56,100.0,26.5,83.263,INT8,1,Stressed,golf ball,face powder,0,0.2422,96.13,0.154,0
Custom|eightsignal_cold|2,Custom,eightsignal_cold,2,57,100.0,26.5,82.289,INT8,1,Stressed,cassette player,cassette,0,0.8359,94.47,0.135,0
Custom|eightsignal_cold|2,Custom,eightsignal_cold,2,58,100.0,26.5,82.776,INT8,1,Stressed,chain saw,chain saw,1,0.9648,95.8,0.148,0
Custom|eightsignal_cold|2,Custom,eightsignal_cold,2,59,100.0,26.5,83.263,INT8,1,Stressed,church,bell cote,0,0.3516,91.19,0.152,0
Custom|eightsignal_cold|3,Custom,eightsignal_cold,3,0,0.0,25.6,80.341,FP32,0,Normal,golf ball,soccer ball,0,0.4077,65.1,0.344,0
Custom|eightsignal_cold|3,Custom,eightsignal_cold,3,1,0.0,25.6,78.88,INT8,1,Normal,cassette player,cassette,0,0.8359,45.4,0.345,1
Custom|eightsignal_cold|3,Custom,eightsignal_cold,3,2,0.0,25.6,79.367,INT8,1,Normal,chain saw,chain saw,1,0.9648,45.46,0.413,0
Custom|eightsignal_cold|3,Custom,eightsignal_cold,3,3,0.0,25.6,78.393,INT8,1,Normal,church,bell cote,0,0.3516,45.43,0.414,0
Custom|eightsignal_cold|3,Custom,eightsignal_cold,3,4,0.0,25.6,76.932,INT8,1,Normal,unknown,parachute,,0.2305,46.11,0.417,0
Custom|eightsignal_cold|3,Custom,eightsignal_cold,3,5,0.0,25.6,76.445,FP32,0,Normal,unknown,Welsh springer spaniel,,0.3887,65.28,0.424,1
Custom|eightsignal_cold|3,Custom,eightsignal_cold,3,6,0.0,25.6,75.958,INT8,1,Normal,golf ball,golf ball,1,0.9062,91.99,0.994,1
Custom|eightsignal_cold|3,Custom,eightsignal_cold,3,7,0.0,25.6,76.445,INT8,1,Normal,unknown,French horn,,0.9102,45.42,0.431,0
Custom|eightsignal_cold|3,Custom,eightsignal_cold,3,8,0.0,25.3,74.984,INT8,1,Normal,parachute,balloon,0,0.9766,45.46,0.438,0
Custom|eightsignal_cold|3,Custom,eightsignal_cold,3,9,0.0,25.3,74.984,INT8,1,Normal,unknown,fountain pen,,0.793,45.41,0.437,0
Custom|eightsignal_cold|3,Custom,eightsignal_cold,3,10,0.0,25.3,73.036,INT8,1,Normal,unknown,iPod,,0.2578,45.72,0.434,0
Custom|eightsignal_cold|3,Custom,eightsignal_cold,3,11,0.0,25.4,73.523,FP32,0,Normal,unknown,hummingbird,,0.0748,65.01,0.13,1
Custom|eightsignal_cold|3,Custom,eightsignal_cold,3,12,0.0,25.4,73.523,FP32,0,Normal,tench,tench,1,0.7216,64.83,0.128,0
Custom|eightsignal_cold|3,Custom,eightsignal_cold,3,13,0.0,25.4,72.549,FP32,0,Normal,garbage truck,garbage truck,1,0.883,64.7,0.436,0
Custom|eightsignal_cold|3,Custom,eightsignal_cold,3,14,0.0,25.4,73.036,FP32,0,Normal,golf ball,soccer ball,0,0.4077,64.85,0.493,0
Custom|eightsignal_cold|3,Custom,eightsignal_cold,3,15,0.0,25.4,72.062,INT8,1,Normal,cassette player,cassette,0,0.8359,87.94,0.9,1
Custom|eightsignal_cold|3,Custom,eightsignal_cold,3,16,0.0,25.4,72.549,INT8,1,Normal,chain saw,chain saw,1,0.9648,45.39,0.437,0
Custom|eightsignal_cold|3,Custom,eightsignal_cold,3,17,0.0,25.4,73.523,INT8,1,Normal,church,bell cote,0,0.3516,45.39,0.436,0
Custom|eightsignal_cold|3,Custom,eightsignal_cold,3,18,0.0,25.4,72.062,FP32,0,Normal,unknown,parachute,,0.1668,64.69,0.439,1
Custom|eightsignal_cold|3,Custom,eightsignal_cold,3,19,0.0,25.4,72.549,INT8,1,Normal,unknown,English springer,,0.2969,45.39,0.432,1
Custom|eightsignal_cold|3,Custom,eightsignal_cold,3,20,0.0,25.4,71.575,INT8,1,Normal,golf ball,golf ball,1,0.9062,45.41,0.438,0
Custom|eightsignal_cold|3,Custom,eightsignal_cold,3,21,0.0,25.4,71.575,INT8,1,Normal,unknown,French horn,,0.9102,45.42,0.435,0
Custom|eightsignal_cold|3,Custom,eightsignal_cold,3,22,2.0,25.5,70.601,INT8,1,Normal,parachute,balloon,0,0.9766,45.56,0.443,0
Custom|eightsignal_cold|3,Custom,eightsignal_cold,3,23,0.0,25.5,71.088,INT8,1,Normal,unknown,fountain pen,,0.793,45.39,0.437,0
Custom|eightsignal_cold|3,Custom,eightsignal_cold,3,24,0.0,25.5,71.088,INT8,1,Normal,unknown,iPod,,0.2578,45.41,0.897,0
Custom|eightsignal_cold|3,Custom,eightsignal_cold,3,25,0.0,25.5,70.601,INT8,1,Normal,unknown,jellyfish,,0.0664,45.4,0.439,0
Custom|eightsignal_cold|3,Custom,eightsignal_cold,3,26,0.0,25.5,69.627,FP32,0,Normal,tench,tench,1,0.7216,64.86,0.133,1
Custom|eightsignal_cold|3,Custom,eightsignal_cold,3,27,0.0,25.5,70.114,INT8,1,Normal,garbage truck,garbage truck,1,0.8867,45.39,0.44,1
Custom|eightsignal_cold|3,Custom,eightsignal_cold,3,28,2.0,25.5,70.601,INT8,1,Normal,golf ball,face powder,0,0.2422,45.39,0.131,0
Custom|eightsignal_cold|3,Custom,eightsignal_cold,3,29,0.0,25.5,69.14,INT8,1,Normal,cassette player,cassette,0,0.8359,45.4,0.131,0
Custom|eightsignal_cold|3,Custom,eightsignal_cold,3,30,0.0,25.5,69.627,INT8,1,Normal,chain saw,chain saw,1,0.9648,45.38,0.437,0
Custom|eightsignal_cold|3,Custom,eightsignal_cold,3,31,0.0,25.5,70.114,INT8,1,Normal,church,bell cote,0,0.3516,45.57,0.437,0
Custom|eightsignal_cold|3,Custom,eightsignal_cold,3,32,0.0,25.5,69.627,INT8,1,Normal,unknown,parachute,,0.2305,45.39,0.483,0
Custom|eightsignal_cold|3,Custom,eightsignal_cold,3,33,0.0,25.5,70.601,FP32,0,Normal,unknown,Welsh springer spaniel,,0.3887,99.04,0.902,1
Custom|eightsignal_cold|3,Custom,eightsignal_cold,3,34,0.0,25.5,68.166,INT8,1,Normal,golf ball,golf ball,1,0.9062,93.5,1.084,1
Custom|eightsignal_cold|3,Custom,eightsignal_cold,3,35,0.0,25.5,69.14,INT8,1,Normal,unknown,French horn,,0.9102,45.41,0.552,0
Custom|eightsignal_cold|3,Custom,eightsignal_cold,3,36,2.0,25.1,69.627,INT8,1,Normal,parachute,balloon,0,0.9766,45.38,0.445,0
Custom|eightsignal_cold|3,Custom,eightsignal_cold,3,37,0.0,25.1,69.14,INT8,1,Normal,unknown,fountain pen,,0.793,45.37,0.438,0
Custom|eightsignal_cold|3,Custom,eightsignal_cold,3,38,0.0,25.1,69.627,INT8,1,Normal,unknown,iPod,,0.2578,45.38,0.44,0
Custom|eightsignal_cold|3,Custom,eightsignal_cold,3,39,0.0,25.5,69.627,INT8,1,Normal,unknown,jellyfish,,0.0664,45.42,0.44,0
Custom|eightsignal_cold|3,Custom,eightsignal_cold,3,40,100.0,26.2,75.958,INT8,1,Stressed,tench,tench,1,0.6406,93.28,0.137,0
Custom|eightsignal_cold|3,Custom,eightsignal_cold,3,41,100.0,26.2,76.932,INT8,1,Stressed,garbage truck,garbage truck,1,0.8867,93.39,0.134,0
Custom|eightsignal_cold|3,Custom,eightsignal_cold,3,42,100.0,26.2,78.393,INT8,1,Stressed,golf ball,face powder,0,0.2422,89.47,0.137,0
Custom|eightsignal_cold|3,Custom,eightsignal_cold,3,43,100.0,26.2,78.88,INT8,1,Stressed,cassette player,cassette,0,0.8359,89.58,0.442,0
Custom|eightsignal_cold|3,Custom,eightsignal_cold,3,44,100.0,26.2,78.88,INT8,1,Stressed,chain saw,chain saw,1,0.9648,89.87,0.134,0
Custom|eightsignal_cold|3,Custom,eightsignal_cold,3,45,100.0,26.2,79.367,FP32,0,Stressed,church,bell cote,0,0.6433,133.94,0.453,1
Custom|eightsignal_cold|3,Custom,eightsignal_cold,3,46,100.0,26.2,80.341,INT8,1,Stressed,unknown,parachute,,0.2305,89.44,0.133,1
Custom|eightsignal_cold|3,Custom,eightsignal_cold,3,47,100.0,26.2,80.341,INT8,1,Stressed,unknown,English springer,,0.2969,89.46,0.471,0
Custom|eightsignal_cold|3,Custom,eightsignal_cold,3,48,100.0,26.2,80.828,INT8,1,Stressed,golf ball,golf ball,1,0.9062,93.68,0.477,0
Custom|eightsignal_cold|3,Custom,eightsignal_cold,3,49,100.0,26.2,81.315,INT8,1,Stressed,unknown,French horn,,0.9102,90.0,0.136,0
Custom|eightsignal_cold|3,Custom,eightsignal_cold,3,50,100.0,27.0,80.828,INT8,1,Stressed,parachute,balloon,0,0.9766,94.17,0.135,0
Custom|eightsignal_cold|3,Custom,eightsignal_cold,3,51,100.0,26.8,81.315,INT8,1,Stressed,unknown,fountain pen,,0.793,89.51,0.131,0
Custom|eightsignal_cold|3,Custom,eightsignal_cold,3,52,100.0,26.8,82.289,INT8,1,Stressed,unknown,iPod,,0.2578,89.75,0.138,0
Custom|eightsignal_cold|3,Custom,eightsignal_cold,3,53,100.0,26.9,82.776,INT8,1,Stressed,unknown,jellyfish,,0.0664,89.76,0.14,0
Custom|eightsignal_cold|3,Custom,eightsignal_cold,3,54,100.0,26.8,82.776,FP32,0,Stressed,tench,tench,1,0.7216,131.57,0.495,1
Custom|eightsignal_cold|3,Custom,eightsignal_cold,3,55,100.0,26.8,82.776,INT8,1,Stressed,garbage truck,garbage truck,1,0.8867,95.51,0.141,1
Custom|eightsignal_cold|3,Custom,eightsignal_cold,3,56,100.0,26.7,83.263,INT8,1,Stressed,golf ball,face powder,0,0.2422,96.42,0.143,0
Custom|eightsignal_cold|3,Custom,eightsignal_cold,3,57,100.0,26.6,82.776,INT8,1,Stressed,cassette player,cassette,0,0.8359,96.38,0.464,0
Custom|eightsignal_cold|3,Custom,eightsignal_cold,3,58,100.0,26.5,83.263,FP32,0,Stressed,chain saw,chain saw,1,0.9744,138.68,0.461,1
Custom|eightsignal_cold|3,Custom,eightsignal_cold,3,59,100.0,26.4,83.263,INT8,1,Stressed,church,bell cote,0,0.3516,97.16,0.143,1
Custom|eightsignal_warm|1,Custom,eightsignal_warm,1,0,0.0,25.6,80.828,FP32,0,Normal,golf ball,soccer ball,0,0.4077,64.94,0.338,0
Custom|eightsignal_warm|1,Custom,eightsignal_warm,1,1,0.0,25.6,80.341,INT8,1,Normal,cassette player,cassette,0,0.8359,45.37,0.342,1
Custom|eightsignal_warm|1,Custom,eightsignal_warm,1,2,0.0,25.6,78.393,INT8,1,Normal,chain saw,chain saw,1,0.9648,45.36,0.412,0
Custom|eightsignal_warm|1,Custom,eightsignal_warm,1,3,2.0,25.6,78.393,INT8,1,Normal,church,bell cote,0,0.3516,45.38,0.112,0
Custom|eightsignal_warm|1,Custom,eightsignal_warm,1,4,0.0,25.6,77.419,FP32,0,Normal,unknown,parachute,,0.1668,64.74,0.11,1
Custom|eightsignal_warm|1,Custom,eightsignal_warm,1,5,0.0,25.6,76.932,INT8,1,Normal,unknown,English springer,,0.2969,45.38,0.422,1
Custom|eightsignal_warm|1,Custom,eightsignal_warm,1,6,0.0,25.6,75.958,INT8,1,Normal,golf ball,golf ball,1,0.9062,45.39,0.423,0
Custom|eightsignal_warm|1,Custom,eightsignal_warm,1,7,0.0,25.6,75.471,INT8,1,Normal,unknown,French horn,,0.9102,45.44,0.431,0
Custom|eightsignal_warm|1,Custom,eightsignal_warm,1,8,0.0,25.1,74.984,FP32,0,Normal,parachute,balloon,0,0.9727,100.98,1.108,1
Custom|eightsignal_warm|1,Custom,eightsignal_warm,1,9,0.0,25.1,74.497,FP32,0,Normal,unknown,fountain pen,,0.79,65.18,0.436,0
Custom|eightsignal_warm|1,Custom,eightsignal_warm,1,10,0.0,25.1,74.01,INT8,1,Normal,unknown,iPod,,0.2578,45.4,0.438,1
Custom|eightsignal_warm|1,Custom,eightsignal_warm,1,11,0.0,25.2,73.036,INT8,1,Normal,unknown,jellyfish,,0.0664,45.47,0.132,0
Custom|eightsignal_warm|1,Custom,eightsignal_warm,1,12,0.0,25.2,73.036,INT8,1,Normal,tench,tench,1,0.6406,45.38,0.131,0
Custom|eightsignal_warm|1,Custom,eightsignal_warm,1,13,0.0,25.2,72.549,FP32,0,Normal,garbage truck,garbage truck,1,0.883,65.2,0.434,1
Custom|eightsignal_warm|1,Custom,eightsignal_warm,1,14,2.0,25.2,72.062,FP32,0,Normal,golf ball,soccer ball,0,0.4077,65.16,0.438,0
Custom|eightsignal_warm|1,Custom,eightsignal_warm,1,15,0.0,25.2,73.523,INT8,1,Normal,cassette player,cassette,0,0.8359,45.42,0.441,1
Custom|eightsignal_warm|1,Custom,eightsignal_warm,1,16,0.0,25.2,72.549,INT8,1,Normal,chain saw,chain saw,1,0.9648,45.44,0.44,0
Custom|eightsignal_warm|1,Custom,eightsignal_warm,1,17,0.0,25.2,72.549,INT8,1,Normal,church,bell cote,0,0.3516,95.73,0.441,0
Custom|eightsignal_warm|1,Custom,eightsignal_warm,1,18,2.0,25.2,71.575,FP32,0,Normal,unknown,parachute,,0.1668,65.32,0.441,1
Custom|eightsignal_warm|1,Custom,eightsignal_warm,1,19,0.0,25.2,71.575,INT8,1,Normal,unknown,English springer,,0.2969,45.46,0.436,1
Custom|eightsignal_warm|1,Custom,eightsignal_warm,1,20,0.0,25.2,71.575,INT8,1,Normal,golf ball,golf ball,1,0.9062,45.46,0.432,0
Custom|eightsignal_warm|1,Custom,eightsignal_warm,1,21,0.0,25.2,71.088,INT8,1,Normal,unknown,French horn,,0.9102,45.49,0.435,0
Custom|eightsignal_warm|1,Custom,eightsignal_warm,1,22,0.0,25.8,71.575,INT8,1,Normal,parachute,balloon,0,0.9766,45.46,0.44,0
Custom|eightsignal_warm|1,Custom,eightsignal_warm,1,23,0.0,25.8,71.088,INT8,1,Normal,unknown,fountain pen,,0.793,45.43,0.44,0
Custom|eightsignal_warm|1,Custom,eightsignal_warm,1,24,0.0,25.7,71.088,INT8,1,Normal,unknown,iPod,,0.2578,45.42,0.443,0
Custom|eightsignal_warm|1,Custom,eightsignal_warm,1,25,0.0,25.7,70.601,INT8,1,Normal,unknown,jellyfish,,0.0664,45.46,0.432,0
Custom|eightsignal_warm|1,Custom,eightsignal_warm,1,26,0.0,25.7,70.601,FP32,0,Normal,tench,tench,1,0.7216,109.86,0.89,1
Custom|eightsignal_warm|1,Custom,eightsignal_warm,1,27,0.0,25.7,70.601,INT8,1,Normal,garbage truck,garbage truck,1,0.8867,45.38,0.49,1
Custom|eightsignal_warm|1,Custom,eightsignal_warm,1,28,0.0,25.7,69.627,INT8,1,Normal,golf ball,face powder,0,0.2422,45.38,0.495,0
Custom|eightsignal_warm|1,Custom,eightsignal_warm,1,29,0.0,25.7,69.627,INT8,1,Normal,cassette player,cassette,0,0.8359,45.35,0.192,0
Custom|eightsignal_warm|1,Custom,eightsignal_warm,1,30,0.0,25.7,71.088,FP32,0,Normal,chain saw,chain saw,1,0.9744,64.54,0.436,1
Custom|eightsignal_warm|1,Custom,eightsignal_warm,1,31,0.0,25.7,70.114,FP32,0,Normal,church,bell cote,0,0.6433,64.59,0.432,0
Custom|eightsignal_warm|1,Custom,eightsignal_warm,1,32,0.0,25.7,69.14,FP32,0,Normal,unknown,parachute,,0.1668,64.68,0.438,0
Custom|eightsignal_warm|1,Custom,eightsignal_warm,1,33,0.0,25.7,70.114,INT8,1,Normal,unknown,English springer,,0.2969,45.42,0.44,1
Custom|eightsignal_warm|1,Custom,eightsignal_warm,1,34,0.0,25.7,69.627,INT8,1,Normal,golf ball,golf ball,1,0.9062,45.4,0.434,0
Custom|eightsignal_warm|1,Custom,eightsignal_warm,1,35,2.0,25.7,68.653,INT8,1,Normal,unknown,French horn,,0.9102,45.43,0.296,0
Custom|eightsignal_warm|1,Custom,eightsignal_warm,1,36,2.0,25.2,68.653,INT8,1,Normal,parachute,balloon,0,0.9766,45.4,0.44,0
Custom|eightsignal_warm|1,Custom,eightsignal_warm,1,37,2.0,25.2,69.14,INT8,1,Normal,unknown,fountain pen,,0.793,45.38,0.441,0
Custom|eightsignal_warm|1,Custom,eightsignal_warm,1,38,0.0,25.2,69.14,FP32,0,Normal,unknown,iPod,,0.2564,64.42,0.132,1
Custom|eightsignal_warm|1,Custom,eightsignal_warm,1,39,0.0,25.2,68.166,FP32,0,Normal,unknown,hummingbird,,0.0748,64.7,0.13,0
Custom|eightsignal_warm|1,Custom,eightsignal_warm,1,40,100.0,25.8,75.958,INT8,1,Stressed,tench,tench,1,0.6406,89.41,4.494,1
Custom|eightsignal_warm|1,Custom,eightsignal_warm,1,41,100.0,25.8,76.445,INT8,1,Stressed,garbage truck,garbage truck,1,0.8867,89.41,4.486,0
Custom|eightsignal_warm|1,Custom,eightsignal_warm,1,42,100.0,25.8,77.906,INT8,1,Stressed,golf ball,face powder,0,0.2422,89.72,4.473,0
Custom|eightsignal_warm|1,Custom,eightsignal_warm,1,43,100.0,25.8,77.906,FP32,0,Stressed,cassette player,cassette,0,0.9074,135.11,0.442,1
Custom|eightsignal_warm|1,Custom,eightsignal_warm,1,44,100.0,25.8,78.393,INT8,1,Stressed,chain saw,chain saw,1,0.9648,89.84,0.134,1
Custom|eightsignal_warm|1,Custom,eightsignal_warm,1,45,100.0,25.8,80.341,INT8,1,Stressed,church,bell cote,0,0.3516,93.98,0.13,0
Custom|eightsignal_warm|1,Custom,eightsignal_warm,1,46,100.0,25.8,78.88,INT8,1,Stressed,unknown,parachute,,0.2305,89.72,0.481,0
Custom|eightsignal_warm|1,Custom,eightsignal_warm,1,47,100.0,25.8,81.315,INT8,1,Stressed,unknown,English springer,,0.2969,89.66,0.138,0
Custom|eightsignal_warm|1,Custom,eightsignal_warm,1,48,100.0,25.8,79.854,FP32,0,Stressed,golf ball,golf ball,1,0.8637,129.55,0.462,1
Custom|eightsignal_warm|1,Custom,eightsignal_warm,1,49,100.0,25.8,80.341,FP32,0,Stressed,unknown,French horn,,0.909,133.83,0.472,0
Custom|eightsignal_warm|1,Custom,eightsignal_warm,1,50,100.0,26.6,82.289,INT8,1,Stressed,parachute,balloon,0,0.9766,94.78,0.135,1
Custom|eightsignal_warm|1,Custom,eightsignal_warm,1,51,100.0,26.4,82.289,INT8,1,Stressed,unknown,fountain pen,,0.793,93.79,4.169,0
Custom|eightsignal_warm|1,Custom,eightsignal_warm,1,52,100.0,26.4,82.776,INT8,1,Stressed,unknown,iPod,,0.2578,90.92,0.14,0
Custom|eightsignal_warm|1,Custom,eightsignal_warm,1,53,100.0,26.7,81.802,FP32,0,Stressed,unknown,hummingbird,,0.0748,134.91,4.601,1
Custom|eightsignal_warm|1,Custom,eightsignal_warm,1,54,100.0,26.5,82.289,INT8,1,Stressed,tench,tench,1,0.6406,94.11,0.134,1
Custom|eightsignal_warm|1,Custom,eightsignal_warm,1,55,100.0,26.5,81.802,INT8,1,Stressed,garbage truck,garbage truck,1,0.8867,94.03,0.134,0
Custom|eightsignal_warm|1,Custom,eightsignal_warm,1,56,100.0,26.4,82.289,INT8,1,Stressed,golf ball,face powder,0,0.2422,94.22,0.128,0
Custom|eightsignal_warm|1,Custom,eightsignal_warm,1,57,100.0,26.3,82.776,FP32,0,Stressed,cassette player,cassette,0,0.9074,115.44,0.479,1
Custom|eightsignal_warm|1,Custom,eightsignal_warm,1,58,100.0,26.3,82.289,INT8,1,Stressed,chain saw,chain saw,1,0.9648,91.04,0.13,1
Custom|eightsignal_warm|1,Custom,eightsignal_warm,1,59,100.0,26.3,84.237,INT8,1,Stressed,church,bell cote,0,0.3516,95.01,0.466,0
Custom|eightsignal_warm|2,Custom,eightsignal_warm,2,0,0.0,25.8,81.315,FP32,0,Normal,golf ball,soccer ball,0,0.4077,64.73,0.341,0
Custom|eightsignal_warm|2,Custom,eightsignal_warm,2,1,0.0,25.7,79.854,INT8,1,Normal,cassette player,cassette,0,0.8359,45.35,0.341,1
Custom|eightsignal_warm|2,Custom,eightsignal_warm,2,2,0.0,25.7,78.393,INT8,1,Normal,chain saw,chain saw,1,0.9648,45.38,0.412,0
Custom|eightsignal_warm|2,Custom,eightsignal_warm,2,3,0.0,25.7,77.906,INT8,1,Normal,church,bell cote,0,0.3516,45.39,0.417,0
Custom|eightsignal_warm|2,Custom,eightsignal_warm,2,4,0.0,25.7,78.393,INT8,1,Normal,unknown,parachute,,0.2305,45.36,0.42,0
Custom|eightsignal_warm|2,Custom,eightsignal_warm,2,5,2.0,25.7,75.958,FP32,0,Normal,unknown,Welsh springer spaniel,,0.3887,64.89,0.474,1
Custom|eightsignal_warm|2,Custom,eightsignal_warm,2,6,0.0,25.7,75.471,INT8,1,Normal,golf ball,golf ball,1,0.9062,45.37,0.427,1
Custom|eightsignal_warm|2,Custom,eightsignal_warm,2,7,2.0,25.7,75.958,INT8,1,Normal,unknown,French horn,,0.9102,45.48,0.432,0
Custom|eightsignal_warm|2,Custom,eightsignal_warm,2,8,0.0,25.4,75.471,INT8,1,Normal,parachute,balloon,0,0.9766,45.4,0.126,0
Custom|eightsignal_warm|2,Custom,eightsignal_warm,2,9,0.0,25.4,74.497,INT8,1,Normal,unknown,fountain pen,,0.793,91.25,0.434,0
Custom|eightsignal_warm|2,Custom,eightsignal_warm,2,10,0.0,25.2,74.984,INT8,1,Normal,unknown,iPod,,0.2578,45.4,0.442,0
Custom|eightsignal_warm|2,Custom,eightsignal_warm,2,11,0.0,25.6,75.471,FP32,0,Normal,unknown,hummingbird,,0.0748,65.18,0.442,1
Custom|eightsignal_warm|2,Custom,eightsignal_warm,2,12,0.0,25.6,74.01,FP32,0,Normal,tench,tench,1,0.7216,65.19,0.132,0
Custom|eightsignal_warm|2,Custom,eightsignal_warm,2,13,2.0,25.6,74.01,INT8,1,Normal,garbage truck,garbage truck,1,0.8867,45.41,0.442,1
Custom|eightsignal_warm|2,Custom,eightsignal_warm,2,14,0.0,25.6,73.523,INT8,1,Normal,golf ball,face powder,0,0.2422,45.42,0.435,0
Custom|eightsignal_warm|2,Custom,eightsignal_warm,2,15,0.0,25.6,73.523,INT8,1,Normal,cassette player,cassette,0,0.8359,45.38,0.438,0
Custom|eightsignal_warm|2,Custom,eightsignal_warm,2,16,0.0,25.6,73.523,INT8,1,Normal,chain saw,chain saw,1,0.9648,45.47,0.437,0
Custom|eightsignal_warm|2,Custom,eightsignal_warm,2,17,0.0,25.6,72.549,INT8,1,Normal,church,bell cote,0,0.3516,45.4,0.437,0
Custom|eightsignal_warm|2,Custom,eightsignal_warm,2,18,0.0,25.6,73.036,INT8,1,Normal,unknown,parachute,,0.2305,91.86,0.435,0
Custom|eightsignal_warm|2,Custom,eightsignal_warm,2,19,0.0,25.6,71.575,INT8,1,Normal,unknown,English springer,,0.2969,45.5,0.438,0
Custom|eightsignal_warm|2,Custom,eightsignal_warm,2,20,0.0,25.6,71.575,INT8,1,Normal,golf ball,golf ball,1,0.9062,45.4,0.443,0
Custom|eightsignal_warm|2,Custom,eightsignal_warm,2,21,0.0,25.6,72.549,INT8,1,Normal,unknown,French horn,,0.9102,45.44,0.437,0
Custom|eightsignal_warm|2,Custom,eightsignal_warm,2,22,0.0,25.3,71.575,INT8,1,Normal,parachute,balloon,0,0.9766,45.4,0.439,0
Custom|eightsignal_warm|2,Custom,eightsignal_warm,2,23,0.0,25.3,71.088,FP32,0,Normal,unknown,fountain pen,,0.79,65.16,0.127,1
Custom|eightsignal_warm|2,Custom,eightsignal_warm,2,24,0.0,25.3,71.088,FP32,0,Normal,unknown,iPod,,0.2564,65.14,0.125,0
Custom|eightsignal_warm|2,Custom,eightsignal_warm,2,25,0.0,25.5,70.601,FP32,0,Normal,unknown,hummingbird,,0.0748,65.19,0.129,0
Custom|eightsignal_warm|2,Custom,eightsignal_warm,2,26,0.0,25.5,71.575,INT8,1,Normal,tench,tench,1,0.6406,45.4,0.435,1
Custom|eightsignal_warm|2,Custom,eightsignal_warm,2,27,0.0,25.5,71.088,INT8,1,Normal,garbage truck,garbage truck,1,0.8867,98.12,0.895,0
Custom|eightsignal_warm|2,Custom,eightsignal_warm,2,28,0.0,25.5,71.088,INT8,1,Normal,golf ball,face powder,0,0.2422,45.43,0.434,0
Custom|eightsignal_warm|2,Custom,eightsignal_warm,2,29,0.0,25.5,70.601,FP32,0,Normal,cassette player,cassette,0,0.9074,65.2,0.438,1
Custom|eightsignal_warm|2,Custom,eightsignal_warm,2,30,0.0,25.5,70.601,FP32,0,Normal,chain saw,chain saw,1,0.9744,65.14,0.503,0
Custom|eightsignal_warm|2,Custom,eightsignal_warm,2,31,0.0,25.5,71.575,FP32,0,Normal,church,bell cote,0,0.6433,65.17,0.438,0
Custom|eightsignal_warm|2,Custom,eightsignal_warm,2,32,2.0,25.5,70.114,FP32,0,Normal,unknown,parachute,,0.1668,65.21,0.447,0
Custom|eightsignal_warm|2,Custom,eightsignal_warm,2,33,0.0,25.5,70.601,INT8,1,Normal,unknown,English springer,,0.2969,45.42,0.44,1
Custom|eightsignal_warm|2,Custom,eightsignal_warm,2,34,0.0,25.5,70.114,INT8,1,Normal,golf ball,golf ball,1,0.9062,45.54,0.442,0
Custom|eightsignal_warm|2,Custom,eightsignal_warm,2,35,2.0,25.5,70.114,INT8,1,Normal,unknown,French horn,,0.9102,45.52,0.446,0
Custom|eightsignal_warm|2,Custom,eightsignal_warm,2,36,0.0,25.2,69.14,INT8,1,Normal,parachute,balloon,0,0.9766,91.37,0.905,0
Custom|eightsignal_warm|2,Custom,eightsignal_warm,2,37,0.0,25.2,69.627,INT8,1,Normal,unknown,fountain pen,,0.793,45.4,0.442,0
Custom|eightsignal_warm|2,Custom,eightsignal_warm,2,38,0.0,25.2,70.114,INT8,1,Normal,unknown,iPod,,0.2578,45.42,0.44,0
Custom|eightsignal_warm|2,Custom,eightsignal_warm,2,39,2.0,25.6,70.114,FP32,0,Normal,unknown,hummingbird,,0.0748,65.15,0.442,1
Custom|eightsignal_warm|2,Custom,eightsignal_warm,2,40,100.0,26.2,75.958,INT8,1,Stressed,tench,tench,1,0.6406,93.43,0.136,1
Custom|eightsignal_warm|2,Custom,eightsignal_warm,2,41,100.0,26.2,77.906,INT8,1,Stressed,garbage truck,garbage truck,1,0.8867,93.39,0.455,0
Custom|eightsignal_warm|2,Custom,eightsignal_warm,2,42,100.0,26.2,78.393,INT8,1,Stressed,golf ball,face powder,0,0.2422,93.81,0.137,0
Custom|eightsignal_warm|2,Custom,eightsignal_warm,2,43,100.0,26.2,79.367,FP32,0,Stressed,cassette player,cassette,0,0.9074,135.33,0.448,1
Custom|eightsignal_warm|2,Custom,eightsignal_warm,2,44,100.0,26.2,78.88,INT8,1,Stressed,chain saw,chain saw,1,0.9648,89.86,4.483,1
Custom|eightsignal_warm|2,Custom,eightsignal_warm,2,45,100.0,26.2,79.367,INT8,1,Stressed,church,bell cote,0,0.3516,89.77,0.132,0
Custom|eightsignal_warm|2,Custom,eightsignal_warm,2,46,100.0,26.2,80.828,INT8,1,Stressed,unknown,parachute,,0.2305,93.76,0.481,0
Custom|eightsignal_warm|2,Custom,eightsignal_warm,2,47,100.0,26.2,81.315,INT8,1,Stressed,unknown,English springer,,0.2969,89.67,0.141,0
Custom|eightsignal_warm|2,Custom,eightsignal_warm,2,48,100.0,26.2,81.802,FP32,0,Stressed,golf ball,golf ball,1,0.8637,130.1,0.475,1
Custom|eightsignal_warm|2,Custom,eightsignal_warm,2,49,100.0,26.2,81.315,INT8,1,Stressed,unknown,French horn,,0.9102,90.13,0.144,1
Custom|eightsignal_warm|2,Custom,eightsignal_warm,2,50,100.0,26.2,82.289,INT8,1,Stressed,parachute,balloon,0,0.9766,89.37,0.142,0
Custom|eightsignal_warm|2,Custom,eightsignal_warm,2,51,100.0,26.2,82.776,INT8,1,Stressed,unknown,fountain pen,,0.793,94.36,0.143,0
Custom|eightsignal_warm|2,Custom,eightsignal_warm,2,52,100.0,26.2,81.802,FP32,0,Stressed,unknown,iPod,,0.2564,124.4,0.468,1
Custom|eightsignal_warm|2,Custom,eightsignal_warm,2,53,100.0,26.6,82.289,INT8,1,Stressed,unknown,jellyfish,,0.0664,96.1,0.14,1
Custom|eightsignal_warm|2,Custom,eightsignal_warm,2,54,100.0,26.6,82.776,INT8,1,Stressed,tench,tench,1,0.6406,101.0,0.586,0
Custom|eightsignal_warm|2,Custom,eightsignal_warm,2,55,100.0,26.6,83.263,INT8,1,Stressed,garbage truck,garbage truck,1,0.8867,90.86,0.151,0
Custom|eightsignal_warm|2,Custom,eightsignal_warm,2,56,100.0,26.6,82.776,INT8,1,Stressed,golf ball,face powder,0,0.2422,97.08,0.136,0
Custom|eightsignal_warm|2,Custom,eightsignal_warm,2,57,100.0,25.9,82.776,FP32,0,Stressed,cassette player,cassette,0,0.9074,136.05,0.475,1
Custom|eightsignal_warm|2,Custom,eightsignal_warm,2,58,100.0,25.9,82.289,INT8,1,Stressed,chain saw,chain saw,1,0.9648,101.54,0.142,1
Custom|eightsignal_warm|2,Custom,eightsignal_warm,2,59,100.0,25.9,83.263,INT8,1,Stressed,church,bell cote,0,0.3516,101.8,0.499,0
Custom|eightsignal_warm|3,Custom,eightsignal_warm,3,0,0.0,25.6,80.341,FP32,0,Normal,golf ball,soccer ball,0,0.4077,64.79,0.343,0
Custom|eightsignal_warm|3,Custom,eightsignal_warm,3,1,0.0,25.6,79.367,INT8,1,Normal,cassette player,cassette,0,0.8359,45.4,0.339,1
Custom|eightsignal_warm|3,Custom,eightsignal_warm,3,2,0.0,25.5,78.393,INT8,1,Normal,chain saw,chain saw,1,0.9648,45.39,0.414,0
Custom|eightsignal_warm|3,Custom,eightsignal_warm,3,3,0.0,25.5,77.906,INT8,1,Normal,church,bell cote,0,0.3516,45.41,0.419,0
Custom|eightsignal_warm|3,Custom,eightsignal_warm,3,4,0.0,25.5,77.419,INT8,1,Normal,unknown,parachute,,0.2305,45.39,0.417,0
Custom|eightsignal_warm|3,Custom,eightsignal_warm,3,5,0.0,25.5,76.445,FP32,0,Normal,unknown,Welsh springer spaniel,,0.3887,65.03,0.423,1
Custom|eightsignal_warm|3,Custom,eightsignal_warm,3,6,0.0,25.5,75.958,INT8,1,Normal,golf ball,golf ball,1,0.9062,45.44,0.431,1
Custom|eightsignal_warm|3,Custom,eightsignal_warm,3,7,0.0,25.5,74.984,INT8,1,Normal,unknown,French horn,,0.9102,45.41,0.509,0
Custom|eightsignal_warm|3,Custom,eightsignal_warm,3,8,0.0,25.1,75.471,INT8,1,Normal,parachute,balloon,0,0.9766,45.42,0.429,0
Custom|eightsignal_warm|3,Custom,eightsignal_warm,3,9,0.0,25.1,74.497,INT8,1,Normal,unknown,fountain pen,,0.793,45.38,0.439,0
Custom|eightsignal_warm|3,Custom,eightsignal_warm,3,10,0.0,25.1,73.523,INT8,1,Normal,unknown,iPod,,0.2578,45.42,0.435,0
Custom|eightsignal_warm|3,Custom,eightsignal_warm,3,11,0.0,25.1,73.523,FP32,0,Normal,unknown,hummingbird,,0.0748,65.19,0.439,1
Custom|eightsignal_warm|3,Custom,eightsignal_warm,3,12,0.0,25.1,73.523,INT8,1,Normal,tench,tench,1,0.6406,89.42,0.89,1
Custom|eightsignal_warm|3,Custom,eightsignal_warm,3,13,0.0,25.1,72.549,INT8,1,Normal,garbage truck,garbage truck,1,0.8867,91.99,1.072,0
Custom|eightsignal_warm|3,Custom,eightsignal_warm,3,14,0.0,25.1,73.036,INT8,1,Normal,golf ball,face powder,0,0.2422,45.4,0.438,0
Custom|eightsignal_warm|3,Custom,eightsignal_warm,3,15,0.0,25.1,73.036,INT8,1,Normal,cassette player,cassette,0,0.8359,45.39,0.434,0
Custom|eightsignal_warm|3,Custom,eightsignal_warm,3,16,0.0,25.1,71.575,INT8,1,Normal,chain saw,chain saw,1,0.9648,45.41,0.437,0
Custom|eightsignal_warm|3,Custom,eightsignal_warm,3,17,0.0,25.1,73.036,INT8,1,Normal,church,bell cote,0,0.3516,45.4,0.439,0
Custom|eightsignal_warm|3,Custom,eightsignal_warm,3,18,0.0,25.1,71.575,INT8,1,Normal,unknown,parachute,,0.2305,45.59,0.493,0
Custom|eightsignal_warm|3,Custom,eightsignal_warm,3,19,2.0,25.1,71.575,INT8,1,Normal,unknown,English springer,,0.2969,45.41,0.437,0
Custom|eightsignal_warm|3,Custom,eightsignal_warm,3,20,0.0,25.1,72.062,FP32,0,Normal,golf ball,golf ball,1,0.8637,65.26,0.13,1
Custom|eightsignal_warm|3,Custom,eightsignal_warm,3,21,0.0,25.1,70.601,INT8,1,Normal,unknown,French horn,,0.9102,45.44,0.438,1
Custom|eightsignal_warm|3,Custom,eightsignal_warm,3,22,0.0,26.0,71.088,INT8,1,Normal,parachute,balloon,0,0.9766,89.3,0.439,0
Custom|eightsignal_warm|3,Custom,eightsignal_warm,3,23,0.0,25.8,70.601,INT8,1,Normal,unknown,fountain pen,,0.793,45.4,0.438,0
Custom|eightsignal_warm|3,Custom,eightsignal_warm,3,24,0.0,25.6,70.114,INT8,1,Normal,unknown,iPod,,0.2578,45.39,0.433,0
Custom|eightsignal_warm|3,Custom,eightsignal_warm,3,25,0.0,25.7,71.575,FP32,0,Normal,unknown,hummingbird,,0.0748,64.76,0.494,1
Custom|eightsignal_warm|3,Custom,eightsignal_warm,3,26,0.0,25.7,71.575,INT8,1,Normal,tench,tench,1,0.6406,46.15,0.439,1
Custom|eightsignal_warm|3,Custom,eightsignal_warm,3,27,0.0,25.7,70.114,INT8,1,Normal,garbage truck,garbage truck,1,0.8867,45.35,0.436,0
Custom|eightsignal_warm|3,Custom,eightsignal_warm,3,28,0.0,25.7,69.14,INT8,1,Normal,golf ball,face powder,0,0.2422,45.35,0.438,0
Custom|eightsignal_warm|3,Custom,eightsignal_warm,3,29,0.0,25.7,70.114,INT8,1,Normal,cassette player,cassette,0,0.8359,45.39,0.438,0
Custom|eightsignal_warm|3,Custom,eightsignal_warm,3,30,0.0,25.7,70.114,INT8,1,Normal,chain saw,chain saw,1,0.9648,45.38,0.434,0
Custom|eightsignal_warm|3,Custom,eightsignal_warm,3,31,0.0,25.7,70.601,INT8,1,Normal,church,bell cote,0,0.3516,94.79,0.573,0
Custom|eightsignal_warm|3,Custom,eightsignal_warm,3,32,0.0,25.7,70.114,INT8,1,Normal,unknown,parachute,,0.2305,45.38,0.5,0
Custom|eightsignal_warm|3,Custom,eightsignal_warm,3,33,0.0,25.7,70.114,INT8,1,Normal,unknown,English springer,,0.2969,45.39,0.434,0
Custom|eightsignal_warm|3,Custom,eightsignal_warm,3,34,0.0,25.6,69.627,INT8,1,Normal,golf ball,golf ball,1,0.9062,45.52,0.432,0
Custom|eightsignal_warm|3,Custom,eightsignal_warm,3,35,0.0,25.6,68.653,INT8,1,Normal,unknown,French horn,,0.9102,45.37,0.433,0
Custom|eightsignal_warm|3,Custom,eightsignal_warm,3,36,0.0,25.1,68.653,INT8,1,Normal,parachute,balloon,0,0.9766,45.34,0.436,0
Custom|eightsignal_warm|3,Custom,eightsignal_warm,3,37,0.0,25.1,69.627,INT8,1,Normal,unknown,fountain pen,,0.793,45.37,0.44,0
Custom|eightsignal_warm|3,Custom,eightsignal_warm,3,38,0.0,25.1,68.653,INT8,1,Normal,unknown,iPod,,0.2578,45.45,0.432,0
Custom|eightsignal_warm|3,Custom,eightsignal_warm,3,39,0.0,25.1,70.114,INT8,1,Normal,unknown,jellyfish,,0.0664,45.4,0.436,0
Custom|eightsignal_warm|3,Custom,eightsignal_warm,3,40,100.0,25.9,76.445,INT8,1,Stressed,tench,tench,1,0.6406,89.41,0.134,0
Custom|eightsignal_warm|3,Custom,eightsignal_warm,3,41,100.0,25.9,75.958,INT8,1,Stressed,garbage truck,garbage truck,1,0.8867,89.55,0.452,0
Custom|eightsignal_warm|3,Custom,eightsignal_warm,3,42,100.0,25.9,77.419,INT8,1,Stressed,golf ball,face powder,0,0.2422,90.14,4.148,0
Custom|eightsignal_warm|3,Custom,eightsignal_warm,3,43,100.0,25.9,78.393,FP32,0,Stressed,cassette player,cassette,0,0.9074,129.21,4.461,1
Custom|eightsignal_warm|3,Custom,eightsignal_warm,3,44,100.0,25.9,78.88,INT8,1,Stressed,chain saw,chain saw,1,0.9648,93.14,0.445,1
Custom|eightsignal_warm|3,Custom,eightsignal_warm,3,45,100.0,25.9,79.854,INT8,1,Stressed,church,bell cote,0,0.3516,93.91,0.132,0
Custom|eightsignal_warm|3,Custom,eightsignal_warm,3,46,100.0,25.9,80.828,INT8,1,Stressed,unknown,parachute,,0.2305,89.98,0.452,0
Custom|eightsignal_warm|3,Custom,eightsignal_warm,3,47,100.0,25.9,80.828,INT8,1,Stressed,unknown,English springer,,0.2969,89.66,0.137,0
Custom|eightsignal_warm|3,Custom,eightsignal_warm,3,48,100.0,25.9,80.341,FP32,0,Stressed,golf ball,golf ball,1,0.8637,133.69,0.448,1
Custom|eightsignal_warm|3,Custom,eightsignal_warm,3,49,100.0,25.9,81.315,INT8,1,Stressed,unknown,French horn,,0.9102,73.66,0.138,1
Custom|eightsignal_warm|3,Custom,eightsignal_warm,3,50,100.0,26.8,81.315,INT8,1,Stressed,parachute,balloon,0,0.9766,90.32,0.135,0
Custom|eightsignal_warm|3,Custom,eightsignal_warm,3,51,100.0,26.6,82.289,INT8,1,Stressed,unknown,fountain pen,,0.793,93.39,0.137,0
Custom|eightsignal_warm|3,Custom,eightsignal_warm,3,52,100.0,26.5,81.802,INT8,1,Stressed,unknown,iPod,,0.2578,100.3,0.138,0
Custom|eightsignal_warm|3,Custom,eightsignal_warm,3,53,100.0,26.9,82.776,FP32,0,Stressed,unknown,hummingbird,,0.0748,138.28,0.494,1
Custom|eightsignal_warm|3,Custom,eightsignal_warm,3,54,100.0,26.4,82.776,INT8,1,Stressed,tench,tench,1,0.6406,95.04,0.492,1
Custom|eightsignal_warm|3,Custom,eightsignal_warm,3,55,100.0,26.4,82.289,INT8,1,Stressed,garbage truck,garbage truck,1,0.8867,90.12,0.145,0
Custom|eightsignal_warm|3,Custom,eightsignal_warm,3,56,100.0,26.4,82.289,INT8,1,Stressed,golf ball,face powder,0,0.2422,96.74,0.135,0
Custom|eightsignal_warm|3,Custom,eightsignal_warm,3,57,100.0,26.4,83.263,INT8,1,Stressed,cassette player,cassette,0,0.8359,98.16,0.472,0
Custom|eightsignal_warm|3,Custom,eightsignal_warm,3,58,100.0,26.4,82.776,INT8,1,Stressed,chain saw,chain saw,1,0.9648,95.43,0.142,0
Custom|eightsignal_warm|3,Custom,eightsignal_warm,3,59,100.0,26.4,81.802,INT8,1,Stressed,church,bell cote,0,0.3516,89.76,0.448,0
